2025-12-27T03:25:27: 
2025-12-27T03:25:27: ──────── REQUEST ────────
2025-12-27T03:25:27: scraper > songName: save me now
2025-12-27T03:25:27: scraper > linkIndex (raw): 0
2025-12-27T03:25:27: 
2025-12-27T03:25:27: ──────── GOOGLE SEARCH ────────
2025-12-27T03:25:27: scraper > Searching Google for: save me now
2025-12-27T03:25:27: scraper > Using API Key: AIza****3tvo
2025-12-27T03:25:27: scraper > Final query sent: "save me now lyrics and chords"
2025-12-27T03:25:27: scraper > Using GOOGLE_NOBILLING_API_KEY_2: AIza****sgEQ
2025-12-27T03:25:27: scraper > Using SEARCHENGINE_ID_2: 055c81ad25228427a
2025-12-27T03:25:28: scraper > Google returned 8 results
2025-12-27T03:25:28: scraper > [0] SAVE ME NOW CHORDS by Arthur Gunn @ Ultimate-Guitar.Com :: https://tabs.ultimate-guitar.com/tab/arthur-gunn/save-me-now-chords-3709568
2025-12-27T03:25:28: scraper > [1] Wisp - Save me now Chords | Tabs | Lyrics | ChordsWorld.com :: https://chordsworld.com/wisp-save-me-now-chords/
2025-12-27T03:25:28: scraper > [2] SAVE ME NOW CHORDS by Jeff Lynne @ Ultimate-Guitar.Com :: https://tabs.ultimate-guitar.com/tab/jeff-lynne/save-me-now-chords-74539
2025-12-27T03:25:28: scraper > [3] Save Me (Psalm 3) - The Worship Initiative Lyrics and Chords ... :: https://www.worshiptogether.com/songs/save-me-psalm-3-the-worship-initiative/
2025-12-27T03:25:28: scraper > [4] NO ONES GONNA SAVE ME NOW CHORDS by Benjamin Tod ... :: https://tabs.ultimate-guitar.com/tab/benjamin-tod/no-ones-gonna-save-me-now-chords-4935292
2025-12-27T03:25:28: scraper > [5] Backstreet Boys – Shape of My Heart Lyrics | Genius Lyrics :: https://genius.com/Backstreet-boys-shape-of-my-heart-lyrics
2025-12-27T03:25:28: scraper > [6] SAVE ME NOW CHORDS by Wisp @ Ultimate-Guitar.Com :: https://tabs.ultimate-guitar.com/tab/wisp/save-me-now-chords-5899130
2025-12-27T03:25:28: scraper > [7] Rex Orange County – AMAZING Lyrics | Genius Lyrics :: https://genius.com/Rex-orange-county-amazing-lyrics
2025-12-27T03:25:28: scraper > Sorted by (lyrics/chords) score.
2025-12-27T03:25:28: scraper > Chosen URL: https://chordsworld.com/wisp-save-me-now-chords/
2025-12-27T03:25:28: scraper > Chosen Title: Wisp - Save me now Chords | Tabs | Lyrics | ChordsWorld.com
2025-12-27T03:25:28: 
2025-12-27T03:25:28: ──────── NAVIGATE ────────
2025-12-27T03:25:30: scraper > page.goto done. Final URL: https://chordsworld.com/wisp-save-me-now-chords/
2025-12-27T03:25:30: scraper > HTTP status: 200
2025-12-27T03:25:42: scraper > networkidle wait skipped/timeout
2025-12-27T03:25:42: scraper > Page title: Wisp - Save me now Chords | Tabs | Lyrics | ChordsWorld.com
2025-12-27T03:25:42: scraper > HTML length: 384022
2025-12-27T03:25:42: 
2025-12-27T03:25:42: ──────── READABILITY ────────
2025-12-27T03:25:42: Error: Could not parse CSS stylesheet
2025-12-27T03:25:42:     at exports.createStylesheet (/home/ubuntu/Projects/oracle24hrs/node_modules/jsdom/lib/jsdom/living/helpers/stylesheets.js:37:21)
2025-12-27T03:25:42:     at HTMLStyleElementImpl._updateAStyleBlock (/home/ubuntu/Projects/oracle24hrs/node_modules/jsdom/lib/jsdom/living/nodes/HTMLStyleElement-impl.js:67:5)
2025-12-27T03:25:42:     at HTMLStyleElementImpl._poppedOffStackOfOpenElements (/home/ubuntu/Projects/oracle24hrs/node_modules/jsdom/lib/jsdom/living/nodes/HTMLStyleElement-impl.js:41:10)
2025-12-27T03:25:42:     at JSDOMParse5Adapter.onItemPop (/home/ubuntu/Projects/oracle24hrs/node_modules/jsdom/lib/jsdom/browser/parser/html.js:175:43)
2025-12-27T03:25:42:     at Parser.onItemPop (/home/ubuntu/Projects/oracle24hrs/node_modules/parse5/dist/cjs/parser/index.js:176:90)
2025-12-27T03:25:42:     at OpenElementStack.pop (/home/ubuntu/Projects/oracle24hrs/node_modules/parse5/dist/cjs/parser/open-element-stack.js:83:22)
2025-12-27T03:25:42:     at endTagInText (/home/ubuntu/Projects/oracle24hrs/node_modules/parse5/dist/cjs/parser/index.js:2353:20)
2025-12-27T03:25:42:     at Parser._endTagOutsideForeignContent (/home/ubuntu/Projects/oracle24hrs/node_modules/parse5/dist/cjs/parser/index.js:992:17)
2025-12-27T03:25:42:     at Parser.onEndTag (/home/ubuntu/Projects/oracle24hrs/node_modules/parse5/dist/cjs/parser/index.js:957:18)
2025-12-27T03:25:42:     at Tokenizer.emitCurrentTagToken (/home/ubuntu/Projects/oracle24hrs/node_modules/parse5/dist/cjs/tokenizer/index.js:385:26) @media (max-width: 768px) {
2025-12-27T03:25:42:     .alignright {
2025-12-27T03:25:42:         display: inline;
2025-12-27T03:25:42:         float: right;
2025-12-27T03:25:42:     }
2025-12-27T03:25:42: }
2025-12-27T03:25:42: }
2025-12-27T03:25:42: scraper > isProbablyReaderable: true
2025-12-27T03:25:42: scraper > Readability parse OK. content length: 2422
2025-12-27T03:25:42: scraper > Lines from Readability: 22
2025-12-27T03:25:42: 
2025-12-27T03:25:42: ──────── FALLBACK #1 (DENSE BLOCK) ────────
2025-12-27T03:25:42: 
2025-12-27T03:25:42: ──────── FALLBACK #2 (SITE-AWARE) ────────
2025-12-27T03:25:42: 
2025-12-27T03:25:42: ──────── RESULT ────────
2025-12-27T03:25:42: scraper > Used Readability: true Useful: true
2025-12-27T03:25:42: scraper > Final URL: https://chordsworld.com/wisp-save-me-now-chords/
2025-12-27T03:25:42: scraper > Total lines: 22
2025-12-27T03:25:42: scraper > Preview: ✕ |  | Do not sell or share my personal information. |  | You have chosen to opt-out of the sale or sharing of your information from this site and any of its affiliates. To opt back in please click the "Customize my ad experience" link. |  | This site collects information through the use of cookies …
2025-12-27T03:25:42: scraper > Browser context closed.
2025-12-27T03:25:45: 
2025-12-27T03:25:45: ──────── REQUEST ────────
2025-12-27T03:25:45: scraper > songName: save me now
2025-12-27T03:25:45: scraper > linkIndex (raw): 1
2025-12-27T03:25:45: 
2025-12-27T03:25:45: ──────── GOOGLE SEARCH ────────
2025-12-27T03:25:45: scraper > Searching Google for: save me now
2025-12-27T03:25:45: scraper > Using API Key: AIza****3tvo
2025-12-27T03:25:45: scraper > Final query sent: "save me now lyrics and chords"
2025-12-27T03:25:45: scraper > Using GOOGLE_NOBILLING_API_KEY_2: AIza****sgEQ
2025-12-27T03:25:45: scraper > Using SEARCHENGINE_ID_2: 055c81ad25228427a
2025-12-27T03:25:45: scraper > Google returned 8 results
2025-12-27T03:25:45: scraper > [0] SAVE ME NOW CHORDS by Arthur Gunn @ Ultimate-Guitar.Com :: https://tabs.ultimate-guitar.com/tab/arthur-gunn/save-me-now-chords-3709568
2025-12-27T03:25:45: scraper > [1] Wisp - Save me now Chords | Tabs | Lyrics | ChordsWorld.com :: https://chordsworld.com/wisp-save-me-now-chords/
2025-12-27T03:25:45: scraper > [2] SAVE ME NOW CHORDS by Jeff Lynne @ Ultimate-Guitar.Com :: https://tabs.ultimate-guitar.com/tab/jeff-lynne/save-me-now-chords-74539
2025-12-27T03:25:45: scraper > [3] Save Me (Psalm 3) - The Worship Initiative Lyrics and Chords ... :: https://www.worshiptogether.com/songs/save-me-psalm-3-the-worship-initiative/
2025-12-27T03:25:45: scraper > [4] NO ONES GONNA SAVE ME NOW CHORDS by Benjamin Tod ... :: https://tabs.ultimate-guitar.com/tab/benjamin-tod/no-ones-gonna-save-me-now-chords-4935292
2025-12-27T03:25:45: scraper > [5] Backstreet Boys – Shape of My Heart Lyrics | Genius Lyrics :: https://genius.com/Backstreet-boys-shape-of-my-heart-lyrics
2025-12-27T03:25:45: scraper > [6] SAVE ME NOW CHORDS by Wisp @ Ultimate-Guitar.Com :: https://tabs.ultimate-guitar.com/tab/wisp/save-me-now-chords-5899130
2025-12-27T03:25:45: scraper > [7] Rex Orange County – AMAZING Lyrics | Genius Lyrics :: https://genius.com/Rex-orange-county-amazing-lyrics
2025-12-27T03:25:45: scraper > Sorted by (lyrics/chords) score.
2025-12-27T03:25:45: scraper > Chosen URL: https://www.worshiptogether.com/songs/save-me-psalm-3-the-worship-initiative/
2025-12-27T03:25:45: scraper > Chosen Title: Save Me (Psalm 3) - The Worship Initiative Lyrics and Chords ...
2025-12-27T03:25:45: 
2025-12-27T03:25:45: ──────── NAVIGATE ────────
2025-12-27T03:25:46: scraper > page.goto done. Final URL: https://www.worshiptogether.com/songs/save-me-psalm-3-the-worship-initiative/
2025-12-27T03:25:46: scraper > HTTP status: 200
2025-12-27T03:25:48: scraper > Page title: Save Me (Psalm 3) - The Worship Initiative Lyrics and Chords | Worship Together
2025-12-27T03:25:48: scraper > HTML length: 127536
2025-12-27T03:25:48: 
2025-12-27T03:25:48: ──────── READABILITY ────────
2025-12-27T03:25:48: scraper > isProbablyReaderable: true
2025-12-27T03:25:48: scraper > Readability parse OK. content length: 27035
2025-12-27T03:25:48: scraper > Lines from Readability: 262
2025-12-27T03:25:48: 
2025-12-27T03:25:48: ──────── FALLBACK #1 (DENSE BLOCK) ────────
2025-12-27T03:25:48: 
2025-12-27T03:25:48: ──────── FALLBACK #2 (SITE-AWARE) ────────
2025-12-27T03:25:48: 
2025-12-27T03:25:48: ──────── RESULT ────────
2025-12-27T03:25:48: scraper > Used Readability: true Useful: true
2025-12-27T03:25:48: scraper > Final URL: https://www.worshiptogether.com/songs/save-me-psalm-3-the-worship-initiative/
2025-12-27T03:25:48: scraper > Total lines: 262
2025-12-27T03:25:48: scraper > Preview: Chords |  | Lyrics |  | Details |  | Intro |  | |G / / / |G / / / | |  | Verse 1 |  | Oh how |  | G |  | many are my |  | Em |  | enemies |  | Ever |  | D |  | rising all a |  | C |  | round me |  | Just like |  | G |  | arrows to ac |  | Em |  | cuse my soul |  | Saying |  | D |  | there’s no hope …
2025-12-27T03:25:48: scraper > Browser context closed.
2025-12-27T03:27:59: 
2025-12-27T03:27:59: ──────── REQUEST ────────
2025-12-27T03:27:59: scraper > songName: save me now arthur gun
2025-12-27T03:27:59: scraper > linkIndex (raw): 0
2025-12-27T03:27:59: 
2025-12-27T03:27:59: ──────── GOOGLE SEARCH ────────
2025-12-27T03:27:59: scraper > Searching Google for: save me now arthur gun
2025-12-27T03:27:59: scraper > Using API Key: AIza****3tvo
2025-12-27T03:27:59: scraper > Final query sent: "save me now arthur gun lyrics and chords"
2025-12-27T03:27:59: scraper > Using GOOGLE_NOBILLING_API_KEY_2: AIza****sgEQ
2025-12-27T03:27:59: scraper > Using SEARCHENGINE_ID_2: 055c81ad25228427a
2025-12-27T03:27:59: scraper > Google returned 8 results
2025-12-27T03:27:59: scraper > [0] SAVE ME NOW CHORDS by Arthur Gunn @ Ultimate-Guitar.Com :: https://tabs.ultimate-guitar.com/tab/arthur-gunn/save-me-now-chords-3709568
2025-12-27T03:27:59: scraper > [1] Similar Songs :: https://memalign.github.io/m/similarsongs.html
2025-12-27T03:27:59: scraper > [2] Learn to Play "Save Me Now" by Arthur Gunn on Guitar | TikTok :: https://www.tiktok.com/@ipsaous/video/7362905614403554593
2025-12-27T03:27:59: scraper > [3] I love Jesus but I want to die: what you need to know about suicide :: https://beautifulbetween.com/love-jesus-but-want-to-die/
2025-12-27T03:27:59: scraper > [4] dylanchords: Albums :: https://dylanchords.com/
2025-12-27T03:27:59: scraper > [5] Winter Snow - Arthur Gunn & Dibesh Pokharel: Song Lyrics, Music ... :: https://www.shazam.com/song/1676680315/winter-snow
2025-12-27T03:27:59: scraper > [6] Save Me Now Lyrics - Chords By Arthur Gun Nepali Singer :: https://www.thelyricsblog.com/2021/05/save-me-now-lyrics-chords-by-arthur-gun.html
2025-12-27T03:27:59: scraper > [7] Tommy Emmanuel's Fiery Guitar Picking Is Not Just for Musicians ... :: https://thebluegrasssituation.com/read/tommy-emmanuels-fiery-guitar-picking-is-not-just-for-musicians-its-for-everyone/
2025-12-27T03:27:59: scraper > Sorted by (lyrics/chords) score.
2025-12-27T03:27:59: scraper > Chosen URL: https://www.thelyricsblog.com/2021/05/save-me-now-lyrics-chords-by-arthur-gun.html
2025-12-27T03:27:59: scraper > Chosen Title: Save Me Now Lyrics - Chords By Arthur Gun Nepali Singer
2025-12-27T03:27:59: 
2025-12-27T03:27:59: ──────── NAVIGATE ────────
2025-12-27T03:28:01: scraper > page.goto done. Final URL: https://www.thelyricsblog.com/2021/05/save-me-now-lyrics-chords-by-arthur-gun.html
2025-12-27T03:28:01: scraper > HTTP status: 200
2025-12-27T03:28:07: scraper > Page title: Save Me Now Lyrics - Chords By Arthur Gun Nepali Singer
2025-12-27T03:28:07: scraper > HTML length: 244060
2025-12-27T03:28:07: 
2025-12-27T03:28:07: ──────── READABILITY ────────
2025-12-27T03:28:07: scraper > isProbablyReaderable: false
2025-12-27T03:28:08: scraper > Readability parse OK. content length: 2819
2025-12-27T03:28:08: scraper > Lines from Readability: 83
2025-12-27T03:28:08: 
2025-12-27T03:28:08: ──────── FALLBACK #1 (DENSE BLOCK) ────────
2025-12-27T03:28:08: 
2025-12-27T03:28:08: ──────── FALLBACK #2 (SITE-AWARE) ────────
2025-12-27T03:28:08: 
2025-12-27T03:28:08: ──────── RESULT ────────
2025-12-27T03:28:08: scraper > Used Readability: true Useful: true
2025-12-27T03:28:08: scraper > Final URL: https://www.thelyricsblog.com/2021/05/save-me-now-lyrics-chords-by-arthur-gun.html
2025-12-27T03:28:08: scraper > Total lines: 83
2025-12-27T03:28:08: scraper > Preview: Save Me Now Lyrics; |  | Arthur Gun |  | I have been chasing a feeling, wandering alone Trying to find the meaning, a place to belong Happiness is a dream |  | But I can’t fall asleep |  | Lately, I feel like I need some saving |  | answers to the prayers I’ve been praying |  | A sign that the lost …
2025-12-27T03:28:08: scraper > Browser context closed.
2025-12-27T05:16:52: 
2025-12-27T05:16:52: ──────── REQUEST ────────
2025-12-27T05:16:52: scraper > songName: ma mare pani
2025-12-27T05:16:52: scraper > linkIndex (raw): 0
2025-12-27T05:16:52: 
2025-12-27T05:16:52: ──────── GOOGLE SEARCH ────────
2025-12-27T05:16:52: scraper > Searching Google for: ma mare pani
2025-12-27T05:16:52: scraper > Using API Key: AIza****3tvo
2025-12-27T05:16:52: scraper > Final query sent: "ma mare pani lyrics and chords"
2025-12-27T05:16:52: scraper > Using GOOGLE_NOBILLING_API_KEY_2: AIza****sgEQ
2025-12-27T05:16:52: scraper > Using SEARCHENGINE_ID_2: 055c81ad25228427a
2025-12-27T05:16:52: scraper > Google returned 8 results
2025-12-27T05:16:52: scraper > [0] MA MARE PANI CHORDS by Swar , Swapnil Sharma, Rohit Shakya ... :: https://tabs.ultimate-guitar.com/tab/swar/ma-mare-pani-chords-5760572
2025-12-27T05:16:52: scraper > [1] Ma Mare Pani Chords - Swar | E-CHORDS :: https://www.e-chords.com/chords/swar/ma-mare-pani
2025-12-27T05:16:52: scraper > [2] MA MARE PANI CHORDS (ver 2) by Swar , Swapnil Sharma, Rohit ... :: https://tabs.ultimate-guitar.com/tab/swar/ma-mare-pani-chords-5757797
2025-12-27T05:16:52: scraper > [3] Ma Mare Pani Guitar Chords And Lyrics - Swar :: https://songschord.com/ma-mare-pani-guitar-chords-and-lyrics-swar/
2025-12-27T05:16:52: scraper > [4] Ma Mare Pani Chords | TikTok :: https://www.tiktok.com/discover/ma-mare-pani-chords
2025-12-27T05:16:52: scraper > [5] Nepali | Hindi | English chords | tabs | lyrics: Ma mare pani Malai ... :: http://nepali-hindi-english-tabs.blogspot.com/2019/03/ma-mare-pani-malai-narayan-gopal-chords.html
2025-12-27T05:16:52: scraper > [6] Ma Mare Pani Swar Chord without Capos | TikTok :: https://www.tiktok.com/discover/ma-mare-pani-swar-chord-without-capos
2025-12-27T05:16:52: scraper > [7] Phool jharepani kanda jhardaina :: http://www.nepalisongchord.com/song/Phool_jharepani_kanda_jhardaina
2025-12-27T05:16:52: scraper > Sorted by (lyrics/chords) score.
2025-12-27T05:16:52: scraper > Chosen URL: https://songschord.com/ma-mare-pani-guitar-chords-and-lyrics-swar/
2025-12-27T05:16:52: scraper > Chosen Title: Ma Mare Pani Guitar Chords And Lyrics - Swar
2025-12-27T05:16:52: 
2025-12-27T05:16:52: ──────── NAVIGATE ────────
2025-12-27T05:16:53: scraper > page.goto done. Final URL: https://songschord.com/ma-mare-pani-guitar-chords-and-lyrics-swar/
2025-12-27T05:16:53: scraper > HTTP status: 200
2025-12-27T05:16:59: scraper > Page title: Ma Mare Pani Guitar Chords And Lyrics - Swar
2025-12-27T05:16:59: scraper > HTML length: 301163
2025-12-27T05:16:59: 
2025-12-27T05:16:59: ──────── READABILITY ────────
2025-12-27T05:17:00: scraper > isProbablyReaderable: true
2025-12-27T05:17:00: scraper > Readability parse OK. content length: 10315
2025-12-27T05:17:00: scraper > Lines from Readability: 181
2025-12-27T05:17:00: 
2025-12-27T05:17:00: ──────── FALLBACK #1 (DENSE BLOCK) ────────
2025-12-27T05:17:00: 
2025-12-27T05:17:00: ──────── FALLBACK #2 (SITE-AWARE) ────────
2025-12-27T05:17:00: 
2025-12-27T05:17:00: ──────── RESULT ────────
2025-12-27T05:17:00: scraper > Used Readability: true Useful: true
2025-12-27T05:17:00: scraper > Final URL: https://songschord.com/ma-mare-pani-guitar-chords-and-lyrics-swar/
2025-12-27T05:17:00: scraper > Total lines: 181
2025-12-27T05:17:00: scraper > Preview: Song Details |  | Song NameMa Mare PaniBandSwarGuitar TuningStandardCapo2nd Fret | Intro |  | E   B   Asus2 |  | Verse |  | Asus2        E                            G#m |  | Birisyeu Hola Nasamjhiyekai Bes |  | B                     E |  | Samjhana Ko Bojh Marera K Lanu |  | E                      …
2025-12-27T05:17:00: scraper > Browser context closed.
2025-12-27T05:18:24: 
2025-12-27T05:18:24: ──────── REQUEST ────────
2025-12-27T05:18:24: scraper > songName: mutu delhi
2025-12-27T05:18:24: scraper > linkIndex (raw): 0
2025-12-27T05:18:24: 
2025-12-27T05:18:24: ──────── GOOGLE SEARCH ────────
2025-12-27T05:18:24: scraper > Searching Google for: mutu delhi
2025-12-27T05:18:24: scraper > Using API Key: AIza****3tvo
2025-12-27T05:18:24: scraper > Final query sent: "mutu delhi lyrics and chords"
2025-12-27T05:18:24: scraper > Using GOOGLE_NOBILLING_API_KEY_2: AIza****sgEQ
2025-12-27T05:18:24: scraper > Using SEARCHENGINE_ID_2: 055c81ad25228427a
2025-12-27T05:18:24: scraper > Google returned 8 results
2025-12-27T05:18:24: scraper > [0] MUTU DEKHIN CHORDS by John Chamling Rai @ Ultimate-Guitar ... :: https://tabs.ultimate-guitar.com/tab/john-chamling-rai/mutu-dekhin-chords-4960711
2025-12-27T05:18:24: scraper > [1] Mutu Dekhin-Lyrics and Chords (John Chamling Rai) - Sajilo Chords :: https://www.sanzivtoo.com.np/2023/03/mutu-dekhin-lyrics-and-chords-john.html
2025-12-27T05:18:24: scraper > [2] LUKNA DEU TABS by The Axe Band @ Ultimate-Guitar.Com :: https://tabs.ultimate-guitar.com/tab/the-axe-band/lukna-deu-tabs-470879
2025-12-27T05:18:24: scraper > [3] Dekhe Timilai Hijo Hai Rati Chords & Lyrics by The Axe ... :: https://hamrochords.com/the-axe/dekhe-timilai-hijo-hai-rati
2025-12-27T05:18:24: scraper > [4] Tapai Sangai Hirdai Janey chhu Ma By Rohit Thapa Song Chords ... :: http://elshaddai.co.uk/page.php?id=156
2025-12-27T05:18:24: scraper > [5] Ashutosh KC – Sannani Lyrics | Genius Lyrics :: https://genius.com/Ashutosh-kc-sannani-lyrics
2025-12-27T05:18:24: scraper > [6] Jack Johnson - Better Together | PDF :: https://www.scribd.com/document/709569536/Jack-Johnson-Better-Together
2025-12-27T05:18:24: scraper > [7] Taranaki waiata tangi and feelings for place :: https://files01.core.ac.uk/download/pdf/35462099.pdf
2025-12-27T05:18:24: scraper > Sorted by (lyrics/chords) score.
2025-12-27T05:18:24: scraper > Chosen URL: https://www.sanzivtoo.com.np/2023/03/mutu-dekhin-lyrics-and-chords-john.html
2025-12-27T05:18:24: scraper > Chosen Title: Mutu Dekhin-Lyrics and Chords (John Chamling Rai) - Sajilo Chords
2025-12-27T05:18:24: 
2025-12-27T05:18:24: ──────── NAVIGATE ────────
2025-12-27T05:18:25: scraper > page.goto done. Final URL: https://www.sanzivtoo.com.np/2023/03/mutu-dekhin-lyrics-and-chords-john.html
2025-12-27T05:18:25: scraper > HTTP status: 200
2025-12-27T05:18:31: scraper > Page title: Mutu Dekhin-Lyrics and Chords (John Chamling Rai) - Sajilo Chords
2025-12-27T05:18:31: scraper > HTML length: 301610
2025-12-27T05:18:31: 
2025-12-27T05:18:31: ──────── READABILITY ────────
2025-12-27T05:18:32: scraper > isProbablyReaderable: true
2025-12-27T05:18:32: scraper > Readability parse OK. content length: 4033
2025-12-27T05:18:32: scraper > Lines from Readability: 59
2025-12-27T05:18:32: 
2025-12-27T05:18:32: ──────── FALLBACK #1 (DENSE BLOCK) ────────
2025-12-27T05:18:32: 
2025-12-27T05:18:32: ──────── FALLBACK #2 (SITE-AWARE) ────────
2025-12-27T05:18:32: 
2025-12-27T05:18:32: ──────── RESULT ────────
2025-12-27T05:18:32: scraper > Used Readability: true Useful: true
2025-12-27T05:18:32: scraper > Final URL: https://www.sanzivtoo.com.np/2023/03/mutu-dekhin-lyrics-and-chords-john.html
2025-12-27T05:18:32: scraper > Total lines: 59
2025-12-27T05:18:32: scraper > Preview: 1 minute read |  | Mutu Dekhin-Lyrics and Chords (John Chamling Rai) | John Chamling-Mutu Dekhin Guitar Chords & Lyrics |  | Mutu Dekhin-Chords & Lyrics | John Chamling-Mutu Dekhin Chords |  | Capo required: On 2nd Fret |  | Asus2............................E | Daudadai Hidne Yo Samaya Le | Asus2...…
2025-12-27T05:18:32: scraper > Browser context closed.
2025-12-27T05:19:51: 
2025-12-27T05:19:51: ──────── REQUEST ────────
2025-12-27T05:19:51: scraper > songName: basanta
2025-12-27T05:19:51: scraper > linkIndex (raw): 0
2025-12-27T05:19:51: 
2025-12-27T05:19:51: ──────── GOOGLE SEARCH ────────
2025-12-27T05:19:51: scraper > Searching Google for: basanta
2025-12-27T05:19:51: scraper > Using API Key: AIza****3tvo
2025-12-27T05:19:51: scraper > Final query sent: "basanta lyrics and chords"
2025-12-27T05:19:51: scraper > Using GOOGLE_NOBILLING_API_KEY_2: AIza****sgEQ
2025-12-27T05:19:51: scraper > Using SEARCHENGINE_ID_2: 055c81ad25228427a
2025-12-27T05:19:52: scraper > Google returned 8 results
2025-12-27T05:19:52: scraper > [0] BASANTA CHORDS by JPT rockerz @ Ultimate-Guitar.Com :: https://tabs.ultimate-guitar.com/tab/jpt-rockerz/basanta-chords-1798118
2025-12-27T05:19:52: scraper > [1] Basanta chords by Jptrockerz - Mye Guitar :: https://www.mye-guitar.com/song/basanta
2025-12-27T05:19:52: scraper > [2] Basanta Uke tab by JPT Rockerz - Ukulele Tabs :: https://www.ukulele-tabs.com/uke-songs/jpt-rockerz/basanta-uke-tab-77863.html
2025-12-27T05:19:52: scraper > [3] Chayechha Basanta | Shreya Ghoshal | Lyrics, Chords, MP3 ... :: https://www.tunesnepal.com/shreya-ghoshal/chayechha-basanta
2025-12-27T05:19:52: scraper > [4] Basanta ... - Songs Lyrics Wth Guitar Chords(English,Hindi,Nepali) :: https://lyricsrs.blogspot.com/2018/02/basanta-guitar-chord-with-lyrics-jpt.html
2025-12-27T05:19:52: scraper > [5] EASY GUITAR CHORDS FOR BASANTA TIMRO WOTHA LAI ... :: https://paankopat.com/2023/04/11/easy-guitar-chords-for-basanta-timro-wotha-lai-choyera-jpt-rockerz/
2025-12-27T05:19:52: scraper > [6] Basanta Nai Basna Chords & Lyrics by Anju Panta | Hamrochords.com :: https://hamrochords.com/anju-panta/basanta-nai-basna
2025-12-27T05:19:52: scraper > [7] Lyrics & Chords Basanta Udayo Mukti and Revival Chords - Chordify :: https://chordify.net/chords/basanta-udayo-lyrics-with-chords-mukti-and-revival-kalankiko-jam-mukti-and-revival
2025-12-27T05:19:52: scraper > Sorted by (lyrics/chords) score.
2025-12-27T05:19:52: scraper > Chosen URL: https://www.tunesnepal.com/shreya-ghoshal/chayechha-basanta
2025-12-27T05:19:52: scraper > Chosen Title: Chayechha Basanta | Shreya Ghoshal | Lyrics, Chords, MP3 ...
2025-12-27T05:19:52: 
2025-12-27T05:19:52: ──────── NAVIGATE ────────
2025-12-27T05:19:55: scraper > page.goto done. Final URL: https://www.tunesnepal.com/shreya-ghoshal/chayechha-basanta
2025-12-27T05:19:55: scraper > HTTP status: 200
2025-12-27T05:20:00: scraper > Page title: Chayechha Basanta | Shreya Ghoshal | Lyrics, Chords, MP3 | TunesNepal
2025-12-27T05:20:00: scraper > HTML length: 383953
2025-12-27T05:20:00: 
2025-12-27T05:20:00: ──────── READABILITY ────────
2025-12-27T05:20:01: scraper > isProbablyReaderable: true
2025-12-27T05:20:01: scraper > Readability parse OK. content length: 1305
2025-12-27T05:20:01: scraper > Lines from Readability: 57
2025-12-27T05:20:01: 
2025-12-27T05:20:01: ──────── FALLBACK #1 (DENSE BLOCK) ────────
2025-12-27T05:20:01: 
2025-12-27T05:20:01: ──────── FALLBACK #2 (SITE-AWARE) ────────
2025-12-27T05:20:01: 
2025-12-27T05:20:01: ──────── RESULT ────────
2025-12-27T05:20:01: scraper > Used Readability: true Useful: true
2025-12-27T05:20:01: scraper > Final URL: https://www.tunesnepal.com/shreya-ghoshal/chayechha-basanta
2025-12-27T05:20:01: scraper > Total lines: 57
2025-12-27T05:20:01: scraper > Preview: Chahecha Basanta | Mero Taan Maan Bhari | Tesai Tesai | (Bhumari Jhai Bercha Malai)x2 | (Timro Prem Le)X3 | Verse:1 |  | Sustari Sustari Aaja Feri | Mahakina Thale Chu Ma | Gaunda Gaundai Nachi Feri | Bahakina Thaley Chu Ma | (Jhum Jhum)x3 | Jhumna Thaley Chu Ma | Timro Prem Le |  | Verse:2 |  | Kas…
2025-12-27T05:20:01: scraper > Browser context closed.
2025-12-27T05:20:09: 
2025-12-27T05:20:09: ──────── REQUEST ────────
2025-12-27T05:20:09: scraper > songName: basanta
2025-12-27T05:20:09: scraper > linkIndex (raw): 1
2025-12-27T05:20:09: 
2025-12-27T05:20:09: ──────── GOOGLE SEARCH ────────
2025-12-27T05:20:09: scraper > Searching Google for: basanta
2025-12-27T05:20:09: scraper > Using API Key: AIza****3tvo
2025-12-27T05:20:09: scraper > Final query sent: "basanta lyrics and chords"
2025-12-27T05:20:09: scraper > Using GOOGLE_NOBILLING_API_KEY_2: AIza****sgEQ
2025-12-27T05:20:09: scraper > Using SEARCHENGINE_ID_2: 055c81ad25228427a
2025-12-27T05:20:09: scraper > Google returned 8 results
2025-12-27T05:20:09: scraper > [0] BASANTA CHORDS by JPT rockerz @ Ultimate-Guitar.Com :: https://tabs.ultimate-guitar.com/tab/jpt-rockerz/basanta-chords-1798118
2025-12-27T05:20:09: scraper > [1] Basanta chords by Jptrockerz - Mye Guitar :: https://www.mye-guitar.com/song/basanta
2025-12-27T05:20:09: scraper > [2] Basanta Uke tab by JPT Rockerz - Ukulele Tabs :: https://www.ukulele-tabs.com/uke-songs/jpt-rockerz/basanta-uke-tab-77863.html
2025-12-27T05:20:09: scraper > [3] Chayechha Basanta | Shreya Ghoshal | Lyrics, Chords, MP3 ... :: https://www.tunesnepal.com/shreya-ghoshal/chayechha-basanta
2025-12-27T05:20:09: scraper > [4] Basanta ... - Songs Lyrics Wth Guitar Chords(English,Hindi,Nepali) :: https://lyricsrs.blogspot.com/2018/02/basanta-guitar-chord-with-lyrics-jpt.html
2025-12-27T05:20:09: scraper > [5] EASY GUITAR CHORDS FOR BASANTA TIMRO WOTHA LAI ... :: https://paankopat.com/2023/04/11/easy-guitar-chords-for-basanta-timro-wotha-lai-choyera-jpt-rockerz/
2025-12-27T05:20:09: scraper > [6] Basanta Nai Basna Chords & Lyrics by Anju Panta | Hamrochords.com :: https://hamrochords.com/anju-panta/basanta-nai-basna
2025-12-27T05:20:09: scraper > [7] Lyrics & Chords Basanta Udayo Mukti and Revival Chords - Chordify :: https://chordify.net/chords/basanta-udayo-lyrics-with-chords-mukti-and-revival-kalankiko-jam-mukti-and-revival
2025-12-27T05:20:09: scraper > Sorted by (lyrics/chords) score.
2025-12-27T05:20:09: scraper > Chosen URL: https://lyricsrs.blogspot.com/2018/02/basanta-guitar-chord-with-lyrics-jpt.html
2025-12-27T05:20:09: scraper > Chosen Title: Basanta ... - Songs Lyrics Wth Guitar Chords(English,Hindi,Nepali)
2025-12-27T05:20:09: 
2025-12-27T05:20:09: ──────── NAVIGATE ────────
2025-12-27T05:20:10: scraper > page.goto done. Final URL: https://lyricsrs.blogspot.com/2018/02/basanta-guitar-chord-with-lyrics-jpt.html
2025-12-27T05:20:10: scraper > HTTP status: 200
2025-12-27T05:20:12: scraper > Page title: Songs Lyrics Wth Guitar Chords(English,Hindi,Nepali): Basanta Guitar Chord with Lyrics- JPT Rockerz
2025-12-27T05:20:12: scraper > HTML length: 63422
2025-12-27T05:20:12: 
2025-12-27T05:20:12: ──────── READABILITY ────────
2025-12-27T05:20:12: scraper > isProbablyReaderable: true
2025-12-27T05:20:12: scraper > Readability parse OK. content length: 1905
2025-12-27T05:20:12: scraper > Lines from Readability: 40
2025-12-27T05:20:12: 
2025-12-27T05:20:12: ──────── FALLBACK #1 (DENSE BLOCK) ────────
2025-12-27T05:20:12: 
2025-12-27T05:20:12: ──────── FALLBACK #2 (SITE-AWARE) ────────
2025-12-27T05:20:12: 
2025-12-27T05:20:12: ──────── RESULT ────────
2025-12-27T05:20:12: scraper > Used Readability: true Useful: true
2025-12-27T05:20:12: scraper > Final URL: https://lyricsrs.blogspot.com/2018/02/basanta-guitar-chord-with-lyrics-jpt.html
2025-12-27T05:20:12: scraper > Total lines: 40
2025-12-27T05:20:12: scraper > Preview: I will upload every chords used in this song soon. |  | (--Capo on 2nd fret--) | F#sus      F#add9 | Timro ooth lai choyera niskii | F#sus      F#add9         Em7 F#sus Em7 | lahare ko jhuto rangeen sachoo hoo | F#sus    F#add9 | timilai angale yesto lagyo ki | Csus    Cadd9   Em7 Csus Em7 | mero sa…
2025-12-27T05:20:12: scraper > Browser context closed.
2025-12-27T05:23:24: 
2025-12-27T05:23:24: ──────── REQUEST ────────
2025-12-27T05:23:24: scraper > songName: husn choo loo
2025-12-27T05:23:24: scraper > linkIndex (raw): 0
2025-12-27T05:23:24: 
2025-12-27T05:23:24: ──────── GOOGLE SEARCH ────────
2025-12-27T05:23:24: scraper > Searching Google for: husn choo loo
2025-12-27T05:23:24: scraper > Using API Key: AIza****3tvo
2025-12-27T05:23:24: scraper > Final query sent: "husn choo loo lyrics and chords"
2025-12-27T05:23:24: scraper > Using GOOGLE_NOBILLING_API_KEY_2: AIza****sgEQ
2025-12-27T05:23:24: scraper > Using SEARCHENGINE_ID_2: 055c81ad25228427a
2025-12-27T05:23:24: scraper > Google returned 8 results
2025-12-27T05:23:24: scraper > [0] ANUV JAIN - HUSN - PAPON - JIYEIN KYU - ASIM AZHAR - CHOO ... :: https://tabs.ultimate-guitar.com/tab/misc-mashups/anuv-jain-husn-papon-jiyein-kyu-asim-azhar-choo-lo-agnee-aahatien-chor…
2025-12-27T05:23:24: scraper > [1] Husn Mashup (Extended) | Anuv Jain | Let Her Go X Husn X Choo ... :: https://chordify.net/chords/husn-mashup-extended-anuv-jain-let-her-go-x-husn-x-choo-lo-x-jiyein-kyun-sid-guldekar-zeesha…
2025-12-27T05:23:24: scraper > [2] CHOO LO CHORDS by The Local Train @ Ultimate-Guitar.Com :: https://tabs.ultimate-guitar.com/tab/the-local-train/choo-lo-chords-2929589
2025-12-27T05:23:24: scraper > [3] 10 Hindi Guitar Songs Chords for Beginners - 2024 | Art :: https://vocal.media/art/10-hindi-guitar-songs-chords-for-beginners-2024
2025-12-27T05:23:24: scraper > [4] LET HER GO - HUSN CHORDS by Gravero @ Ultimate-Guitar.Com :: https://tabs.ultimate-guitar.com/tab/gravero/let-her-go-husn-chords-5088424
2025-12-27T05:23:24: scraper > [5] Guitar Chords with lyrics: Let Her Go X Husn | Anuv Jain ... :: https://bankruptguitarist.com/guitar-chords-with-lyrics-let-her-go-x-husn-or-anuv-jain-and-passenger
2025-12-27T05:23:24: scraper > [6] Husn Chords by | PDF :: https://www.scribd.com/document/707607355/Husn-Chords-by
2025-12-27T05:23:24: scraper > [7] Husn x Let Her Go - Trending Mashup Guitar Chords :: https://chordsfactory.com/husn-let-her-go-mashup-chords/
2025-12-27T05:23:24: scraper > Sorted by (lyrics/chords) score.
2025-12-27T05:23:24: scraper > Chosen URL: https://bankruptguitarist.com/guitar-chords-with-lyrics-let-her-go-x-husn-or-anuv-jain-and-passenger
2025-12-27T05:23:24: scraper > Chosen Title: Guitar Chords with lyrics: Let Her Go X Husn | Anuv Jain ...
2025-12-27T05:23:24: 
2025-12-27T05:23:24: ──────── NAVIGATE ────────
2025-12-27T05:23:24: scraper > Error in scrapeLyrisc: page.goto: net::ERR_TUNNEL_CONNECTION_FAILED at https://bankruptguitarist.com/guitar-chords-with-lyrics-let-her-go-x-husn-or-anuv-jain-and-passenger
2025-12-27T05:23:24: Call log:
2025-12-27T05:23:24: [2m  - navigating to "https://bankruptguitarist.com/guitar-chords-with-lyrics-let-her-go-x-husn-or-anuv-jain-and-passenger", waiting until "domcontentloaded"[22m
2025-12-27T05:23:24: 
2025-12-27T05:23:25: scraper > Browser context closed.
2025-12-27T05:23:30: 
2025-12-27T05:23:30: ──────── REQUEST ────────
2025-12-27T05:23:30: scraper > songName: husn
2025-12-27T05:23:30: scraper > linkIndex (raw): 0
2025-12-27T05:23:30: 
2025-12-27T05:23:30: ──────── GOOGLE SEARCH ────────
2025-12-27T05:23:30: scraper > Searching Google for: husn
2025-12-27T05:23:30: scraper > Using API Key: AIza****3tvo
2025-12-27T05:23:30: scraper > Final query sent: "husn lyrics and chords"
2025-12-27T05:23:30: scraper > Using GOOGLE_NOBILLING_API_KEY_2: AIza****sgEQ
2025-12-27T05:23:30: scraper > Using SEARCHENGINE_ID_2: 055c81ad25228427a
2025-12-27T05:23:31: scraper > Google returned 8 results
2025-12-27T05:23:31: scraper > [0] HUSN CHORDS by Anuv Jain for guitar, ukulele and piano ... :: https://tabs.ultimate-guitar.com/tab/anuv-jain/husn-chords-5049691
2025-12-27T05:23:31: scraper > [1] Husn Chords - Anuv Jain | Wrytin :: https://wrytin.com/ananyapurohit/husn-chords-anuv-jain-luk9ih09
2025-12-27T05:23:31: scraper > [2] Chord Request: Husn hai Suhana | Indian Guitar Tabs & Chords ... :: https://www.indianguitartabs.com/chords/threads/chord-request-husn-hai-suhana.55903/
2025-12-27T05:23:31: scraper > [3] Husn Uke tab by Anuv Jain - Ukulele Tabs :: https://www.ukulele-tabs.com/uke-songs/anuv-jain/husn-uke-tab-87166.html
2025-12-27T05:23:31: scraper > [4] Husn Chords by | PDF :: https://www.scribd.com/document/707607355/Husn-Chords-by
2025-12-27T05:23:31: scraper > [5] HUSN - Anuv Jain, ukulele chords :: https://guitar-uke.com/en/ukulele/song/husn_anuv_jain/10348.html
2025-12-27T05:23:31: scraper > [6] Husn Chords & Lyrics | Indichords :: https://indichords.com/song/2926/husn-anuv-jain
2025-12-27T05:23:31: scraper > [7] Anuv ... - Nepali | Hindi | English chords | tabs | lyrics: HUSN - Chords :: http://nepali-hindi-english-tabs.blogspot.com/2024/01/husn-chords-anuv-jain.html
2025-12-27T05:23:31: scraper > Sorted by (lyrics/chords) score.
2025-12-27T05:23:31: scraper > Chosen URL: https://indichords.com/song/2926/husn-anuv-jain
2025-12-27T05:23:31: scraper > Chosen Title: Husn Chords & Lyrics | Indichords
2025-12-27T05:23:31: 
2025-12-27T05:23:31: ──────── NAVIGATE ────────
2025-12-27T05:23:33: scraper > page.goto done. Final URL: https://indichords.com/song/2926/husn-anuv-jain
2025-12-27T05:23:33: scraper > HTTP status: 200
2025-12-27T05:23:38: scraper > Page title: Husn Chords & Lyrics | Indichords
2025-12-27T05:23:38: scraper > HTML length: 401874
2025-12-27T05:23:38: 
2025-12-27T05:23:38: ──────── READABILITY ────────
2025-12-27T05:23:39: scraper > isProbablyReaderable: true
2025-12-27T05:23:39: scraper > Readability parse OK. content length: 4688
2025-12-27T05:23:39: scraper > Lines from Readability: 265
2025-12-27T05:23:39: 
2025-12-27T05:23:39: ──────── FALLBACK #1 (DENSE BLOCK) ────────
2025-12-27T05:23:39: 
2025-12-27T05:23:39: ──────── FALLBACK #2 (SITE-AWARE) ────────
2025-12-27T05:23:39: 
2025-12-27T05:23:39: ──────── RESULT ────────
2025-12-27T05:23:39: scraper > Used Readability: true Useful: true
2025-12-27T05:23:39: scraper > Final URL: https://indichords.com/song/2926/husn-anuv-jain
2025-12-27T05:23:39: scraper > Total lines: 265
2025-12-27T05:23:39: scraper > Preview: anuv-jain |  | [A#] | ... |  | [F] | .. |  | [A] | Haan, |  | [Dm] | haan |  | [C][A#] | Dekho, dekho, kaisi baatein yahan ki |  | [F] | Hain saath par, hain saath naa bhi |  | [A] | Kya itni aasaan |  | [Dm] | hai? |  | [C] | [A#] | Dekho, dekho, jaise mere iraade |  | [F] | Waise kahaan tere yahan…
2025-12-27T05:23:39: scraper > Browser context closed.
2025-12-27T05:26:54: 
2025-12-27T05:26:54: ──────── REQUEST ────────
2025-12-27T05:26:54: scraper > songName: ma mare pani
2025-12-27T05:26:54: scraper > linkIndex (raw): 0
2025-12-27T05:26:54: 
2025-12-27T05:26:54: ──────── GOOGLE SEARCH ────────
2025-12-27T05:26:54: scraper > Searching Google for: ma mare pani
2025-12-27T05:26:54: scraper > Using API Key: AIza****3tvo
2025-12-27T05:26:54: scraper > Final query sent: "ma mare pani lyrics and chords"
2025-12-27T05:26:54: scraper > Using GOOGLE_NOBILLING_API_KEY_2: AIza****sgEQ
2025-12-27T05:26:54: scraper > Using SEARCHENGINE_ID_2: 055c81ad25228427a
2025-12-27T05:26:54: scraper > Google returned 8 results
2025-12-27T05:26:54: scraper > [0] MA MARE PANI CHORDS by Swar , Swapnil Sharma, Rohit Shakya ... :: https://tabs.ultimate-guitar.com/tab/swar/ma-mare-pani-chords-5760572
2025-12-27T05:26:54: scraper > [1] Ma Mare Pani Chords - Swar | E-CHORDS :: https://www.e-chords.com/chords/swar/ma-mare-pani
2025-12-27T05:26:54: scraper > [2] MA MARE PANI CHORDS (ver 2) by Swar , Swapnil Sharma, Rohit ... :: https://tabs.ultimate-guitar.com/tab/swar/ma-mare-pani-chords-5757797
2025-12-27T05:26:54: scraper > [3] Ma Mare Pani Guitar Chords And Lyrics - Swar :: https://songschord.com/ma-mare-pani-guitar-chords-and-lyrics-swar/
2025-12-27T05:26:54: scraper > [4] Ma Mare Pani Chords | TikTok :: https://www.tiktok.com/discover/ma-mare-pani-chords
2025-12-27T05:26:54: scraper > [5] Nepali | Hindi | English chords | tabs | lyrics: Ma mare pani Malai ... :: http://nepali-hindi-english-tabs.blogspot.com/2019/03/ma-mare-pani-malai-narayan-gopal-chords.html
2025-12-27T05:26:54: scraper > [6] Ma Mare Pani Swar Chord without Capos | TikTok :: https://www.tiktok.com/discover/ma-mare-pani-swar-chord-without-capos
2025-12-27T05:26:54: scraper > [7] Phool jharepani kanda jhardaina :: http://www.nepalisongchord.com/song/Phool_jharepani_kanda_jhardaina
2025-12-27T05:26:54: scraper > Sorted by (lyrics/chords) score.
2025-12-27T05:26:54: scraper > Chosen URL: https://songschord.com/ma-mare-pani-guitar-chords-and-lyrics-swar/
2025-12-27T05:26:54: scraper > Chosen Title: Ma Mare Pani Guitar Chords And Lyrics - Swar
2025-12-27T05:26:54: 
2025-12-27T05:26:54: ──────── NAVIGATE ────────
2025-12-27T05:26:55: scraper > page.goto done. Final URL: https://songschord.com/ma-mare-pani-guitar-chords-and-lyrics-swar/
2025-12-27T05:26:55: scraper > HTTP status: 200
2025-12-27T05:27:01: scraper > Page title: Ma Mare Pani Guitar Chords And Lyrics - Swar
2025-12-27T05:27:01: scraper > HTML length: 301078
2025-12-27T05:27:01: 
2025-12-27T05:27:01: ──────── READABILITY ────────
2025-12-27T05:27:01: scraper > isProbablyReaderable: true
2025-12-27T05:27:01: scraper > Readability parse OK. content length: 10315
2025-12-27T05:27:01: scraper > Lines from Readability: 181
2025-12-27T05:27:01: 
2025-12-27T05:27:01: ──────── FALLBACK #1 (DENSE BLOCK) ────────
2025-12-27T05:27:01: 
2025-12-27T05:27:01: ──────── FALLBACK #2 (SITE-AWARE) ────────
2025-12-27T05:27:01: 
2025-12-27T05:27:01: ──────── RESULT ────────
2025-12-27T05:27:01: scraper > Used Readability: true Useful: true
2025-12-27T05:27:01: scraper > Final URL: https://songschord.com/ma-mare-pani-guitar-chords-and-lyrics-swar/
2025-12-27T05:27:01: scraper > Total lines: 181
2025-12-27T05:27:01: scraper > Preview: Song Details |  | Song NameMa Mare PaniBandSwarGuitar TuningStandardCapo2nd Fret | Intro |  | E   B   Asus2 |  | Verse |  | Asus2        E                            G#m |  | Birisyeu Hola Nasamjhiyekai Bes |  | B                     E |  | Samjhana Ko Bojh Marera K Lanu |  | E                      …
2025-12-27T05:27:01: scraper > Browser context closed.
2025-12-27T05:31:31: 
2025-12-27T05:31:31: ──────── REQUEST ────────
2025-12-27T05:31:31: scraper > songName: aparachit
2025-12-27T05:31:31: scraper > linkIndex (raw): 0
2025-12-27T05:31:31: 
2025-12-27T05:31:31: ──────── GOOGLE SEARCH ────────
2025-12-27T05:31:31: scraper > Searching Google for: aparachit
2025-12-27T05:31:31: scraper > Using API Key: AIza****3tvo
2025-12-27T05:31:31: scraper > Final query sent: "aparachit lyrics and chords"
2025-12-27T05:31:31: scraper > Using GOOGLE_NOBILLING_API_KEY_2: AIza****sgEQ
2025-12-27T05:31:31: scraper > Using SEARCHENGINE_ID_2: 055c81ad25228427a
2025-12-27T05:31:32: scraper > Google returned 8 results
2025-12-27T05:31:32: scraper > [0] APARIBHASIT CHORDS (ver 2) by Swar , Swapnil Sharma & Rohit ... :: https://tabs.ultimate-guitar.com/tab/swar/aparibhasit-chords-4275661
2025-12-27T05:31:32: scraper > [1] Aparichit by The Elements | Chordograph :: https://chordograph.com/artists/The-Elements-Nq/aparichit-2O
2025-12-27T05:31:32: scraper > [2] APARICHIT BHAWANA CHORDS by Oasis Thapa @ Ultimate ... :: https://tabs.ultimate-guitar.com/tab/oasis-thapa/aparichit-bhawana-chords-3206528
2025-12-27T05:31:32: scraper > [3] Oasis Thapa Chords & Tabs for Guitar, Ukulele, Bass, Drums at ... :: https://www.ultimate-guitar.com/artist/oasis_thapa_530723
2025-12-27T05:31:32: scraper > [4] Aparichit Bhawana | Oasis Thapa | Lyrics, Chords, MP3 | TunesNepal :: https://www.tunesnepal.com/oasis-thapa-singer/aparichit-bhawana
2025-12-27T05:31:32: scraper > [5] Aparachit Bhaawanaa (Romanized) – Oasis Thapa | Genius Lyrics :: https://genius.com/Genius-romanizations-oasis-thapa-aparachit-bhaawanaa-romanized-lyrics
2025-12-27T05:31:32: scraper > [6] Aparichit Bhaawana Chords, Lyrics and Music Video By Oasis Thapa :: https://tabs.musiccafenepal.com/oasis-thapa/aparichit-bhaawana
2025-12-27T05:31:32: scraper > [7] Aparichit bhawana~Oasis thapa//lyrics Chords - Chordify :: https://chordify.net/chords/aparichit-bhawana-oasis-thapa-lyrics-n-k-l
2025-12-27T05:31:32: scraper > Sorted by (lyrics/chords) score.
2025-12-27T05:31:32: scraper > Chosen URL: https://www.tunesnepal.com/oasis-thapa-singer/aparichit-bhawana
2025-12-27T05:31:32: scraper > Chosen Title: Aparichit Bhawana | Oasis Thapa | Lyrics, Chords, MP3 | TunesNepal
2025-12-27T05:31:32: 
2025-12-27T05:31:32: ──────── NAVIGATE ────────
2025-12-27T05:31:35: scraper > page.goto done. Final URL: https://www.tunesnepal.com/oasis-thapa-singer/aparichit-bhawana
2025-12-27T05:31:35: scraper > HTTP status: 200
2025-12-27T05:31:46: scraper > Timeout hit. Closing context and returning fallback.
2025-12-27T05:31:46: scraper > networkidle wait skipped/timeout
2025-12-27T05:31:46: scraper > Error in scrapeLyrisc: page.title: Target page, context or browser has been closed
2025-12-27T05:31:46: scraper > Browser context closed.
2025-12-27T05:31:48: 
2025-12-27T05:31:48: ──────── REQUEST ────────
2025-12-27T05:31:48: scraper > songName: aparachit
2025-12-27T05:31:48: scraper > linkIndex (raw): 1
2025-12-27T05:31:48: 
2025-12-27T05:31:48: ──────── GOOGLE SEARCH ────────
2025-12-27T05:31:48: scraper > Searching Google for: aparachit
2025-12-27T05:31:48: scraper > Using API Key: AIza****3tvo
2025-12-27T05:31:48: scraper > Final query sent: "aparachit lyrics and chords"
2025-12-27T05:31:48: scraper > Using GOOGLE_NOBILLING_API_KEY_2: AIza****sgEQ
2025-12-27T05:31:48: scraper > Using SEARCHENGINE_ID_2: 055c81ad25228427a
2025-12-27T05:31:48: scraper > Google returned 8 results
2025-12-27T05:31:48: scraper > [0] APARIBHASIT CHORDS (ver 2) by Swar , Swapnil Sharma & Rohit ... :: https://tabs.ultimate-guitar.com/tab/swar/aparibhasit-chords-4275661
2025-12-27T05:31:48: scraper > [1] Aparichit by The Elements | Chordograph :: https://chordograph.com/artists/The-Elements-Nq/aparichit-2O
2025-12-27T05:31:48: scraper > [2] APARICHIT BHAWANA CHORDS by Oasis Thapa @ Ultimate ... :: https://tabs.ultimate-guitar.com/tab/oasis-thapa/aparichit-bhawana-chords-3206528
2025-12-27T05:31:48: scraper > [3] Oasis Thapa Chords & Tabs for Guitar, Ukulele, Bass, Drums at ... :: https://www.ultimate-guitar.com/artist/oasis_thapa_530723
2025-12-27T05:31:48: scraper > [4] Aparichit Bhawana | Oasis Thapa | Lyrics, Chords, MP3 | TunesNepal :: https://www.tunesnepal.com/oasis-thapa-singer/aparichit-bhawana
2025-12-27T05:31:48: scraper > [5] Aparachit Bhaawanaa (Romanized) – Oasis Thapa | Genius Lyrics :: https://genius.com/Genius-romanizations-oasis-thapa-aparachit-bhaawanaa-romanized-lyrics
2025-12-27T05:31:48: scraper > [6] Aparichit Bhaawana Chords, Lyrics and Music Video By Oasis Thapa :: https://tabs.musiccafenepal.com/oasis-thapa/aparichit-bhaawana
2025-12-27T05:31:48: scraper > [7] Aparichit bhawana~Oasis thapa//lyrics Chords - Chordify :: https://chordify.net/chords/aparichit-bhawana-oasis-thapa-lyrics-n-k-l
2025-12-27T05:31:48: scraper > Sorted by (lyrics/chords) score.
2025-12-27T05:31:48: scraper > Chosen URL: https://tabs.musiccafenepal.com/oasis-thapa/aparichit-bhaawana
2025-12-27T05:31:48: scraper > Chosen Title: Aparichit Bhaawana Chords, Lyrics and Music Video By Oasis Thapa
2025-12-27T05:31:48: 
2025-12-27T05:31:48: ──────── NAVIGATE ────────
2025-12-27T05:31:52: scraper > page.goto done. Final URL: https://tabs.musiccafenepal.com/oasis-thapa/aparichit-bhaawana
2025-12-27T05:31:52: scraper > HTTP status: 200
2025-12-27T05:31:56: scraper > Page title: Aparichit Bhaawana Chords, Lyrics and Music Video By Oasis Thapa | Music Cafe Nepal
2025-12-27T05:31:56: scraper > HTML length: 156789
2025-12-27T05:31:56: 
2025-12-27T05:31:56: ──────── READABILITY ────────
2025-12-27T05:31:56: scraper > isProbablyReaderable: true
2025-12-27T05:31:56: scraper > Readability parse OK. content length: 2281
2025-12-27T05:31:56: scraper > Lines from Readability: 2
2025-12-27T05:31:56: 
2025-12-27T05:31:56: ──────── FALLBACK #1 (DENSE BLOCK) ────────
2025-12-27T05:31:56: 
2025-12-27T05:31:56: ──────── FALLBACK #2 (SITE-AWARE) ────────
2025-12-27T05:31:56: 
2025-12-27T05:31:56: ──────── RESULT ────────
2025-12-27T05:31:56: scraper > Used Readability: true Useful: true
2025-12-27T05:31:56: scraper > Final URL: https://tabs.musiccafenepal.com/oasis-thapa/aparichit-bhaawana
2025-12-27T05:31:56: scraper > Total lines: 2
2025-12-27T05:31:56: scraper > Preview: Verse 1
2025-12-27T05:31:56: 
2025-12-27T05:31:56: Amaj9            F#m9
2025-12-27T05:31:56: Aakasai ma euta tara tutyo
2025-12-27T05:31:56: Dsus2     A6
2025-12-27T05:31:56: Mana ko kamana magidiuu ki
2025-12-27T05:31:56: Amaj9                  F#m9
2025-12-27T05:31:56: Tara dara lagcha purana yaada
2025-12-27T05:31:56: Dsus2              A6
2025-12-27T05:31:56: Haru jharhari jhai dohorine po ho ki 
2025-12-27T05:31:56: 
2025-12-27T05:31:56: Amaj9     F#m9
2025-12-27T05:31:56: Aparichit timro mero
2025-12-27T05:31:56: Dsus2       A6
2025-12-27T05:31:56: Bhaawana haru ek apasa maa
2025-12-27T05:31:56: Amaj9…
2025-12-27T05:31:56: scraper > Browser context closed.
2025-12-27T05:32:04: 
2025-12-27T05:32:04: ──────── REQUEST ────────
2025-12-27T05:32:04: scraper > songName: aparachit seat
2025-12-27T05:32:04: scraper > linkIndex (raw): 0
2025-12-27T05:32:04: 
2025-12-27T05:32:04: ──────── GOOGLE SEARCH ────────
2025-12-27T05:32:04: scraper > Searching Google for: aparachit seat
2025-12-27T05:32:04: scraper > Using API Key: AIza****3tvo
2025-12-27T05:32:04: scraper > Final query sent: "aparachit seat lyrics and chords"
2025-12-27T05:32:04: scraper > Using GOOGLE_NOBILLING_API_KEY_2: AIza****sgEQ
2025-12-27T05:32:04: scraper > Using SEARCHENGINE_ID_2: 055c81ad25228427a
2025-12-27T05:32:04: scraper > Google returned 8 results
2025-12-27T05:32:04: scraper > [0] SRI RANGANATHA PAADHUKA SAHASRAM :: https://www.sadagopan.org/ebook/pdf/Paduka%20Sahasram.pdf
2025-12-27T05:32:04: scraper > [1] IMDB Movie Review EDA & Sentiment Analysis :: https://www.kaggle.com/code/aradiajoanne/imdb-movie-review-eda-sentiment-analysis
2025-12-27T05:32:04: scraper > [2] Full text of "Indian Literature Vol.-21 Number-1" :: https://archive.org/stream/in.ernet.dli.2015.140058/2015.140058.Indian-Literature-Vol-21-Number-1_djvu.txt
2025-12-27T05:32:04: scraper > [3] NCPA BANDISH :: https://www.ncpamumbai.com/wp-content/uploads/2022/01/ON-Stage-July-2022-Revised.pdf
2025-12-27T05:32:04: scraper > [4] THE STUDENT'S PRACTICAL ENGLISH-HINDI DICTIONARY :: https://sanskritdocuments.org/hindi/dict/eng-hin_unic.html
2025-12-27T05:32:04: scraper > [5] 2.0 A Visual Brilliance By Shankar | Media Magick :: https://mediamagick.com/2-0-movie-review-rajnikath-akshay-shankar/
2025-12-27T05:32:04: scraper > [6] Untitled :: https://www.ixbt.com/cgi-bin/click_i.cgi?id=126656&pg=6693135
2025-12-27T05:32:04: scraper > [7] (PDF) An Ecology of the Spirit: Rabindranath's Experience of Nature :: https://www.academia.edu/127808673/An_Ecology_of_the_Spirit_Rabindranaths_Experience_of_Nature
2025-12-27T05:32:04: scraper > Sorted by (lyrics/chords) score.
2025-12-27T05:32:04: scraper > Chosen URL: https://www.sadagopan.org/ebook/pdf/Paduka%20Sahasram.pdf
2025-12-27T05:32:04: scraper > Chosen Title: SRI RANGANATHA PAADHUKA SAHASRAM
2025-12-27T05:32:04: 
2025-12-27T05:32:04: ──────── NAVIGATE ────────
2025-12-27T05:32:05: scraper > Error in scrapeLyrisc: page.goto: net::ERR_ABORTED at https://www.sadagopan.org/ebook/pdf/Paduka%20Sahasram.pdf
2025-12-27T05:32:05: Call log:
2025-12-27T05:32:05: [2m  - navigating to "https://www.sadagopan.org/ebook/pdf/Paduka%20Sahasram.pdf", waiting until "domcontentloaded"[22m
2025-12-27T05:32:05: 
2025-12-27T05:32:05: scraper > Browser context closed.
2025-12-27T05:32:07: 
2025-12-27T05:32:07: ──────── REQUEST ────────
2025-12-27T05:32:07: scraper > songName: aparachit swar
2025-12-27T05:32:07: scraper > linkIndex (raw): 0
2025-12-27T05:32:07: 
2025-12-27T05:32:07: ──────── GOOGLE SEARCH ────────
2025-12-27T05:32:07: scraper > Searching Google for: aparachit swar
2025-12-27T05:32:07: scraper > Using API Key: AIza****3tvo
2025-12-27T05:32:07: scraper > Final query sent: "aparachit swar lyrics and chords"
2025-12-27T05:32:07: scraper > Using GOOGLE_NOBILLING_API_KEY_2: AIza****sgEQ
2025-12-27T05:32:07: scraper > Using SEARCHENGINE_ID_2: 055c81ad25228427a
2025-12-27T05:32:07: scraper > Google returned 8 results
2025-12-27T05:32:07: scraper > [0] APARIBHASIT CHORDS (ver 2) by Swar , Swapnil Sharma & Rohit ... :: https://tabs.ultimate-guitar.com/tab/swar/aparibhasit-chords-4275661
2025-12-27T05:32:07: scraper > [1] Aparibhasit chords | SWAR - Lyricalchordsansar :: https://lyricalchordsansar.com/aparibhasit-chords-swar/
2025-12-27T05:32:07: scraper > [2] APARIBHASIT CHORDS by Swar , Swapnil Sharma & Rohit Shakya ... :: https://tabs.ultimate-guitar.com/tab/swar/aparibhasit-chords-4203922
2025-12-27T05:32:07: scraper > [3] Aparibhasit || Swar - Swapnil Sharma (Lyrics) Chords - Chordify :: https://chordify.net/chords/aparibhasit-swar-swapnil-sharma-lyrics-rhythm
2025-12-27T05:32:07: scraper > [4] Swar [NPL] – Aparibhasit Lyrics | Genius Lyrics :: https://genius.com/Swar-npl-aparibhasit-lyrics
2025-12-27T05:32:07: scraper > [5] Aparibhasit chords by Swar - Mye Guitar :: https://www.mye-guitar.com/song/aparibhasit
2025-12-27T05:32:07: scraper > [6] Sunna- Oasis Thapa - Sajilo Chords :: https://www.sanzivtoo.com.np/2020/07/sunna-oasis-thapa.html?m=1
2025-12-27T05:32:07: scraper > [7] APARIBHASIT Lyrics in English – Swar - GeetKoLyrics :: https://geetkolyrics.com/aparibhasit-lyrics-swar/
2025-12-27T05:32:07: scraper > Sorted by (lyrics/chords) score.
2025-12-27T05:32:07: scraper > Chosen URL: https://chordify.net/chords/aparibhasit-swar-swapnil-sharma-lyrics-rhythm
2025-12-27T05:32:07: scraper > Chosen Title: Aparibhasit || Swar - Swapnil Sharma (Lyrics) Chords - Chordify
2025-12-27T05:32:07: 
2025-12-27T05:32:07: ──────── NAVIGATE ────────
2025-12-27T05:32:08: scraper > page.goto done. Final URL: https://chordify.net/chords/aparibhasit-swar-swapnil-sharma-lyrics-rhythm
2025-12-27T05:32:08: scraper > HTTP status: 200
2025-12-27T05:32:14: scraper > Page title: Aparibhasit || Swar - Swapnil Sharma (Lyrics) Chords - Chordify
2025-12-27T05:32:14: scraper > HTML length: 278666
2025-12-27T05:32:14: 
2025-12-27T05:32:14: ──────── READABILITY ────────
2025-12-27T05:32:14: scraper > isProbablyReaderable: false
2025-12-27T05:32:17: scraper > Readability parse OK. content length: 5959
2025-12-27T05:32:17: scraper > Lines from Readability: 44
2025-12-27T05:32:17: 
2025-12-27T05:32:17: ──────── FALLBACK #1 (DENSE BLOCK) ────────
2025-12-27T05:32:17: 
2025-12-27T05:32:17: ──────── FALLBACK #2 (SITE-AWARE) ────────
2025-12-27T05:32:17: 
2025-12-27T05:32:17: ──────── RESULT ────────
2025-12-27T05:32:17: scraper > Used Readability: true Useful: true
2025-12-27T05:32:17: scraper > Final URL: https://chordify.net/chords/aparibhasit-swar-swapnil-sharma-lyrics-rhythm
2025-12-27T05:32:17: scraper > Total lines: 44
2025-12-27T05:32:17: scraper > Preview: Song Details |  | Chords | BC♯F♯D♯ₘ |  | Key | F♯ |  | bpm120jam sessions13Last modifiedDecember 31, 2024TitleAparibhasit || Swar - Swapnil Sharma (Lyrics) |  | Show more |  | Chordify Premium Demo Try now |  | Queen – Bohemian Rhapsody (Official Video Remastered) |  | 473K jam sessionschords: B♭CₘE…
2025-12-27T05:32:17: scraper > Browser context closed.
2025-12-27T05:32:23: 
2025-12-27T05:32:23: ──────── REQUEST ────────
2025-12-27T05:32:23: scraper > songName: aparachit swar
2025-12-27T05:32:23: scraper > linkIndex (raw): 1
2025-12-27T05:32:23: 
2025-12-27T05:32:23: ──────── GOOGLE SEARCH ────────
2025-12-27T05:32:23: scraper > Searching Google for: aparachit swar
2025-12-27T05:32:23: scraper > Using API Key: AIza****3tvo
2025-12-27T05:32:23: scraper > Final query sent: "aparachit swar lyrics and chords"
2025-12-27T05:32:23: scraper > Using GOOGLE_NOBILLING_API_KEY_2: AIza****sgEQ
2025-12-27T05:32:23: scraper > Using SEARCHENGINE_ID_2: 055c81ad25228427a
2025-12-27T05:32:23: scraper > Google returned 8 results
2025-12-27T05:32:23: scraper > [0] APARIBHASIT CHORDS (ver 2) by Swar , Swapnil Sharma & Rohit ... :: https://tabs.ultimate-guitar.com/tab/swar/aparibhasit-chords-4275661
2025-12-27T05:32:23: scraper > [1] Aparibhasit chords | SWAR - Lyricalchordsansar :: https://lyricalchordsansar.com/aparibhasit-chords-swar/
2025-12-27T05:32:23: scraper > [2] APARIBHASIT CHORDS by Swar , Swapnil Sharma & Rohit Shakya ... :: https://tabs.ultimate-guitar.com/tab/swar/aparibhasit-chords-4203922
2025-12-27T05:32:23: scraper > [3] Aparibhasit || Swar - Swapnil Sharma (Lyrics) Chords - Chordify :: https://chordify.net/chords/aparibhasit-swar-swapnil-sharma-lyrics-rhythm
2025-12-27T05:32:23: scraper > [4] Swar [NPL] – Aparibhasit Lyrics | Genius Lyrics :: https://genius.com/Swar-npl-aparibhasit-lyrics
2025-12-27T05:32:23: scraper > [5] Aparibhasit chords by Swar - Mye Guitar :: https://www.mye-guitar.com/song/aparibhasit
2025-12-27T05:32:23: scraper > [6] Sunna- Oasis Thapa - Sajilo Chords :: https://www.sanzivtoo.com.np/2020/07/sunna-oasis-thapa.html?m=1
2025-12-27T05:32:23: scraper > [7] APARIBHASIT Lyrics in English – Swar - GeetKoLyrics :: https://geetkolyrics.com/aparibhasit-lyrics-swar/
2025-12-27T05:32:23: scraper > Sorted by (lyrics/chords) score.
2025-12-27T05:32:23: scraper > Chosen URL: https://genius.com/Swar-npl-aparibhasit-lyrics
2025-12-27T05:32:23: scraper > Chosen Title: Swar [NPL] – Aparibhasit Lyrics | Genius Lyrics
2025-12-27T05:32:23: 
2025-12-27T05:32:23: ──────── NAVIGATE ────────
2025-12-27T05:32:25: scraper > page.goto done. Final URL: https://genius.com/Swar-npl-aparibhasit-lyrics
2025-12-27T05:32:25: scraper > HTTP status: 200
2025-12-27T05:32:34: 
2025-12-27T05:32:34: ──────── REQUEST ────────
2025-12-27T05:32:34: scraper > songName: aparachit swapnil
2025-12-27T05:32:34: scraper > linkIndex (raw): 0
2025-12-27T05:32:34: 
2025-12-27T05:32:34: ──────── GOOGLE SEARCH ────────
2025-12-27T05:32:34: scraper > Searching Google for: aparachit swapnil
2025-12-27T05:32:34: scraper > Using API Key: AIza****3tvo
2025-12-27T05:32:34: scraper > Final query sent: "aparachit swapnil lyrics and chords"
2025-12-27T05:32:34: scraper > Using GOOGLE_NOBILLING_API_KEY_2: AIza****sgEQ
2025-12-27T05:32:34: scraper > Using SEARCHENGINE_ID_2: 055c81ad25228427a
2025-12-27T05:32:34: scraper > Google returned 8 results
2025-12-27T05:32:34: scraper > [0] APARIBHASIT CHORDS (ver 2) by Swar , Swapnil Sharma & Rohit ... :: https://tabs.ultimate-guitar.com/tab/swar/aparibhasit-chords-4275661
2025-12-27T05:32:34: scraper > [1] Aparibhasit chords | SWAR - Lyricalchordsansar :: https://lyricalchordsansar.com/aparibhasit-chords-swar/
2025-12-27T05:32:34: scraper > [2] APARIBHASIT CHORDS by Swar , Swapnil Sharma & Rohit Shakya ... :: https://tabs.ultimate-guitar.com/tab/swar/aparibhasit-chords-4203922
2025-12-27T05:32:34: scraper > [3] Aparibhasit || Swar - Swapnil Sharma (Lyrics) Chords - Chordify :: https://chordify.net/chords/aparibhasit-swar-swapnil-sharma-lyrics-rhythm
2025-12-27T05:32:34: scraper > [4] Swar [NPL] – Aparibhasit Lyrics | Genius Lyrics :: https://genius.com/Swar-npl-aparibhasit-lyrics
2025-12-27T05:32:34: scraper > [5] List of Songs Recorded by Shreya Ghoshal - Wikipedia | PDF :: https://www.scribd.com/document/927407461/List-of-Songs-Recorded-by-Shreya-Ghoshal-Wikipedia
2025-12-27T05:32:34: scraper > [6] Sunna- Oasis Thapa - Sajilo Chords :: https://www.sanzivtoo.com.np/2020/07/sunna-oasis-thapa.html?m=1
2025-12-27T05:32:34: scraper > [7] NCPA BANDISH :: https://www.ncpamumbai.com/wp-content/uploads/2022/01/ON-Stage-July-2022-Revised.pdf
2025-12-27T05:32:34: scraper > Sorted by (lyrics/chords) score.
2025-12-27T05:32:34: scraper > Chosen URL: https://chordify.net/chords/aparibhasit-swar-swapnil-sharma-lyrics-rhythm
2025-12-27T05:32:34: scraper > Chosen Title: Aparibhasit || Swar - Swapnil Sharma (Lyrics) Chords - Chordify
2025-12-27T05:32:34: 
2025-12-27T05:32:34: ──────── NAVIGATE ────────
2025-12-27T05:32:37: scraper > networkidle wait skipped/timeout
2025-12-27T05:32:37: scraper > Page title: Swar [NPL] – Aparibhasit Lyrics | Genius Lyrics
2025-12-27T05:32:37: scraper > HTML length: 1466289
2025-12-27T05:32:37: 
2025-12-27T05:32:37: ──────── READABILITY ────────
2025-12-27T05:32:38: scraper > isProbablyReaderable: true
2025-12-27T05:32:38: scraper > Readability parse OK. content length: 1955
2025-12-27T05:32:38: scraper > Lines from Readability: 53
2025-12-27T05:32:38: 
2025-12-27T05:32:38: ──────── FALLBACK #1 (DENSE BLOCK) ────────
2025-12-27T05:32:38: 
2025-12-27T05:32:38: ──────── FALLBACK #2 (SITE-AWARE) ────────
2025-12-27T05:32:38: 
2025-12-27T05:32:38: ──────── RESULT ────────
2025-12-27T05:32:38: scraper > Used Readability: true Useful: true
2025-12-27T05:32:38: scraper > Final URL: https://genius.com/Swar-npl-aparibhasit-lyrics
2025-12-27T05:32:38: scraper > Total lines: 53
2025-12-27T05:32:38: scraper > Preview: [Verse 1] | भ्रम नै होस् मनको खुसी नै छु म | माया धेरै धेरै गर्छु , तर अर्थ केही छैन | भावनाहरु पोखुँ पनि अधिकार छैन | तर, यो नमान कि भावना नै छैन । | तिमी कल्पना हौ, बास्तबिकता मा छैनौ | मेरो भ्रम हौ , परिभाषित मैले गर्न सक्दिन | तिमी मेरा, हरेक चाहना अनि बाहना  हौ |  | [Chorus] | मेरो मन भित्रका ह…
2025-12-27T05:32:38: scraper > Browser context closed.
2025-12-27T05:32:38: scraper > page.goto done. Final URL: https://chordify.net/chords/aparibhasit-swar-swapnil-sharma-lyrics-rhythm
2025-12-27T05:32:38: scraper > HTTP status: 200
2025-12-27T05:32:40: 
2025-12-27T05:32:40: ──────── REQUEST ────────
2025-12-27T05:32:40: scraper > songName: aparachit swar
2025-12-27T05:32:40: scraper > linkIndex (raw): 1
2025-12-27T05:32:40: 
2025-12-27T05:32:40: ──────── GOOGLE SEARCH ────────
2025-12-27T05:32:40: scraper > Searching Google for: aparachit swar
2025-12-27T05:32:40: scraper > Using API Key: AIza****3tvo
2025-12-27T05:32:40: scraper > Final query sent: "aparachit swar lyrics and chords"
2025-12-27T05:32:40: scraper > Using GOOGLE_NOBILLING_API_KEY_2: AIza****sgEQ
2025-12-27T05:32:40: scraper > Using SEARCHENGINE_ID_2: 055c81ad25228427a
2025-12-27T05:32:40: scraper > Google returned 8 results
2025-12-27T05:32:40: scraper > [0] APARIBHASIT CHORDS (ver 2) by Swar , Swapnil Sharma & Rohit ... :: https://tabs.ultimate-guitar.com/tab/swar/aparibhasit-chords-4275661
2025-12-27T05:32:40: scraper > [1] Aparibhasit chords | SWAR - Lyricalchordsansar :: https://lyricalchordsansar.com/aparibhasit-chords-swar/
2025-12-27T05:32:40: scraper > [2] APARIBHASIT CHORDS by Swar , Swapnil Sharma & Rohit Shakya ... :: https://tabs.ultimate-guitar.com/tab/swar/aparibhasit-chords-4203922
2025-12-27T05:32:40: scraper > [3] Aparibhasit || Swar - Swapnil Sharma (Lyrics) Chords - Chordify :: https://chordify.net/chords/aparibhasit-swar-swapnil-sharma-lyrics-rhythm
2025-12-27T05:32:40: scraper > [4] Swar [NPL] – Aparibhasit Lyrics | Genius Lyrics :: https://genius.com/Swar-npl-aparibhasit-lyrics
2025-12-27T05:32:40: scraper > [5] Aparibhasit chords by Swar - Mye Guitar :: https://www.mye-guitar.com/song/aparibhasit
2025-12-27T05:32:40: scraper > [6] Sunna- Oasis Thapa - Sajilo Chords :: https://www.sanzivtoo.com.np/2020/07/sunna-oasis-thapa.html?m=1
2025-12-27T05:32:40: scraper > [7] APARIBHASIT Lyrics in English – Swar - GeetKoLyrics :: https://geetkolyrics.com/aparibhasit-lyrics-swar/
2025-12-27T05:32:40: scraper > Sorted by (lyrics/chords) score.
2025-12-27T05:32:40: scraper > Chosen URL: https://genius.com/Swar-npl-aparibhasit-lyrics
2025-12-27T05:32:40: scraper > Chosen Title: Swar [NPL] – Aparibhasit Lyrics | Genius Lyrics
2025-12-27T05:32:40: 
2025-12-27T05:32:40: ──────── NAVIGATE ────────
2025-12-27T05:32:42: scraper > page.goto done. Final URL: https://genius.com/Swar-npl-aparibhasit-lyrics
2025-12-27T05:32:42: scraper > HTTP status: 200
2025-12-27T05:32:49: scraper > Timeout hit. Closing context and returning fallback.
2025-12-27T05:32:49: scraper > networkidle wait skipped/timeout
2025-12-27T05:32:49: scraper > Error in scrapeLyrisc: page.title: Target page, context or browser has been closed
2025-12-27T05:32:49: scraper > Browser context closed.
2025-12-27T05:32:54: scraper > networkidle wait skipped/timeout
2025-12-27T05:32:54: scraper > Page title: Swar [NPL] – Aparibhasit Lyrics | Genius Lyrics
2025-12-27T05:32:54: scraper > HTML length: 1186684
2025-12-27T05:32:54: 
2025-12-27T05:32:54: ──────── READABILITY ────────
2025-12-27T05:32:55: scraper > isProbablyReaderable: true
2025-12-27T05:32:55: scraper > Readability parse OK. content length: 1955
2025-12-27T05:32:55: scraper > Lines from Readability: 53
2025-12-27T05:32:55: 
2025-12-27T05:32:55: ──────── FALLBACK #1 (DENSE BLOCK) ────────
2025-12-27T05:32:55: 
2025-12-27T05:32:55: ──────── FALLBACK #2 (SITE-AWARE) ────────
2025-12-27T05:32:55: 
2025-12-27T05:32:55: ──────── RESULT ────────
2025-12-27T05:32:55: scraper > Used Readability: true Useful: true
2025-12-27T05:32:55: scraper > Final URL: https://genius.com/Swar-npl-aparibhasit-lyrics
2025-12-27T05:32:55: scraper > Total lines: 53
2025-12-27T05:32:55: scraper > Preview: [Verse 1] | भ्रम नै होस् मनको खुसी नै छु म | माया धेरै धेरै गर्छु , तर अर्थ केही छैन | भावनाहरु पोखुँ पनि अधिकार छैन | तर, यो नमान कि भावना नै छैन । | तिमी कल्पना हौ, बास्तबिकता मा छैनौ | मेरो भ्रम हौ , परिभाषित मैले गर्न सक्दिन | तिमी मेरा, हरेक चाहना अनि बाहना  हौ |  | [Chorus] | मेरो मन भित्रका ह…
2025-12-27T05:32:55: scraper > Browser context closed.
2025-12-27T05:32:59: 
2025-12-27T05:32:59: ──────── REQUEST ────────
2025-12-27T05:32:59: scraper > songName: aparachit swar
2025-12-27T05:32:59: scraper > linkIndex (raw): 2
2025-12-27T05:32:59: 
2025-12-27T05:32:59: ──────── GOOGLE SEARCH ────────
2025-12-27T05:32:59: scraper > Searching Google for: aparachit swar
2025-12-27T05:32:59: scraper > Using API Key: AIza****3tvo
2025-12-27T05:32:59: scraper > Final query sent: "aparachit swar lyrics and chords"
2025-12-27T05:32:59: scraper > Using GOOGLE_NOBILLING_API_KEY_2: AIza****sgEQ
2025-12-27T05:32:59: scraper > Using SEARCHENGINE_ID_2: 055c81ad25228427a
2025-12-27T05:32:59: scraper > Google returned 8 results
2025-12-27T05:32:59: scraper > [0] APARIBHASIT CHORDS (ver 2) by Swar , Swapnil Sharma & Rohit ... :: https://tabs.ultimate-guitar.com/tab/swar/aparibhasit-chords-4275661
2025-12-27T05:32:59: scraper > [1] Aparibhasit chords | SWAR - Lyricalchordsansar :: https://lyricalchordsansar.com/aparibhasit-chords-swar/
2025-12-27T05:32:59: scraper > [2] APARIBHASIT CHORDS by Swar , Swapnil Sharma & Rohit Shakya ... :: https://tabs.ultimate-guitar.com/tab/swar/aparibhasit-chords-4203922
2025-12-27T05:32:59: scraper > [3] Aparibhasit || Swar - Swapnil Sharma (Lyrics) Chords - Chordify :: https://chordify.net/chords/aparibhasit-swar-swapnil-sharma-lyrics-rhythm
2025-12-27T05:32:59: scraper > [4] Swar [NPL] – Aparibhasit Lyrics | Genius Lyrics :: https://genius.com/Swar-npl-aparibhasit-lyrics
2025-12-27T05:32:59: scraper > [5] Aparibhasit chords by Swar - Mye Guitar :: https://www.mye-guitar.com/song/aparibhasit
2025-12-27T05:32:59: scraper > [6] Sunna- Oasis Thapa - Sajilo Chords :: https://www.sanzivtoo.com.np/2020/07/sunna-oasis-thapa.html?m=1
2025-12-27T05:32:59: scraper > [7] APARIBHASIT Lyrics in English – Swar - GeetKoLyrics :: https://geetkolyrics.com/aparibhasit-lyrics-swar/
2025-12-27T05:32:59: scraper > Sorted by (lyrics/chords) score.
2025-12-27T05:32:59: scraper > Chosen URL: https://geetkolyrics.com/aparibhasit-lyrics-swar/
2025-12-27T05:32:59: scraper > Chosen Title: APARIBHASIT Lyrics in English – Swar - GeetKoLyrics
2025-12-27T05:32:59: 
2025-12-27T05:32:59: ──────── NAVIGATE ────────
2025-12-27T05:33:01: scraper > page.goto done. Final URL: https://geetkolyrics.com/aparibhasit-lyrics-swar/
2025-12-27T05:33:01: scraper > HTTP status: 200
2025-12-27T05:33:13: scraper > networkidle wait skipped/timeout
2025-12-27T05:33:13: scraper > Page title: APARIBHASIT Lyrics in English – Swar - GeetKoLyrics
2025-12-27T05:33:13: scraper > HTML length: 119694
2025-12-27T05:33:13: 
2025-12-27T05:33:13: ──────── READABILITY ────────
2025-12-27T05:33:13: scraper > isProbablyReaderable: true
2025-12-27T05:33:13: scraper > Readability parse OK. content length: 4750
2025-12-27T05:33:13: scraper > Lines from Readability: 56
2025-12-27T05:33:13: 
2025-12-27T05:33:13: ──────── FALLBACK #1 (DENSE BLOCK) ────────
2025-12-27T05:33:13: 
2025-12-27T05:33:13: ──────── FALLBACK #2 (SITE-AWARE) ────────
2025-12-27T05:33:13: 
2025-12-27T05:33:13: ──────── RESULT ────────
2025-12-27T05:33:13: scraper > Used Readability: true Useful: true
2025-12-27T05:33:13: scraper > Final URL: https://geetkolyrics.com/aparibhasit-lyrics-swar/
2025-12-27T05:33:13: scraper > Total lines: 56
2025-12-27T05:33:13: scraper > Preview: APARIBHASIT Lyrics in English by Swar: ‘Aparibhasit’ is the very first release song from the trio Nepali band, Swar. The band comprises three members Swapnil Sharma on vocals, Rohit Shakya on guitars and back vocals, and Gautam Tandukar on drums. The trio announced their new project ‘Swar’ officiall…
2025-12-27T05:33:13: scraper > Browser context closed.
2025-12-27T05:35:32: 
2025-12-27T05:35:32: ──────── REQUEST ────────
2025-12-27T05:35:32: scraper > songName: aparachit swar
2025-12-27T05:35:32: scraper > linkIndex (raw): 3
2025-12-27T05:35:33: 
2025-12-27T05:35:33: ──────── GOOGLE SEARCH ────────
2025-12-27T05:35:33: scraper > Searching Google for: aparachit swar
2025-12-27T05:35:33: scraper > Using API Key: AIza****3tvo
2025-12-27T05:35:33: scraper > Final query sent: "aparachit swar lyrics and chords"
2025-12-27T05:35:33: scraper > Using GOOGLE_NOBILLING_API_KEY_2: AIza****sgEQ
2025-12-27T05:35:33: scraper > Using SEARCHENGINE_ID_2: 055c81ad25228427a
2025-12-27T05:35:33: scraper > Google returned 8 results
2025-12-27T05:35:33: scraper > [0] APARIBHASIT CHORDS (ver 2) by Swar , Swapnil Sharma & Rohit ... :: https://tabs.ultimate-guitar.com/tab/swar/aparibhasit-chords-4275661
2025-12-27T05:35:33: scraper > [1] Aparibhasit chords | SWAR - Lyricalchordsansar :: https://lyricalchordsansar.com/aparibhasit-chords-swar/
2025-12-27T05:35:33: scraper > [2] APARIBHASIT CHORDS by Swar , Swapnil Sharma & Rohit Shakya ... :: https://tabs.ultimate-guitar.com/tab/swar/aparibhasit-chords-4203922
2025-12-27T05:35:33: scraper > [3] Aparibhasit || Swar - Swapnil Sharma (Lyrics) Chords - Chordify :: https://chordify.net/chords/aparibhasit-swar-swapnil-sharma-lyrics-rhythm
2025-12-27T05:35:33: scraper > [4] Swar [NPL] – Aparibhasit Lyrics | Genius Lyrics :: https://genius.com/Swar-npl-aparibhasit-lyrics
2025-12-27T05:35:33: scraper > [5] Aparibhasit chords by Swar - Mye Guitar :: https://www.mye-guitar.com/song/aparibhasit
2025-12-27T05:35:33: scraper > [6] Sunna- Oasis Thapa - Sajilo Chords :: https://www.sanzivtoo.com.np/2020/07/sunna-oasis-thapa.html?m=1
2025-12-27T05:35:33: scraper > [7] APARIBHASIT Lyrics in English – Swar - GeetKoLyrics :: https://geetkolyrics.com/aparibhasit-lyrics-swar/
2025-12-27T05:35:33: scraper > Sorted by (lyrics/chords) score.
2025-12-27T05:35:33: scraper > Chosen URL: https://tabs.ultimate-guitar.com/tab/swar/aparibhasit-chords-4275661
2025-12-27T05:35:33: scraper > Chosen Title: APARIBHASIT CHORDS (ver 2) by Swar , Swapnil Sharma & Rohit ...
2025-12-27T05:35:33: 
2025-12-27T05:35:33: ──────── NAVIGATE ────────
2025-12-27T05:35:34: scraper > page.goto done. Final URL: https://tabs.ultimate-guitar.com/tab/swar/aparibhasit-chords-4275661
2025-12-27T05:35:34: scraper > HTTP status: 200
2025-12-27T05:35:46: scraper > networkidle wait skipped/timeout
2025-12-27T05:35:46: scraper > Page title: APARIBHASIT CHORDS (ver 2) by Swar , Swapnil Sharma & Rohit Shakya @ Ultimate-Guitar.Com
2025-12-27T05:35:46: scraper > HTML length: 343626
2025-12-27T05:35:46: 
2025-12-27T05:35:46: ──────── READABILITY ────────
2025-12-27T05:35:46: scraper > isProbablyReaderable: true
2025-12-27T05:35:46: scraper > Readability parse OK. content length: 4736
2025-12-27T05:35:46: scraper > Lines from Readability: 39
2025-12-27T05:35:46: 
2025-12-27T05:35:46: ──────── FALLBACK #1 (DENSE BLOCK) ────────
2025-12-27T05:35:46: 
2025-12-27T05:35:46: ──────── FALLBACK #2 (SITE-AWARE) ────────
2025-12-27T05:35:46: 
2025-12-27T05:35:46: ──────── RESULT ────────
2025-12-27T05:35:46: scraper > Used Readability: true Useful: true
2025-12-27T05:35:46: scraper > Final URL: https://tabs.ultimate-guitar.com/tab/swar/aparibhasit-chords-4275661
2025-12-27T05:35:46: scraper > Total lines: 39
2025-12-27T05:35:46: scraper > Preview: Speed: 0.2 |  | Transpose |  | Swar - Aparibhasit
2025-12-27T05:35:46:  
2025-12-27T05:35:46:  
2025-12-27T05:35:46:  
2025-12-27T05:35:46: [Verse 1]
2025-12-27T05:35:46:  
2025-12-27T05:35:46: C                                G
2025-12-27T05:35:46: Bhrama nai hos maana ko khushi nai chu ma
2025-12-27T05:35:46: C                               G
2025-12-27T05:35:46: Maya dherai dherai garchu, tara aartha kehi chaina
2025-12-27T05:35:46: C                       G
2025-12-27T05:35:46: Bhawana haru pokhu pani adhikar chaina
2025-12-27T05:35:46: C    …
2025-12-27T05:35:47: scraper > Browser context closed.
2025-12-27T05:35:57: 
2025-12-27T05:35:57: ──────── REQUEST ────────
2025-12-27T05:35:57: scraper > songName: mari jau
2025-12-27T05:35:57: scraper > linkIndex (raw): 0
2025-12-27T05:35:57: 
2025-12-27T05:35:57: ──────── GOOGLE SEARCH ────────
2025-12-27T05:35:57: scraper > Searching Google for: mari jau
2025-12-27T05:35:57: scraper > Using API Key: AIza****3tvo
2025-12-27T05:35:57: scraper > Final query sent: "mari jau lyrics and chords"
2025-12-27T05:35:57: scraper > Using GOOGLE_NOBILLING_API_KEY_2: AIza****sgEQ
2025-12-27T05:35:57: scraper > Using SEARCHENGINE_ID_2: 055c81ad25228427a
2025-12-27T05:35:57: scraper > Google returned 8 results
2025-12-27T05:35:57: scraper > [0] MARI JAU CHORDS by Bikki Gurung @ Ultimate-Guitar.Com :: https://tabs.ultimate-guitar.com/tab/bikki-gurung/mari-jau-chords-2674932
2025-12-27T05:35:57: scraper > [1] Marijaau Uke tab by Bikki Gurung - Ukulele Tabs :: https://www.ukulele-tabs.com/uke-songs/bikki-gurung/marijaau-uke-tab-77875.html
2025-12-27T05:35:57: scraper > [2] Mari Jau | NEPALI GUITAR TABS :: https://nepaliguitartabs.wordpress.com/2020/09/10/mari-jau-bikki-gurung/
2025-12-27T05:35:57: scraper > [3] Mari Jau Chords, Lyrics and Music Video By Bikki Gurung | Music ... :: https://tabs.musiccafenepal.com/bikki-gurung/mari-jau
2025-12-27T05:35:57: scraper > [4] Bikki Gurung Chords & Tabs for Guitar, Ukulele, Bass, Drums at ... :: https://www.ultimate-guitar.com/artist/bikki_gurung_284790
2025-12-27T05:35:57: scraper > [5] DIBYA SUBBA - NEPALI SONGS LYRICS: NIRDOSH :: http://mohit-nepalilyrics.blogspot.com/2014/09/nirdosh-dibya-subba.html
2025-12-27T05:35:57: scraper > [6] Maili | The Outsiders | Lyrics, Chords, MP3 | TunesNepal :: https://www.tunesnepal.com/remove-from-playlist/1467
2025-12-27T05:35:57: scraper > [7] Mero Jiwanbata Jane Bhaye Jau Chords & Lyrics by Dambar Nepali ... :: https://hamrochords.com/dambar-nepali/mero-jiwanbata-jane-bhaye-jau
2025-12-27T05:35:57: scraper > Sorted by (lyrics/chords) score.
2025-12-27T05:35:57: scraper > Chosen URL: https://tabs.musiccafenepal.com/bikki-gurung/mari-jau
2025-12-27T05:35:57: scraper > Chosen Title: Mari Jau Chords, Lyrics and Music Video By Bikki Gurung | Music ...
2025-12-27T05:35:57: 
2025-12-27T05:35:57: ──────── NAVIGATE ────────
2025-12-27T05:35:59: scraper > page.goto done. Final URL: https://tabs.musiccafenepal.com/bikki-gurung/mari-jau
2025-12-27T05:35:59: scraper > HTTP status: 200
2025-12-27T05:36:03: scraper > Page title: Mari Jau Chords, Lyrics and Music Video By Bikki Gurung | Music Cafe Nepal
2025-12-27T05:36:03: scraper > HTML length: 188263
2025-12-27T05:36:03: 
2025-12-27T05:36:03: ──────── READABILITY ────────
2025-12-27T05:36:04: scraper > isProbablyReaderable: true
2025-12-27T05:36:04: scraper > Readability parse OK. content length: 2098
2025-12-27T05:36:04: scraper > Lines from Readability: 2
2025-12-27T05:36:04: 
2025-12-27T05:36:04: ──────── FALLBACK #1 (DENSE BLOCK) ────────
2025-12-27T05:36:04: 
2025-12-27T05:36:04: ──────── FALLBACK #2 (SITE-AWARE) ────────
2025-12-27T05:36:04: 
2025-12-27T05:36:04: ──────── RESULT ────────
2025-12-27T05:36:04: scraper > Used Readability: true Useful: true
2025-12-27T05:36:04: scraper > Final URL: https://tabs.musiccafenepal.com/bikki-gurung/mari-jau
2025-12-27T05:36:04: scraper > Total lines: 2
2025-12-27T05:36:04: scraper > Preview: E        C#m
2025-12-27T05:36:04: Kura Sabai thahai chani
2025-12-27T05:36:04: B        A        E
2025-12-27T05:36:04: Timilai K bhanu ma
2025-12-27T05:36:04: E          C#m
2025-12-27T05:36:04: Pagal chu ma timrai lagi
2025-12-27T05:36:04: B           A          E
2025-12-27T05:36:04: Timro k nai cha ra dosha
2025-12-27T05:36:04: E           C#m
2025-12-27T05:36:04: Timi haseko heri rahe
2025-12-27T05:36:04: B           A        E
2025-12-27T05:36:04: Sadhai bhari yesari nai
2025-12-27T05:36:04: E             C#m
2025-12-27T05:36:04: Timro aankha ma aansu dekhe
2025-12-27T05:36:04: B  …
2025-12-27T05:36:04: scraper > Browser context closed.
2025-12-27T19:18:16: [dl] new request id mjooo2qz-p0qnsze6 url https://www.youtube.com/watch?v=b0fgETOm2UQ&list=RDMMb0fgETOm2UQ&start_radio=1https://www.youtube.com/watch?v=b0fgETOm2UQ&list=RDMMb0fgETOm2UQ&start_radio=1https://www.youtube.com/watch?v=b0fgETOm2UQ&list=RDMMb0fgETOm2UQ&start_radio=1https://www.youtube.com/watch?v=b0fgETOm2UQ&list=RDMMb0fgETOm2UQ&start_radio=1
2025-12-27T19:18:16: [setP] mjooo2qz-p0qnsze6 0.05
2025-12-27T19:18:20: [dl] Extracted metadata from yt-dlp: {
2025-12-27T19:18:20:   title: 'Arthur Gunn - Save Me Now (Official Music Video)',
2025-12-27T19:18:20:   author: 'Arthur Gunn [OFFICIAL]'
2025-12-27T19:18:20: }
2025-12-27T19:18:20: [setP] mjooo2qz-p0qnsze6 0.15
2025-12-27T19:18:20: [dl] Starting yt-dlp audio download...
2025-12-27T19:18:20: [yt-dlp] Running command: yt-dlp --proxy http://10.8.0.2:3128 --user-agent Mozilla/5.0 (Windows NT 10.0; Win64; x64) AppleWebKit/537.36 (KHTML, like Gecko) Chrome/120.0.0.0 Safari/537.36 -f bestaudio/best -x --audio-format mp3 --audio-quality 0 --no-playlist --no-warnings --no-progress -o /tmp/audio_1766863100872_g42b4k.mp3 https://www.youtube.com/watch?v=b0fgETOm2UQ&list=RDMMb0fgETOm2UQ&start_radio=1https://www.youtube.com/watch?v=b0fgETOm2UQ&list=RDMMb0fgETOm2UQ&start_radio=1https://www.youtube.com/watch?v=b0fgETOm2UQ&list=RDMMb0fgETOm2UQ&start_radio=1https://www.youtube.com/watch?v=b0fgETOm2UQ&list=RDMMb0fgETOm2UQ&start_radio=1
2025-12-27T19:18:38: [yt-dlp] Successfully downloaded audio file, size: 8248197 bytes
2025-12-27T19:18:38: [yt-dlp] Valid ID3 header detected
2025-12-27T19:18:38: [setP] mjooo2qz-p0qnsze6 1
2025-12-27T19:18:38: [dl] Download complete, buffer size: 10997596
2025-12-27T19:19:07: 
2025-12-27T19:19:07: ──────── REQUEST ────────
2025-12-27T19:19:07: scraper > songName: Arthur Gunn - Save Me Now (Official Music Video)
2025-12-27T19:19:07: scraper > linkIndex (raw): 0
2025-12-27T19:19:08: 
2025-12-27T19:19:08: ──────── GOOGLE SEARCH ────────
2025-12-27T19:19:08: scraper > Searching Google for: arthur gunn - save me now (official music video)
2025-12-27T19:19:08: scraper > Using API Key: AIza****3tvo
2025-12-27T19:19:08: scraper > Final query sent: "arthur gunn - save me now (official music video) lyrics and chords"
2025-12-27T19:19:08: scraper > Using GOOGLE_NOBILLING_API_KEY_2: AIza****sgEQ
2025-12-27T19:19:08: scraper > Using SEARCHENGINE_ID_2: 055c81ad25228427a
2025-12-27T19:19:08: scraper > Google returned 8 results
2025-12-27T19:19:08: scraper > [0] Learn to Play "Save Me Now" by Arthur Gunn on Guitar | TikTok :: https://www.tiktok.com/@ipsaous/video/7362905614403554593
2025-12-27T19:19:08: scraper > [1] Winter Snow - Arthur Gunn & Dibesh Pokharel: Song Lyrics, Music ... :: https://www.shazam.com/song/1676680315/winter-snow
2025-12-27T19:19:08: scraper > [2] Arthur Gunn New Song | TikTok :: https://www.tiktok.com/discover/arthur-gunn-new-song
2025-12-27T19:19:08: scraper > [3] Save me now Chords, Lyrics and Music Video By Arthur Gunn ... :: https://tabs.musiccafenepal.com/arthur-gunn/save-me-now
2025-12-27T19:19:08: scraper > [4] SOME DAYS YOU JUST WAKE UP LAUGHING ... - LADYGUNN :: https://www.ladygunn.com/music/some-days-you-just-wake-up-laughing-special-interview-with-elle-pf/
2025-12-27T19:19:08: scraper > [5] Save Me Now Chords | Arthur Gunn :: https://anysongchord.com/save-me-now-chords/
2025-12-27T19:19:08: scraper > [6] Arthur Gunn - Deebesh Pokhrel Songs, Videos, Chords, Lyrics ... :: https://www.musiccafenepal.com/artist/arthur-gunn
2025-12-27T19:19:08: scraper > [7] Similar Songs :: https://memalign.github.io/m/similarsongs.html
2025-12-27T19:19:08: scraper > Sorted by (lyrics/chords) score.
2025-12-27T19:19:08: scraper > Chosen URL: https://tabs.musiccafenepal.com/arthur-gunn/save-me-now
2025-12-27T19:19:08: scraper > Chosen Title: Save me now Chords, Lyrics and Music Video By Arthur Gunn ...
2025-12-27T19:19:08: 
2025-12-27T19:19:08: ──────── NAVIGATE ────────
2025-12-27T19:19:10: scraper > page.goto done. Final URL: https://tabs.musiccafenepal.com/arthur-gunn/save-me-now
2025-12-27T19:19:10: scraper > HTTP status: 200
2025-12-27T19:19:16: scraper > Page title: Save me now Chords, Lyrics and Music Video By Arthur Gunn - Deebesh Pokhrel | Music Cafe Nepal
2025-12-27T19:19:16: scraper > HTML length: 51874
2025-12-27T19:19:16: 
2025-12-27T19:19:16: ──────── READABILITY ────────
2025-12-27T19:19:16: scraper > isProbablyReaderable: true
2025-12-27T19:19:16: scraper > Readability parse OK. content length: 1981
2025-12-27T19:19:16: scraper > Lines from Readability: 2
2025-12-27T19:19:16: 
2025-12-27T19:19:16: ──────── FALLBACK #1 (DENSE BLOCK) ────────
2025-12-27T19:19:16: 
2025-12-27T19:19:16: ──────── FALLBACK #2 (SITE-AWARE) ────────
2025-12-27T19:19:16: 
2025-12-27T19:19:16: ──────── RESULT ────────
2025-12-27T19:19:16: scraper > Used Readability: true Useful: true
2025-12-27T19:19:16: scraper > Final URL: https://tabs.musiccafenepal.com/arthur-gunn/save-me-now
2025-12-27T19:19:16: scraper > Total lines: 2
2025-12-27T19:19:16: scraper > Preview: E 								B
2025-12-27T19:19:16: I been chasing the feeling, wandering alone
2025-12-27T19:19:16: E 										B
2025-12-27T19:19:16: Tryna find the meaning, and a place to belong
2025-12-27T19:19:16: 
2025-12-27T19:19:16: E    F#   G#m    E
2025-12-27T19:19:16: Happiness is a dream
2025-12-27T19:19:16:     E  F#    G#m   C#m
2025-12-27T19:19:16: But I can't fall asleep
2025-12-27T19:19:16: 
2025-12-27T19:19:16: B 								F#
2025-12-27T19:19:16: Lately, I feel like I need some saving
2025-12-27T19:19:16:  									G#m
2025-12-27T19:19:16: Answers to the prayers I've b…
2025-12-27T19:19:16: scraper > Browser context closed.
2025-12-27T21:53:42: Scheduled browser restart
2025-12-27T21:53:42: Browser closed successfully
2025-12-27T21:53:42: Browser started successfully
2025-12-28T18:29:29: 
2025-12-28T18:29:29: ──────── REQUEST ────────
2025-12-28T18:29:29: scraper > songName: bhool albatross
2025-12-28T18:29:29: scraper > linkIndex (raw): 0
2025-12-28T18:29:29: 
2025-12-28T18:29:29: ──────── GOOGLE SEARCH ────────
2025-12-28T18:29:29: scraper > Searching Google for: bhool albatross
2025-12-28T18:29:29: scraper > Using API Key: AIza****3tvo
2025-12-28T18:29:29: scraper > Final query sent: "bhool albatross lyrics and chords"
2025-12-28T18:29:29: scraper > Using GOOGLE_NOBILLING_API_KEY_2: AIza****sgEQ
2025-12-28T18:29:29: scraper > Using SEARCHENGINE_ID_2: 055c81ad25228427a
2025-12-28T18:29:30: scraper > Google returned 8 results
2025-12-28T18:29:30: scraper > [0] BHOOL CHORDS by Albatross @ Ultimate-Guitar.Com :: https://tabs.ultimate-guitar.com/tab/albatross/bhool-chords-2539722
2025-12-28T18:29:30: scraper > [1] bhool by albatross | Chordograph :: https://chordograph.com/artists/albatross/bhool
2025-12-28T18:29:30: scraper > [2] BHOOL CHORDS (ver 2) by Albatross @ Ultimate-Guitar.Com :: https://tabs.ultimate-guitar.com/tab/albatross/bhool-chords-2859731
2025-12-28T18:29:30: scraper > [3] Bhool chords by Albatross - Mye Guitar :: https://www.mye-guitar.com/song/bhool
2025-12-28T18:29:30: scraper > [4] Albatross Chords & Tabs for Guitar, Ukulele, Bass, Drums at ... :: https://www.ultimate-guitar.com/artist/albatross_30279
2025-12-28T18:29:30: scraper > [5] Bhool | Albatross | Lyrics, Chords, MP3 | TunesNepal :: https://www.tunesnepal.com/albatross/bhool
2025-12-28T18:29:30: scraper > [6] Bhool Ma bhulyo - Robin N Looza ~ Songs Chords :: http://songskord.blogspot.com/2015/10/bhool-ma-bhulyo-robin-n-looza.html
2025-12-28T18:29:30: scraper > [7] Koshish | Albatross | Lyrics, Chords, MP3 | TunesNepal :: https://www.tunesnepal.com/albatross/koshish
2025-12-28T18:29:30: scraper > Sorted by (lyrics/chords) score.
2025-12-28T18:29:30: scraper > Chosen URL: https://www.tunesnepal.com/albatross/bhool
2025-12-28T18:29:30: scraper > Chosen Title: Bhool | Albatross | Lyrics, Chords, MP3 | TunesNepal
2025-12-28T18:29:30: 
2025-12-28T18:29:30: ──────── NAVIGATE ────────
2025-12-28T18:29:33: scraper > page.goto done. Final URL: https://www.tunesnepal.com/albatross/bhool
2025-12-28T18:29:33: scraper > HTTP status: 200
2025-12-28T18:29:39: scraper > Page title: Bhool | Albatross | Lyrics, Chords, MP3 | TunesNepal
2025-12-28T18:29:39: scraper > HTML length: 76405
2025-12-28T18:29:39: 
2025-12-28T18:29:39: ──────── READABILITY ────────
2025-12-28T18:29:39: scraper > isProbablyReaderable: true
2025-12-28T18:29:39: scraper > Readability parse OK. content length: 1535
2025-12-28T18:29:39: scraper > Lines from Readability: 61
2025-12-28T18:29:39: 
2025-12-28T18:29:39: ──────── FALLBACK #1 (DENSE BLOCK) ────────
2025-12-28T18:29:39: 
2025-12-28T18:29:39: ──────── FALLBACK #2 (SITE-AWARE) ────────
2025-12-28T18:29:39: 
2025-12-28T18:29:39: ──────── RESULT ────────
2025-12-28T18:29:39: scraper > Used Readability: true Useful: true
2025-12-28T18:29:39: scraper > Final URL: https://www.tunesnepal.com/albatross/bhool
2025-12-28T18:29:39: scraper > Total lines: 61
2025-12-28T18:29:39: scraper > Preview: Mauka paye sachayu thiye | Sochai sochma mauka gumaye | Bhool ma bata bhayecha yo kasto | Risai ris ma Jan risuthe jasto | Kun din aucha bhani parkhi base | Parkhai mai din bhooli diye | Chodi aaye aafno chahana lai | Todi diye sabai bandhan | Bhool bhayecha yo kasto | Chokho maya nabuje jasto | Bho…
2025-12-28T18:29:39: scraper > Browser context closed.
2025-12-28T18:29:47: 
2025-12-28T18:29:47: ──────── REQUEST ────────
2025-12-28T18:29:47: scraper > songName: bhool albatross
2025-12-28T18:29:47: scraper > linkIndex (raw): 1
2025-12-28T18:29:47: 
2025-12-28T18:29:47: ──────── GOOGLE SEARCH ────────
2025-12-28T18:29:47: scraper > Searching Google for: bhool albatross
2025-12-28T18:29:47: scraper > Using API Key: AIza****3tvo
2025-12-28T18:29:47: scraper > Final query sent: "bhool albatross lyrics and chords"
2025-12-28T18:29:47: scraper > Using GOOGLE_NOBILLING_API_KEY_2: AIza****sgEQ
2025-12-28T18:29:47: scraper > Using SEARCHENGINE_ID_2: 055c81ad25228427a
2025-12-28T18:29:47: scraper > Google returned 8 results
2025-12-28T18:29:47: scraper > [0] BHOOL CHORDS by Albatross @ Ultimate-Guitar.Com :: https://tabs.ultimate-guitar.com/tab/albatross/bhool-chords-2539722
2025-12-28T18:29:47: scraper > [1] bhool by albatross | Chordograph :: https://chordograph.com/artists/albatross/bhool
2025-12-28T18:29:47: scraper > [2] BHOOL CHORDS (ver 2) by Albatross @ Ultimate-Guitar.Com :: https://tabs.ultimate-guitar.com/tab/albatross/bhool-chords-2859731
2025-12-28T18:29:47: scraper > [3] Bhool chords by Albatross - Mye Guitar :: https://www.mye-guitar.com/song/bhool
2025-12-28T18:29:47: scraper > [4] Albatross Chords & Tabs for Guitar, Ukulele, Bass, Drums at ... :: https://www.ultimate-guitar.com/artist/albatross_30279
2025-12-28T18:29:47: scraper > [5] Bhool | Albatross | Lyrics, Chords, MP3 | TunesNepal :: https://www.tunesnepal.com/albatross/bhool
2025-12-28T18:29:47: scraper > [6] Bhool Ma bhulyo - Robin N Looza ~ Songs Chords :: http://songskord.blogspot.com/2015/10/bhool-ma-bhulyo-robin-n-looza.html
2025-12-28T18:29:47: scraper > [7] Koshish | Albatross | Lyrics, Chords, MP3 | TunesNepal :: https://www.tunesnepal.com/albatross/koshish
2025-12-28T18:29:47: scraper > Sorted by (lyrics/chords) score.
2025-12-28T18:29:47: scraper > Chosen URL: https://www.tunesnepal.com/albatross/koshish
2025-12-28T18:29:47: scraper > Chosen Title: Koshish | Albatross | Lyrics, Chords, MP3 | TunesNepal
2025-12-28T18:29:47: 
2025-12-28T18:29:47: ──────── NAVIGATE ────────
2025-12-28T18:29:51: scraper > page.goto done. Final URL: https://www.tunesnepal.com/albatross/koshish
2025-12-28T18:29:51: scraper > HTTP status: 200
2025-12-28T18:29:56: scraper > Page title: Koshish | Albatross | Lyrics, Chords, MP3 | TunesNepal
2025-12-28T18:29:56: scraper > HTML length: 75913
2025-12-28T18:29:56: 
2025-12-28T18:29:56: ──────── READABILITY ────────
2025-12-28T18:29:57: scraper > isProbablyReaderable: true
2025-12-28T18:29:57: scraper > Readability parse OK. content length: 1587
2025-12-28T18:29:57: scraper > Lines from Readability: 49
2025-12-28T18:29:57: 
2025-12-28T18:29:57: ──────── FALLBACK #1 (DENSE BLOCK) ────────
2025-12-28T18:29:57: 
2025-12-28T18:29:57: ──────── FALLBACK #2 (SITE-AWARE) ────────
2025-12-28T18:29:57: 
2025-12-28T18:29:57: ──────── RESULT ────────
2025-12-28T18:29:57: scraper > Used Readability: true Useful: true
2025-12-28T18:29:57: scraper > Final URL: https://www.tunesnepal.com/albatross/koshish
2025-12-28T18:29:57: scraper > Total lines: 49
2025-12-28T18:29:57: scraper > Preview: Sochera malai bhanana hami yo kaha chau | Hamile garna sake jati hami tyaha chau | Garera ke nai garna sakincha yaha | Koshish gare matra nai ta kehi phal paincha | Timi jau pachi naheri aghi badha | Paunechau malai nai harghadi | Nadeu timi mauka arulai | Haatai tanna khojneharu |  | Verse:1 |  | P…
2025-12-28T18:29:57: scraper > Browser context closed.
2025-12-28T18:30:26: [dl] new request id mjq2eeg3-013ixuhj url https://youtu.be/EHr4n-nLbqk?si=vwnLlgTrA7awkeoF
2025-12-28T18:30:26: [setP] mjq2eeg3-013ixuhj 0.05
2025-12-28T18:30:30: [dl] Extracted metadata from yt-dlp: {
2025-12-28T18:30:30:   title: 'With 30 seconds CAT ♪',
2025-12-28T18:30:30:   author: 'With 30 seconds cat (With 30 s...'
2025-12-28T18:30:30: }
2025-12-28T18:30:30: [setP] mjq2eeg3-013ixuhj 0.15
2025-12-28T18:30:30: [dl] Starting yt-dlp audio download...
2025-12-28T18:30:30: [yt-dlp] Running command: yt-dlp --proxy http://10.8.0.2:3128 --user-agent Mozilla/5.0 (Windows NT 10.0; Win64; x64) AppleWebKit/537.36 (KHTML, like Gecko) Chrome/120.0.0.0 Safari/537.36 -f bestaudio/best -x --audio-format mp3 --audio-quality 0 --no-playlist --no-warnings --no-progress -o /tmp/audio_1766946630176_ahxxmp.mp3 https://youtu.be/EHr4n-nLbqk?si=vwnLlgTrA7awkeoF
2025-12-28T18:30:39: [yt-dlp] Successfully downloaded audio file, size: 140109 bytes
2025-12-28T18:30:39: [yt-dlp] Valid ID3 header detected
2025-12-28T18:30:39: [setP] mjq2eeg3-013ixuhj 1
2025-12-28T18:30:39: [dl] Download complete, buffer size: 186812
2025-12-28T18:51:36: 
2025-12-28T18:51:36: ──────── REQUEST ────────
2025-12-28T18:51:36: scraper > songName: mercedes benz
2025-12-28T18:51:36: scraper > linkIndex (raw): 0
2025-12-28T18:51:36: 
2025-12-28T18:51:36: ──────── GOOGLE SEARCH ────────
2025-12-28T18:51:36: scraper > Searching Google for: mercedes benz
2025-12-28T18:51:36: scraper > Using API Key: AIza****3tvo
2025-12-28T18:51:36: scraper > Final query sent: "mercedes benz lyrics and chords"
2025-12-28T18:51:36: scraper > Using GOOGLE_NOBILLING_API_KEY_2: AIza****sgEQ
2025-12-28T18:51:36: scraper > Using SEARCHENGINE_ID_2: 055c81ad25228427a
2025-12-28T18:51:37: scraper > Google returned 8 results
2025-12-28T18:51:37: scraper > [0] MERCEDES BENZ CHORDS by Cobweb for guitar, ukulele and ... :: https://tabs.ultimate-guitar.com/tab/cobweb/mercedes-benz-chords-4353290
2025-12-28T18:51:37: scraper > [1] Mercedes Benz Janis Joplin Chords and Lyrics for Guitar :: https://www.chordie.com/chord.pere/www.guitartabs.cc/tabs/j/janis_joplin/mercedes_benz_crd_ver_2.html
2025-12-28T18:51:37: scraper > [2] MERCEDES BENZ CHORDS by Janis Joplin for guitar, ukulele and ... :: https://tabs.ultimate-guitar.com/tab/janis-joplin/mercedes-benz-chords-331719
2025-12-28T18:51:37: scraper > [3] Mercedes Benz Chords - Janis Joplin | E-CHORDS :: https://www.e-chords.com/chords/janis-joplin/mercedes-benz
2025-12-28T18:51:37: scraper > [4] Mercedes Benz chords by Cobweb - Mye Guitar :: https://www.mye-guitar.com/song/mercedes-benz
2025-12-28T18:51:37: scraper > [5] Guitar chords Mercedes Benz, Janis Joplin, | Jim's Guitar Songbook :: https://www.ozbcoz.com/Songs/song.php?ID=2388,guitar
2025-12-28T18:51:37: scraper > [6] Mercedes Benz :: https://www.guitarparty.com/songs/mercedes-benz/
2025-12-28T18:51:37: scraper > [7] Mercedes Benz Ma by cobweb | Chordograph :: https://chordograph.com/artists/cobweb/Mercedes-Benz-Ma
2025-12-28T18:51:37: scraper > Sorted by (lyrics/chords) score.
2025-12-28T18:51:37: scraper > Chosen URL: https://www.chordie.com/chord.pere/www.guitartabs.cc/tabs/j/janis_joplin/mercedes_benz_crd_ver_2.html
2025-12-28T18:51:37: scraper > Chosen Title: Mercedes Benz Janis Joplin Chords and Lyrics for Guitar
2025-12-28T18:51:37: 
2025-12-28T18:51:37: ──────── NAVIGATE ────────
2025-12-28T18:51:38: scraper > page.goto done. Final URL: https://www.chordie.com/chord.pere/www.guitartabs.cc/tabs/j/janis_joplin/mercedes_benz_crd_ver_2.html
2025-12-28T18:51:38: scraper > HTTP status: 200
2025-12-28T18:51:42: scraper > Page title: Mercedes Benz Janis Joplin Chords and Lyrics for Guitar
2025-12-28T18:51:42: scraper > HTML length: 75825
2025-12-28T18:51:42: 
2025-12-28T18:51:42: ──────── READABILITY ────────
2025-12-28T18:51:42: scraper > isProbablyReaderable: true
2025-12-28T18:51:42: scraper > Readability parse OK. content length: 4252
2025-12-28T18:51:42: scraper > Lines from Readability: 80
2025-12-28T18:51:42: 
2025-12-28T18:51:42: ──────── FALLBACK #1 (DENSE BLOCK) ────────
2025-12-28T18:51:42: 
2025-12-28T18:51:42: ──────── FALLBACK #2 (SITE-AWARE) ────────
2025-12-28T18:51:42: 
2025-12-28T18:51:42: ──────── RESULT ────────
2025-12-28T18:51:42: scraper > Used Readability: true Useful: true
2025-12-28T18:51:42: scraper > Final URL: https://www.chordie.com/chord.pere/www.guitartabs.cc/tabs/j/janis_joplin/mercedes_benz_crd_ver_2.html
2025-12-28T18:51:42: scraper > Total lines: 80
2025-12-28T18:51:42: scraper > Preview: The chords are like this: |  | D: |  | E| 2 |  | B| 3 |  | G| 2 |  | D| 0 |  | A| x/0 that means you get choose, by not touch it or do it. |  | E| x/2 That means the same. Eric Clapton would choose 2 here ;) |  | G: A7: |  | E| 3 E| 0 |  | B| 3/0 B| 2 |  | G| 0 G| 0 |  | D| 0 D| 2 |  | A| 2 A| 0 |  …
2025-12-28T18:51:42: scraper > Browser context closed.
2025-12-28T18:51:55: 
2025-12-28T18:51:55: ──────── REQUEST ────────
2025-12-28T18:51:55: scraper > songName: With 30 seconds CAT ♪
2025-12-28T18:51:55: scraper > linkIndex (raw): 0
2025-12-28T18:51:55: 
2025-12-28T18:51:55: ──────── GOOGLE SEARCH ────────
2025-12-28T18:51:55: scraper > Searching Google for: with 30 seconds cat ♪
2025-12-28T18:51:55: scraper > Using API Key: AIza****3tvo
2025-12-28T18:51:55: scraper > Final query sent: "with 30 seconds cat ♪ lyrics and chords"
2025-12-28T18:51:55: scraper > Using GOOGLE_NOBILLING_API_KEY_2: AIza****sgEQ
2025-12-28T18:51:55: scraper > Using SEARCHENGINE_ID_2: 055c81ad25228427a
2025-12-28T18:51:56: scraper > Google returned 8 results
2025-12-28T18:51:56: scraper > [0] Generate a wave file from a MIDI file with Pydub · GitHub :: https://gist.github.com/jiaaro/339df443b005e12d6c2a?permalink_comment_id=3786682
2025-12-28T18:51:56: scraper > [1] Find song by lyrics (Page 4) :: https://www.peterbe.com/plog/blogitem-040601-1/p4
2025-12-28T18:51:56: scraper > [2] How Many Hours a Day Should You Practice? | Bulletproof Musician :: https://bulletproofmusician.com/how-many-hours-a-day-should-you-practice/
2025-12-28T18:51:56: scraper > [3] Episode 164: “White Light/White Heat” by the Velvet Underground ... :: https://500songs.com/podcast/episode-164-white-light-white-heat-by-the-velvet-underground/
2025-12-28T18:51:56: scraper > [4] Kawai CP3 Owner's Manual R100 (English) :: https://kawaius.com/wp-content/uploads/2018/08/CP3-Owners-Manual.pdf
2025-12-28T18:51:56: scraper > [5] everyday tonality ii :: https://hugoribeiro.com.br/area-restrita/Tagg-Everyday_tonality.pdf
2025-12-28T18:51:56: scraper > [6] Sasha Berliner Music - Sasha Berliner :: https://www.sashaberlinermusic.com/author/sasha/
2025-12-28T18:51:56: scraper > [7] A Study of The Edge's Guitar Delay (U2) :: https://www.amnesta.net/edge_delay/
2025-12-28T18:51:56: scraper > Sorted by (lyrics/chords) score.
2025-12-28T18:51:56: scraper > Chosen URL: https://www.peterbe.com/plog/blogitem-040601-1/p4
2025-12-28T18:51:56: scraper > Chosen Title: Find song by lyrics (Page 4)
2025-12-28T18:51:56: 
2025-12-28T18:51:56: ──────── NAVIGATE ────────
2025-12-28T18:51:56: scraper > page.goto done. Final URL: https://www.peterbe.com/plog/blogitem-040601-1/p4
2025-12-28T18:51:56: scraper > HTTP status: 200
2025-12-28T18:52:01: scraper > Page title: Find song by lyrics (Page 4)
2025-12-28T18:52:01: scraper > HTML length: 140385
2025-12-28T18:52:01: 
2025-12-28T18:52:01: ──────── READABILITY ────────
2025-12-28T18:52:01: scraper > isProbablyReaderable: true
2025-12-28T18:52:01: scraper > Readability parse OK. content length: 44059
2025-12-28T18:52:02: scraper > Lines from Readability: 612
2025-12-28T18:52:02: 
2025-12-28T18:52:02: ──────── FALLBACK #1 (DENSE BLOCK) ────────
2025-12-28T18:52:02: 
2025-12-28T18:52:02: ──────── FALLBACK #2 (SITE-AWARE) ────────
2025-12-28T18:52:02: 
2025-12-28T18:52:02: ──────── RESULT ────────
2025-12-28T18:52:02: scraper > Used Readability: true Useful: true
2025-12-28T18:52:02: scraper > Final URL: https://www.peterbe.com/plog/blogitem-040601-1/p4
2025-12-28T18:52:02: scraper > Total lines: 612
2025-12-28T18:52:02: scraper > Preview: Cat July 10, 2025 |  | Looking for a 70s southern rock song containing the lyrics "and ain't that crazy" at the end of the chorus. Could be Ronstadt doing a guest vocal for a group |  | Joanne July 10, 2025 |  | There is the first song played on a commercial on Pluto tv for the stingray Djazz STN. |…
2025-12-28T18:52:02: scraper > Browser context closed.
2025-12-28T18:52:15: 
2025-12-28T18:52:15: ──────── REQUEST ────────
2025-12-28T18:52:15: scraper > songName: Bhool albatross
2025-12-28T18:52:15: scraper > linkIndex (raw): 0
2025-12-28T18:52:15: 
2025-12-28T18:52:15: ──────── GOOGLE SEARCH ────────
2025-12-28T18:52:15: scraper > Searching Google for: bhool albatross
2025-12-28T18:52:15: scraper > Using API Key: AIza****3tvo
2025-12-28T18:52:15: scraper > Final query sent: "bhool albatross lyrics and chords"
2025-12-28T18:52:15: scraper > Using GOOGLE_NOBILLING_API_KEY_2: AIza****sgEQ
2025-12-28T18:52:15: scraper > Using SEARCHENGINE_ID_2: 055c81ad25228427a
2025-12-28T18:52:15: scraper > Google returned 8 results
2025-12-28T18:52:15: scraper > [0] BHOOL CHORDS by Albatross @ Ultimate-Guitar.Com :: https://tabs.ultimate-guitar.com/tab/albatross/bhool-chords-2539722
2025-12-28T18:52:15: scraper > [1] bhool by albatross | Chordograph :: https://chordograph.com/artists/albatross/bhool
2025-12-28T18:52:15: scraper > [2] BHOOL CHORDS (ver 2) by Albatross @ Ultimate-Guitar.Com :: https://tabs.ultimate-guitar.com/tab/albatross/bhool-chords-2859731
2025-12-28T18:52:15: scraper > [3] Bhool chords by Albatross - Mye Guitar :: https://www.mye-guitar.com/song/bhool
2025-12-28T18:52:15: scraper > [4] Albatross Chords & Tabs for Guitar, Ukulele, Bass, Drums at ... :: https://www.ultimate-guitar.com/artist/albatross_30279
2025-12-28T18:52:15: scraper > [5] Bhool | Albatross | Lyrics, Chords, MP3 | TunesNepal :: https://www.tunesnepal.com/albatross/bhool
2025-12-28T18:52:15: scraper > [6] Bhool Ma bhulyo - Robin N Looza ~ Songs Chords :: http://songskord.blogspot.com/2015/10/bhool-ma-bhulyo-robin-n-looza.html
2025-12-28T18:52:15: scraper > [7] Koshish | Albatross | Lyrics, Chords, MP3 | TunesNepal :: https://www.tunesnepal.com/albatross/koshish
2025-12-28T18:52:15: scraper > Sorted by (lyrics/chords) score.
2025-12-28T18:52:15: scraper > Chosen URL: https://www.tunesnepal.com/albatross/bhool
2025-12-28T18:52:15: scraper > Chosen Title: Bhool | Albatross | Lyrics, Chords, MP3 | TunesNepal
2025-12-28T18:52:15: 
2025-12-28T18:52:15: ──────── NAVIGATE ────────
2025-12-28T18:52:19: scraper > page.goto done. Final URL: https://www.tunesnepal.com/albatross/bhool
2025-12-28T18:52:19: scraper > HTTP status: 200
2025-12-28T18:52:22: scraper > Page title: Bhool | Albatross | Lyrics, Chords, MP3 | TunesNepal
2025-12-28T18:52:22: scraper > HTML length: 74154
2025-12-28T18:52:22: 
2025-12-28T18:52:22: ──────── READABILITY ────────
2025-12-28T18:52:22: scraper > isProbablyReaderable: true
2025-12-28T18:52:23: scraper > Readability parse OK. content length: 1535
2025-12-28T18:52:23: scraper > Lines from Readability: 61
2025-12-28T18:52:23: 
2025-12-28T18:52:23: ──────── FALLBACK #1 (DENSE BLOCK) ────────
2025-12-28T18:52:23: 
2025-12-28T18:52:23: ──────── FALLBACK #2 (SITE-AWARE) ────────
2025-12-28T18:52:23: 
2025-12-28T18:52:23: ──────── RESULT ────────
2025-12-28T18:52:23: scraper > Used Readability: true Useful: true
2025-12-28T18:52:23: scraper > Final URL: https://www.tunesnepal.com/albatross/bhool
2025-12-28T18:52:23: scraper > Total lines: 61
2025-12-28T18:52:23: scraper > Preview: Mauka paye sachayu thiye | Sochai sochma mauka gumaye | Bhool ma bata bhayecha yo kasto | Risai ris ma Jan risuthe jasto | Kun din aucha bhani parkhi base | Parkhai mai din bhooli diye | Chodi aaye aafno chahana lai | Todi diye sabai bandhan | Bhool bhayecha yo kasto | Chokho maya nabuje jasto | Bho…
2025-12-28T18:52:23: scraper > Browser context closed.
2025-12-28T19:42:13: 
2025-12-28T19:42:13: ──────── REQUEST ────────
2025-12-28T19:42:13: scraper > songName: bhool albatross
2025-12-28T19:42:13: scraper > linkIndex (raw): 0
2025-12-28T19:42:13: 
2025-12-28T19:42:13: ──────── GOOGLE SEARCH ────────
2025-12-28T19:42:13: scraper > Searching Google for: bhool albatross
2025-12-28T19:42:13: scraper > Using API Key: AIza****3tvo
2025-12-28T19:42:13: scraper > Final query sent: "bhool albatross lyrics and chords"
2025-12-28T19:42:13: scraper > Using GOOGLE_NOBILLING_API_KEY_2: AIza****sgEQ
2025-12-28T19:42:13: scraper > Using SEARCHENGINE_ID_2: 055c81ad25228427a
2025-12-28T19:42:13: scraper > Google returned 8 results
2025-12-28T19:42:13: scraper > [0] BHOOL CHORDS by Albatross @ Ultimate-Guitar.Com :: https://tabs.ultimate-guitar.com/tab/albatross/bhool-chords-2539722
2025-12-28T19:42:13: scraper > [1] bhool by albatross | Chordograph :: https://chordograph.com/artists/albatross/bhool
2025-12-28T19:42:13: scraper > [2] BHOOL CHORDS (ver 2) by Albatross @ Ultimate-Guitar.Com :: https://tabs.ultimate-guitar.com/tab/albatross/bhool-chords-2859731
2025-12-28T19:42:13: scraper > [3] Bhool chords by Albatross - Mye Guitar :: https://www.mye-guitar.com/song/bhool
2025-12-28T19:42:13: scraper > [4] Albatross Chords & Tabs for Guitar, Ukulele, Bass, Drums at ... :: https://www.ultimate-guitar.com/artist/albatross_30279
2025-12-28T19:42:13: scraper > [5] Bhool | Albatross | Lyrics, Chords, MP3 | TunesNepal :: https://www.tunesnepal.com/albatross/bhool
2025-12-28T19:42:13: scraper > [6] Bhool Ma bhulyo - Robin N Looza ~ Songs Chords :: http://songskord.blogspot.com/2015/10/bhool-ma-bhulyo-robin-n-looza.html
2025-12-28T19:42:13: scraper > [7] Koshish | Albatross | Lyrics, Chords, MP3 | TunesNepal :: https://www.tunesnepal.com/albatross/koshish
2025-12-28T19:42:13: scraper > Sorted by (lyrics/chords) score.
2025-12-28T19:42:13: scraper > Chosen URL: https://www.tunesnepal.com/albatross/bhool
2025-12-28T19:42:13: scraper > Chosen Title: Bhool | Albatross | Lyrics, Chords, MP3 | TunesNepal
2025-12-28T19:42:13: 
2025-12-28T19:42:13: ──────── NAVIGATE ────────
2025-12-28T19:42:17: scraper > page.goto done. Final URL: https://www.tunesnepal.com/albatross/bhool
2025-12-28T19:42:17: scraper > HTTP status: 200
2025-12-28T19:42:21: scraper > Page title: Bhool | Albatross | Lyrics, Chords, MP3 | TunesNepal
2025-12-28T19:42:21: scraper > HTML length: 76166
2025-12-28T19:42:21: 
2025-12-28T19:42:21: ──────── READABILITY ────────
2025-12-28T19:42:22: scraper > isProbablyReaderable: true
2025-12-28T19:42:22: scraper > Readability parse OK. content length: 1535
2025-12-28T19:42:22: scraper > Lines from Readability: 61
2025-12-28T19:42:22: 
2025-12-28T19:42:22: ──────── FALLBACK #1 (DENSE BLOCK) ────────
2025-12-28T19:42:22: 
2025-12-28T19:42:22: ──────── FALLBACK #2 (SITE-AWARE) ────────
2025-12-28T19:42:22: 
2025-12-28T19:42:22: ──────── RESULT ────────
2025-12-28T19:42:22: scraper > Used Readability: true Useful: true
2025-12-28T19:42:22: scraper > Final URL: https://www.tunesnepal.com/albatross/bhool
2025-12-28T19:42:22: scraper > Total lines: 61
2025-12-28T19:42:22: scraper > Preview: Mauka paye sachayu thiye | Sochai sochma mauka gumaye | Bhool ma bata bhayecha yo kasto | Risai ris ma Jan risuthe jasto | Kun din aucha bhani parkhi base | Parkhai mai din bhooli diye | Chodi aaye aafno chahana lai | Todi diye sabai bandhan | Bhool bhayecha yo kasto | Chokho maya nabuje jasto | Bho…
2025-12-28T19:42:22: scraper > Browser context closed.
2025-12-28T20:29:27: [dl] new request id mjq6ngdk-h6sphwa9 url https://youtu.be/EHr4n-nLbqk?si=vwnLlgTrA7awkeoF
2025-12-28T20:29:27: [setP] mjq6ngdk-h6sphwa9 0.05
2025-12-28T20:29:30: [dl] Extracted metadata from yt-dlp: {
2025-12-28T20:29:30:   title: 'With 30 seconds CAT ♪',
2025-12-28T20:29:30:   author: 'With 30 seconds cat (With 30 s...'
2025-12-28T20:29:30: }
2025-12-28T20:29:30: [setP] mjq6ngdk-h6sphwa9 0.15
2025-12-28T20:29:30: [dl] Starting yt-dlp audio download...
2025-12-28T20:29:30: [yt-dlp] Running command: yt-dlp --proxy http://10.8.0.2:3128 --user-agent Mozilla/5.0 (Windows NT 10.0; Win64; x64) AppleWebKit/537.36 (KHTML, like Gecko) Chrome/120.0.0.0 Safari/537.36 -f bestaudio/best -x --audio-format mp3 --audio-quality 0 --no-playlist --no-warnings --no-progress -o /tmp/audio_1766953770937_nbr5i.mp3 https://youtu.be/EHr4n-nLbqk?si=vwnLlgTrA7awkeoF
2025-12-28T20:29:40: [yt-dlp] Successfully downloaded audio file, size: 140109 bytes
2025-12-28T20:29:40: [yt-dlp] Valid ID3 header detected
2025-12-28T20:29:40: [setP] mjq6ngdk-h6sphwa9 1
2025-12-28T20:29:40: [dl] Download complete, buffer size: 186812
2025-12-28T20:32:35: 
2025-12-28T20:32:35: ──────── REQUEST ────────
2025-12-28T20:32:35: scraper > songName: With 30 seconds CAT ♪
2025-12-28T20:32:35: scraper > linkIndex (raw): 0
2025-12-28T20:32:35: 
2025-12-28T20:32:35: ──────── GOOGLE SEARCH ────────
2025-12-28T20:32:35: scraper > Searching Google for: with 30 seconds cat ♪
2025-12-28T20:32:35: scraper > Using API Key: AIza****3tvo
2025-12-28T20:32:35: scraper > Final query sent: "with 30 seconds cat ♪ lyrics and chords"
2025-12-28T20:32:35: scraper > Using GOOGLE_NOBILLING_API_KEY_2: AIza****sgEQ
2025-12-28T20:32:35: scraper > Using SEARCHENGINE_ID_2: 055c81ad25228427a
2025-12-28T20:32:35: scraper > Google returned 8 results
2025-12-28T20:32:35: scraper > [0] Generate a wave file from a MIDI file with Pydub · GitHub :: https://gist.github.com/jiaaro/339df443b005e12d6c2a?permalink_comment_id=3786682
2025-12-28T20:32:35: scraper > [1] Find song by lyrics (Page 4) :: https://www.peterbe.com/plog/blogitem-040601-1/p4
2025-12-28T20:32:35: scraper > [2] How Many Hours a Day Should You Practice? | Bulletproof Musician :: https://bulletproofmusician.com/how-many-hours-a-day-should-you-practice/
2025-12-28T20:32:35: scraper > [3] Episode 164: “White Light/White Heat” by the Velvet Underground ... :: https://500songs.com/podcast/episode-164-white-light-white-heat-by-the-velvet-underground/
2025-12-28T20:32:35: scraper > [4] Kawai CP3 Owner's Manual R100 (English) :: https://kawaius.com/wp-content/uploads/2018/08/CP3-Owners-Manual.pdf
2025-12-28T20:32:35: scraper > [5] everyday tonality ii :: https://hugoribeiro.com.br/area-restrita/Tagg-Everyday_tonality.pdf
2025-12-28T20:32:35: scraper > [6] Sasha Berliner Music - Sasha Berliner :: https://www.sashaberlinermusic.com/author/sasha/
2025-12-28T20:32:35: scraper > [7] A Study of The Edge's Guitar Delay (U2) :: https://www.amnesta.net/edge_delay/
2025-12-28T20:32:35: scraper > Sorted by (lyrics/chords) score.
2025-12-28T20:32:35: scraper > Chosen URL: https://www.peterbe.com/plog/blogitem-040601-1/p4
2025-12-28T20:32:35: scraper > Chosen Title: Find song by lyrics (Page 4)
2025-12-28T20:32:35: 
2025-12-28T20:32:35: ──────── NAVIGATE ────────
2025-12-28T20:32:36: scraper > page.goto done. Final URL: https://www.peterbe.com/plog/blogitem-040601-1/p4
2025-12-28T20:32:36: scraper > HTTP status: 200
2025-12-28T20:32:41: scraper > Page title: Find song by lyrics (Page 4)
2025-12-28T20:32:41: scraper > HTML length: 132747
2025-12-28T20:32:41: 
2025-12-28T20:32:41: ──────── READABILITY ────────
2025-12-28T20:32:41: scraper > isProbablyReaderable: true
2025-12-28T20:32:42: scraper > Readability parse OK. content length: 44059
2025-12-28T20:32:42: scraper > Lines from Readability: 612
2025-12-28T20:32:42: 
2025-12-28T20:32:42: ──────── FALLBACK #1 (DENSE BLOCK) ────────
2025-12-28T20:32:42: 
2025-12-28T20:32:42: ──────── FALLBACK #2 (SITE-AWARE) ────────
2025-12-28T20:32:42: 
2025-12-28T20:32:42: ──────── RESULT ────────
2025-12-28T20:32:42: scraper > Used Readability: true Useful: true
2025-12-28T20:32:42: scraper > Final URL: https://www.peterbe.com/plog/blogitem-040601-1/p4
2025-12-28T20:32:42: scraper > Total lines: 612
2025-12-28T20:32:42: scraper > Preview: Cat July 10, 2025 |  | Looking for a 70s southern rock song containing the lyrics "and ain't that crazy" at the end of the chorus. Could be Ronstadt doing a guest vocal for a group |  | Joanne July 10, 2025 |  | There is the first song played on a commercial on Pluto tv for the stingray Djazz STN. |…
2025-12-28T20:32:42: scraper > Browser context closed.
2025-12-28T20:33:10: 
2025-12-28T20:33:10: ──────── REQUEST ────────
2025-12-28T20:33:10: scraper > songName: With 30 seconds CAT ♪
2025-12-28T20:33:10: scraper > linkIndex (raw): 0
2025-12-28T20:33:10: 
2025-12-28T20:33:10: ──────── GOOGLE SEARCH ────────
2025-12-28T20:33:10: scraper > Searching Google for: with 30 seconds cat ♪
2025-12-28T20:33:10: scraper > Using API Key: AIza****3tvo
2025-12-28T20:33:10: scraper > Final query sent: "with 30 seconds cat ♪ lyrics and chords"
2025-12-28T20:33:10: scraper > Using GOOGLE_NOBILLING_API_KEY_2: AIza****sgEQ
2025-12-28T20:33:10: scraper > Using SEARCHENGINE_ID_2: 055c81ad25228427a
2025-12-28T20:33:10: scraper > Google returned 8 results
2025-12-28T20:33:10: scraper > [0] Generate a wave file from a MIDI file with Pydub · GitHub :: https://gist.github.com/jiaaro/339df443b005e12d6c2a?permalink_comment_id=3786682
2025-12-28T20:33:10: scraper > [1] Find song by lyrics (Page 4) :: https://www.peterbe.com/plog/blogitem-040601-1/p4
2025-12-28T20:33:10: scraper > [2] How Many Hours a Day Should You Practice? | Bulletproof Musician :: https://bulletproofmusician.com/how-many-hours-a-day-should-you-practice/
2025-12-28T20:33:10: scraper > [3] Episode 164: “White Light/White Heat” by the Velvet Underground ... :: https://500songs.com/podcast/episode-164-white-light-white-heat-by-the-velvet-underground/
2025-12-28T20:33:10: scraper > [4] Kawai CP3 Owner's Manual R100 (English) :: https://kawaius.com/wp-content/uploads/2018/08/CP3-Owners-Manual.pdf
2025-12-28T20:33:10: scraper > [5] everyday tonality ii :: https://hugoribeiro.com.br/area-restrita/Tagg-Everyday_tonality.pdf
2025-12-28T20:33:10: scraper > [6] Sasha Berliner Music - Sasha Berliner :: https://www.sashaberlinermusic.com/author/sasha/
2025-12-28T20:33:10: scraper > [7] A Study of The Edge's Guitar Delay (U2) :: https://www.amnesta.net/edge_delay/
2025-12-28T20:33:10: scraper > Sorted by (lyrics/chords) score.
2025-12-28T20:33:10: scraper > Chosen URL: https://www.peterbe.com/plog/blogitem-040601-1/p4
2025-12-28T20:33:10: scraper > Chosen Title: Find song by lyrics (Page 4)
2025-12-28T20:33:10: 
2025-12-28T20:33:10: ──────── NAVIGATE ────────
2025-12-28T20:33:11: scraper > page.goto done. Final URL: https://www.peterbe.com/plog/blogitem-040601-1/p4
2025-12-28T20:33:11: scraper > HTTP status: 200
2025-12-28T20:33:12: scraper > Page title: Find song by lyrics (Page 4)
2025-12-28T20:33:12: scraper > HTML length: 132742
2025-12-28T20:33:12: 
2025-12-28T20:33:12: ──────── READABILITY ────────
2025-12-28T20:33:12: scraper > isProbablyReaderable: true
2025-12-28T20:33:13: scraper > Readability parse OK. content length: 44059
2025-12-28T20:33:13: scraper > Lines from Readability: 612
2025-12-28T20:33:13: 
2025-12-28T20:33:13: ──────── FALLBACK #1 (DENSE BLOCK) ────────
2025-12-28T20:33:13: 
2025-12-28T20:33:13: ──────── FALLBACK #2 (SITE-AWARE) ────────
2025-12-28T20:33:13: 
2025-12-28T20:33:13: ──────── RESULT ────────
2025-12-28T20:33:13: scraper > Used Readability: true Useful: true
2025-12-28T20:33:13: scraper > Final URL: https://www.peterbe.com/plog/blogitem-040601-1/p4
2025-12-28T20:33:13: scraper > Total lines: 612
2025-12-28T20:33:13: scraper > Preview: Cat July 10, 2025 |  | Looking for a 70s southern rock song containing the lyrics "and ain't that crazy" at the end of the chorus. Could be Ronstadt doing a guest vocal for a group |  | Joanne July 10, 2025 |  | There is the first song played on a commercial on Pluto tv for the stingray Djazz STN. |…
2025-12-28T20:33:13: scraper > Browser context closed.
2025-12-28T21:53:42: Scheduled browser restart
2025-12-28T21:53:42: Browser closed successfully
2025-12-28T21:53:42: Browser started successfully
2025-12-29T01:47:59: [dl] new request id mjqi13fo-3objci2w url https://youtube.com/shorts/83mQgfBjkzQ?si=hOBP45R9V1G18vy0
2025-12-29T01:47:59: [setP] mjqi13fo-3objci2w 0.05
2025-12-29T01:48:03: [dl] Extracted metadata from yt-dlp: {
2025-12-29T01:48:03:   title: "Don't pay attention to other factors, just skin co...",
2025-12-29T01:48:03:   author: 'Gabriela Gencarelli'
2025-12-29T01:48:03: }
2025-12-29T01:48:03: [setP] mjqi13fo-3objci2w 0.15
2025-12-29T01:48:03: [dl] Starting yt-dlp audio download...
2025-12-29T01:48:03: [yt-dlp] Running command: yt-dlp --proxy http://10.8.0.2:3128 --user-agent Mozilla/5.0 (Windows NT 10.0; Win64; x64) AppleWebKit/537.36 (KHTML, like Gecko) Chrome/120.0.0.0 Safari/537.36 -f bestaudio/best -x --audio-format mp3 --audio-quality 0 --no-playlist --no-warnings --no-progress -o /tmp/audio_1766972883288_84gsehh.mp3 https://youtube.com/shorts/83mQgfBjkzQ?si=hOBP45R9V1G18vy0
2025-12-29T01:48:14: [yt-dlp] Successfully downloaded audio file, size: 1793661 bytes
2025-12-29T01:48:14: [yt-dlp] Valid ID3 header detected
2025-12-29T01:48:14: [setP] mjqi13fo-3objci2w 1
2025-12-29T01:48:14: [dl] Download complete, buffer size: 2391548
2025-12-29T01:48:41: 
2025-12-29T01:48:41: ──────── REQUEST ────────
2025-12-29T01:48:41: scraper > songName: Bhol albatros
2025-12-29T01:48:41: scraper > linkIndex (raw): 0
2025-12-29T01:48:41: 
2025-12-29T01:48:41: ──────── GOOGLE SEARCH ────────
2025-12-29T01:48:41: scraper > Searching Google for: bhol albatros
2025-12-29T01:48:41: scraper > Using API Key: AIza****3tvo
2025-12-29T01:48:41: scraper > Final query sent: "bhol albatros lyrics and chords"
2025-12-29T01:48:41: scraper > Using GOOGLE_NOBILLING_API_KEY_2: AIza****sgEQ
2025-12-29T01:48:41: scraper > Using SEARCHENGINE_ID_2: 055c81ad25228427a
2025-12-29T01:48:41: scraper > Google returned 8 results
2025-12-29T01:48:41: scraper > [0] BHOOL CHORDS by Albatross @ Ultimate-Guitar.Com :: https://tabs.ultimate-guitar.com/tab/albatross/bhool-chords-2539722
2025-12-29T01:48:41: scraper > [1] bhool by albatross | Chordograph :: https://chordograph.com/artists/albatross/bhool
2025-12-29T01:48:41: scraper > [2] BHOOL CHORDS (ver 2) by Albatross @ Ultimate-Guitar.Com :: https://tabs.ultimate-guitar.com/tab/albatross/bhool-chords-2859731
2025-12-29T01:48:41: scraper > [3] Albatross Chords & Tabs for Guitar, Ukulele, Bass, Drums at ... :: https://www.ultimate-guitar.com/artist/albatross_30279
2025-12-29T01:48:41: scraper > [4] Bhool chords by Albatross - Mye Guitar :: https://www.mye-guitar.com/song/bhool
2025-12-29T01:48:41: scraper > [5] Bhool | Albatross | Lyrics, Chords, MP3 | TunesNepal :: https://www.tunesnepal.com/albatross/bhool
2025-12-29T01:48:41: scraper > [6] Bhool Ma bhulyo - Robin N Looza ~ Songs Chords :: http://songskord.blogspot.com/2015/10/bhool-ma-bhulyo-robin-n-looza.html
2025-12-29T01:48:41: scraper > [7] Timro Har Prashna Ko ... - Nepali | Hindi | English chords | tabs | lyrics :: http://nepali-hindi-english-tabs.blogspot.com/2025/04/timro-har-prashna-ko-jawaf-chords.html
2025-12-29T01:48:41: scraper > Sorted by (lyrics/chords) score.
2025-12-29T01:48:41: scraper > Chosen URL: https://www.tunesnepal.com/albatross/bhool
2025-12-29T01:48:41: scraper > Chosen Title: Bhool | Albatross | Lyrics, Chords, MP3 | TunesNepal
2025-12-29T01:48:41: 
2025-12-29T01:48:41: ──────── NAVIGATE ────────
2025-12-29T01:48:44: scraper > page.goto done. Final URL: https://www.tunesnepal.com/albatross/bhool
2025-12-29T01:48:44: scraper > HTTP status: 200
2025-12-29T01:48:49: scraper > Page title: Bhool | Albatross | Lyrics, Chords, MP3 | TunesNepal
2025-12-29T01:48:49: scraper > HTML length: 76854
2025-12-29T01:48:49: 
2025-12-29T01:48:49: ──────── READABILITY ────────
2025-12-29T01:48:49: scraper > isProbablyReaderable: true
2025-12-29T01:48:49: scraper > Readability parse OK. content length: 1535
2025-12-29T01:48:49: scraper > Lines from Readability: 61
2025-12-29T01:48:49: 
2025-12-29T01:48:49: ──────── FALLBACK #1 (DENSE BLOCK) ────────
2025-12-29T01:48:49: 
2025-12-29T01:48:49: ──────── FALLBACK #2 (SITE-AWARE) ────────
2025-12-29T01:48:49: 
2025-12-29T01:48:49: ──────── RESULT ────────
2025-12-29T01:48:49: scraper > Used Readability: true Useful: true
2025-12-29T01:48:49: scraper > Final URL: https://www.tunesnepal.com/albatross/bhool
2025-12-29T01:48:49: scraper > Total lines: 61
2025-12-29T01:48:49: scraper > Preview: Mauka paye sachayu thiye | Sochai sochma mauka gumaye | Bhool ma bata bhayecha yo kasto | Risai ris ma Jan risuthe jasto | Kun din aucha bhani parkhi base | Parkhai mai din bhooli diye | Chodi aaye aafno chahana lai | Todi diye sabai bandhan | Bhool bhayecha yo kasto | Chokho maya nabuje jasto | Bho…
2025-12-29T01:48:49: scraper > Browser context closed.
2025-12-29T01:49:36: 
2025-12-29T01:49:36: ──────── REQUEST ────────
2025-12-29T01:49:36: scraper > songName: knock knock
2025-12-29T01:49:36: scraper > linkIndex (raw): 0
2025-12-29T01:49:36: 
2025-12-29T01:49:36: ──────── GOOGLE SEARCH ────────
2025-12-29T01:49:36: scraper > Searching Google for: knock knock
2025-12-29T01:49:36: scraper > Using API Key: AIza****3tvo
2025-12-29T01:49:36: scraper > Final query sent: "knock knock lyrics and chords"
2025-12-29T01:49:36: scraper > Using GOOGLE_NOBILLING_API_KEY_2: AIza****sgEQ
2025-12-29T01:49:36: scraper > Using SEARCHENGINE_ID_2: 055c81ad25228427a
2025-12-29T01:49:37: scraper > Google returned 8 results
2025-12-29T01:49:37: scraper > [0] KNOCKIN ON HEAVENS DOOR CHORDS (ver 2) by Bob Dylan ... :: https://tabs.ultimate-guitar.com/tab/bob-dylan/knockin-on-heavens-door-chords-66559
2025-12-29T01:49:37: scraper > [1] Knockin' on Heaven's Door | dylanchords :: https://www.dylanchords.com/12_billy/knockin_on_heavens_door
2025-12-29T01:49:37: scraper > [2] KNOCKIN ON HEAVENS DOOR CHORDS (ver 3) by Guns N' Roses ... :: https://tabs.ultimate-guitar.com/tab/guns-n-roses/knockin-on-heavens-door-chords-1097849
2025-12-29T01:49:37: scraper > [3] Knock Knock Knock - Lyrics and Chords :: https://www.gentlehen.com/knock-knock-knock---lyrics-and-chords.html
2025-12-29T01:49:37: scraper > [4] Knockin On Heaven's Door Chords - Bob Dylan | E-CHORDS :: https://www.e-chords.com/chords/bob-dylan/knockin-on-heavens-door
2025-12-29T01:49:37: scraper > [5] Learn to play “Knockin' On Heavens Door by Bob Dylan using just 4 ... :: https://www.fender.com/articles/chords/learn-to-play-knockin-on-heavens-door
2025-12-29T01:49:37: scraper > [6] Knockin' On Heaven's Door Chords by BOB DYLAN | No Sign Up ... :: https://guitartuna.com/chords/knockin-on-heavens-door-bob-dylan-easy-guitar-chords-61097583addec83eff2f0fac
2025-12-29T01:49:37: scraper > [7] Knockin' On Heaven's Door | The Official Bob Dylan Site :: https://www.bobdylan.com/songs/knockin-heavens-door/
2025-12-29T01:49:37: scraper > Sorted by (lyrics/chords) score.
2025-12-29T01:49:37: scraper > Chosen URL: https://www.gentlehen.com/knock-knock-knock---lyrics-and-chords.html
2025-12-29T01:49:37: scraper > Chosen Title: Knock Knock Knock - Lyrics and Chords
2025-12-29T01:49:37: 
2025-12-29T01:49:37: ──────── NAVIGATE ────────
2025-12-29T01:49:38: scraper > page.goto done. Final URL: https://www.gentlehen.com/knock-knock-knock---lyrics-and-chords.html
2025-12-29T01:49:38: scraper > HTTP status: 200
2025-12-29T01:49:39: scraper > Page title: Knock Knock Knock - Lyrics and Chords
2025-12-29T01:49:39: scraper > HTML length: 79242
2025-12-29T01:49:39: 
2025-12-29T01:49:39: ──────── READABILITY ────────
2025-12-29T01:49:39: scraper > isProbablyReaderable: true
2025-12-29T01:49:39: scraper > Readability parse OK. content length: 1679
2025-12-29T01:49:39: scraper > Lines from Readability: 2
2025-12-29T01:49:39: 
2025-12-29T01:49:39: ──────── FALLBACK #1 (DENSE BLOCK) ────────
2025-12-29T01:49:39: 
2025-12-29T01:49:39: ──────── FALLBACK #2 (SITE-AWARE) ────────
2025-12-29T01:49:39: 
2025-12-29T01:49:39: ──────── RESULT ────────
2025-12-29T01:49:39: scraper > Used Readability: true Useful: true
2025-12-29T01:49:39: scraper > Final URL: https://www.gentlehen.com/knock-knock-knock---lyrics-and-chords.html
2025-12-29T01:49:39: scraper > Total lines: 2
2025-12-29T01:49:39: scraper > Preview: Knock Knock Knock
2025-12-29T01:49:39: Composer: Henning Ohlenbusch
2025-12-29T01:49:39: Album: Gentle Hen - Be Nice to Everyone
2025-12-29T01:49:39: https://youtu.be/Im9lf8V4nIo
2025-12-29T01:49:39: 
2025-12-29T01:49:39: 
2025-12-29T01:49:39: [verse]
2025-12-29T01:49:39: A        F#m              D       A        
2025-12-29T01:49:39: Come on, darling. It’s so cold outside.
2025-12-29T01:49:39: A        F#m      D               A   
2025-12-29T01:49:39: Help us, baby. It looks so warm inside.
2025-12-29T01:49:39: D          …
2025-12-29T01:49:39: scraper > Browser context closed.
2025-12-29T21:53:42: Scheduled browser restart
2025-12-29T21:53:42: Browser closed successfully
2025-12-29T21:53:42: Browser started successfully
2025-12-30T00:54:39: 
2025-12-30T00:54:39: ──────── REQUEST ────────
2025-12-30T00:54:39: scraper > songName: Thenight we met
2025-12-30T00:54:39: scraper > linkIndex (raw): 0
2025-12-30T00:54:39: 
2025-12-30T00:54:39: ──────── GOOGLE SEARCH ────────
2025-12-30T00:54:39: scraper > Searching Google for: thenight we met
2025-12-30T00:54:39: scraper > Using API Key: AIza****3tvo
2025-12-30T00:54:39: scraper > Final query sent: "thenight we met lyrics and chords"
2025-12-30T00:54:39: scraper > Using GOOGLE_NOBILLING_API_KEY_2: AIza****sgEQ
2025-12-30T00:54:39: scraper > Using SEARCHENGINE_ID_2: 055c81ad25228427a
2025-12-30T00:54:39: scraper > Google returned 8 results
2025-12-30T00:54:39: scraper > [0] THE NIGHT WE MET CHORDS by Lord Huron @ Ultimate-Guitar.Com :: https://tabs.ultimate-guitar.com/tab/lord-huron/the-night-we-met-chords-1709964
2025-12-30T00:54:39: scraper > [1] The Night We Met Chords by LORD HURON | No Sign Up Required! :: https://guitartuna.com/chords/the-night-we-met-lord-huron-easy-guitar-chords-60b60847f4df3d09978e385b
2025-12-30T00:54:39: scraper > [2] The Night We Met Lord Huron Chords and Lyrics for Guitar :: https://www.chordie.com/chord.pere/www.azchords.com/l/lordhuron-tabs-49066/thenightwemet-tabs-813837.html
2025-12-30T00:54:39: scraper > [3] The Night We Met Chords - Lord Huron | Wrytin :: https://wrytin.com/dhruvi1/the-night-we-met-chords-lord-huron-m1pad8xj
2025-12-30T00:54:39: scraper > [4] THE NIGHT WE MET – LORD HURON PIANO CHORDS & Lyics :: https://uk.pinterest.com/pin/the-night-we-met-lord-huron-piano-chords-lyrics--883620389405266786/
2025-12-30T00:54:39: scraper > [5] The Night We Met, Ukulele, by Lord Hurontabs | PDF | Song ... :: https://www.scribd.com/document/684765096/The-Night-We-Met-Ukulele-by-Lord-Hurontabs
2025-12-30T00:54:39: scraper > [6] The Night We Met Chords Piano :: https://www.pinterest.com/ideas/the-night-we-met-chords-piano/930450387414/
2025-12-30T00:54:39: scraper > [7] The Night We Met But Different Chord Uke tab by Lord Huron ... :: https://www.ukulele-tabs.com/uke-songs/lord-huron/the-night-we-met-but-different-chord-uke-tab-83718.html
2025-12-30T00:54:39: scraper > Sorted by (lyrics/chords) score.
2025-12-30T00:54:39: scraper > Chosen URL: https://www.chordie.com/chord.pere/www.azchords.com/l/lordhuron-tabs-49066/thenightwemet-tabs-813837.html
2025-12-30T00:54:39: scraper > Chosen Title: The Night We Met Lord Huron Chords and Lyrics for Guitar
2025-12-30T00:54:39: 
2025-12-30T00:54:39: ──────── NAVIGATE ────────
2025-12-30T00:54:40: 
2025-12-30T00:54:40: ──────── REQUEST ────────
2025-12-30T00:54:40: scraper > songName: Thenight we met
2025-12-30T00:54:40: scraper > linkIndex (raw): 0
2025-12-30T00:54:40: 
2025-12-30T00:54:40: ──────── GOOGLE SEARCH ────────
2025-12-30T00:54:40: scraper > Searching Google for: thenight we met
2025-12-30T00:54:40: scraper > Using API Key: AIza****3tvo
2025-12-30T00:54:40: scraper > Final query sent: "thenight we met lyrics and chords"
2025-12-30T00:54:40: scraper > Using GOOGLE_NOBILLING_API_KEY_2: AIza****sgEQ
2025-12-30T00:54:40: scraper > Using SEARCHENGINE_ID_2: 055c81ad25228427a
2025-12-30T00:54:40: scraper > Google returned 8 results
2025-12-30T00:54:40: scraper > [0] THE NIGHT WE MET CHORDS by Lord Huron @ Ultimate-Guitar.Com :: https://tabs.ultimate-guitar.com/tab/lord-huron/the-night-we-met-chords-1709964
2025-12-30T00:54:40: scraper > [1] The Night We Met Chords by LORD HURON | No Sign Up Required! :: https://guitartuna.com/chords/the-night-we-met-lord-huron-easy-guitar-chords-60b60847f4df3d09978e385b
2025-12-30T00:54:40: scraper > [2] The Night We Met Lord Huron Chords and Lyrics for Guitar :: https://www.chordie.com/chord.pere/www.azchords.com/l/lordhuron-tabs-49066/thenightwemet-tabs-813837.html
2025-12-30T00:54:40: scraper > [3] The Night We Met Chords - Lord Huron | Wrytin :: https://wrytin.com/dhruvi1/the-night-we-met-chords-lord-huron-m1pad8xj
2025-12-30T00:54:40: scraper > [4] THE NIGHT WE MET – LORD HURON PIANO CHORDS & Lyics :: https://uk.pinterest.com/pin/the-night-we-met-lord-huron-piano-chords-lyrics--883620389405266786/
2025-12-30T00:54:40: scraper > [5] The Night We Met, Ukulele, by Lord Hurontabs | PDF | Song ... :: https://www.scribd.com/document/684765096/The-Night-We-Met-Ukulele-by-Lord-Hurontabs
2025-12-30T00:54:40: scraper > [6] The Night We Met Chords Piano :: https://www.pinterest.com/ideas/the-night-we-met-chords-piano/930450387414/
2025-12-30T00:54:40: scraper > [7] The Night We Met But Different Chord Uke tab by Lord Huron ... :: https://www.ukulele-tabs.com/uke-songs/lord-huron/the-night-we-met-but-different-chord-uke-tab-83718.html
2025-12-30T00:54:40: scraper > Sorted by (lyrics/chords) score.
2025-12-30T00:54:40: scraper > Chosen URL: https://www.chordie.com/chord.pere/www.azchords.com/l/lordhuron-tabs-49066/thenightwemet-tabs-813837.html
2025-12-30T00:54:40: scraper > Chosen Title: The Night We Met Lord Huron Chords and Lyrics for Guitar
2025-12-30T00:54:40: 
2025-12-30T00:54:40: ──────── NAVIGATE ────────
2025-12-30T00:54:47: scraper > Error in scrapeLyrisc: page.goto: net::ERR_TIMED_OUT at https://www.chordie.com/chord.pere/www.azchords.com/l/lordhuron-tabs-49066/thenightwemet-tabs-813837.html
2025-12-30T00:54:47: Call log:
2025-12-30T00:54:47: [2m  - navigating to "https://www.chordie.com/chord.pere/www.azchords.com/l/lordhuron-tabs-49066/thenightwemet-tabs-813837.html", waiting until "domcontentloaded"[22m
2025-12-30T00:54:47: 
2025-12-30T00:54:47: scraper > Browser context closed.
2025-12-30T00:54:48: scraper > Error in scrapeLyrisc: page.goto: net::ERR_TIMED_OUT at https://www.chordie.com/chord.pere/www.azchords.com/l/lordhuron-tabs-49066/thenightwemet-tabs-813837.html
2025-12-30T00:54:48: Call log:
2025-12-30T00:54:48: [2m  - navigating to "https://www.chordie.com/chord.pere/www.azchords.com/l/lordhuron-tabs-49066/thenightwemet-tabs-813837.html", waiting until "domcontentloaded"[22m
2025-12-30T00:54:48: 
2025-12-30T00:54:48: scraper > Browser context closed.
2025-12-30T00:54:55: 
2025-12-30T00:54:55: ──────── REQUEST ────────
2025-12-30T00:54:55: scraper > songName: Thenight we met
2025-12-30T00:54:55: scraper > linkIndex (raw): 0
2025-12-30T00:54:55: 
2025-12-30T00:54:55: ──────── GOOGLE SEARCH ────────
2025-12-30T00:54:55: scraper > Searching Google for: thenight we met
2025-12-30T00:54:55: scraper > Using API Key: AIza****3tvo
2025-12-30T00:54:55: scraper > Final query sent: "thenight we met lyrics and chords"
2025-12-30T00:54:55: scraper > Using GOOGLE_NOBILLING_API_KEY_2: AIza****sgEQ
2025-12-30T00:54:55: scraper > Using SEARCHENGINE_ID_2: 055c81ad25228427a
2025-12-30T00:54:55: scraper > Google returned 8 results
2025-12-30T00:54:55: scraper > [0] THE NIGHT WE MET CHORDS by Lord Huron @ Ultimate-Guitar.Com :: https://tabs.ultimate-guitar.com/tab/lord-huron/the-night-we-met-chords-1709964
2025-12-30T00:54:55: scraper > [1] The Night We Met Chords by LORD HURON | No Sign Up Required! :: https://guitartuna.com/chords/the-night-we-met-lord-huron-easy-guitar-chords-60b60847f4df3d09978e385b
2025-12-30T00:54:55: scraper > [2] The Night We Met Lord Huron Chords and Lyrics for Guitar :: https://www.chordie.com/chord.pere/www.azchords.com/l/lordhuron-tabs-49066/thenightwemet-tabs-813837.html
2025-12-30T00:54:55: scraper > [3] The Night We Met Chords - Lord Huron | Wrytin :: https://wrytin.com/dhruvi1/the-night-we-met-chords-lord-huron-m1pad8xj
2025-12-30T00:54:55: scraper > [4] THE NIGHT WE MET – LORD HURON PIANO CHORDS & Lyics :: https://uk.pinterest.com/pin/the-night-we-met-lord-huron-piano-chords-lyrics--883620389405266786/
2025-12-30T00:54:55: scraper > [5] The Night We Met, Ukulele, by Lord Hurontabs | PDF | Song ... :: https://www.scribd.com/document/684765096/The-Night-We-Met-Ukulele-by-Lord-Hurontabs
2025-12-30T00:54:55: scraper > [6] The Night We Met Chords Piano :: https://www.pinterest.com/ideas/the-night-we-met-chords-piano/930450387414/
2025-12-30T00:54:55: scraper > [7] The Night We Met But Different Chord Uke tab by Lord Huron ... :: https://www.ukulele-tabs.com/uke-songs/lord-huron/the-night-we-met-but-different-chord-uke-tab-83718.html
2025-12-30T00:54:55: scraper > Sorted by (lyrics/chords) score.
2025-12-30T00:54:55: scraper > Chosen URL: https://www.chordie.com/chord.pere/www.azchords.com/l/lordhuron-tabs-49066/thenightwemet-tabs-813837.html
2025-12-30T00:54:55: scraper > Chosen Title: The Night We Met Lord Huron Chords and Lyrics for Guitar
2025-12-30T00:54:55: 
2025-12-30T00:54:55: ──────── NAVIGATE ────────
2025-12-30T00:55:03: scraper > Error in scrapeLyrisc: page.goto: net::ERR_TIMED_OUT at https://www.chordie.com/chord.pere/www.azchords.com/l/lordhuron-tabs-49066/thenightwemet-tabs-813837.html
2025-12-30T00:55:03: Call log:
2025-12-30T00:55:03: [2m  - navigating to "https://www.chordie.com/chord.pere/www.azchords.com/l/lordhuron-tabs-49066/thenightwemet-tabs-813837.html", waiting until "domcontentloaded"[22m
2025-12-30T00:55:03: 
2025-12-30T00:55:03: scraper > Browser context closed.
2025-12-30T00:55:16: 
2025-12-30T00:55:16: ──────── REQUEST ────────
2025-12-30T00:55:16: scraper > songName: albat
2025-12-30T00:55:16: scraper > linkIndex (raw): 0
2025-12-30T00:55:16: 
2025-12-30T00:55:16: ──────── GOOGLE SEARCH ────────
2025-12-30T00:55:16: scraper > Searching Google for: albat
2025-12-30T00:55:16: scraper > Using API Key: AIza****3tvo
2025-12-30T00:55:16: scraper > Final query sent: "albat lyrics and chords"
2025-12-30T00:55:16: scraper > Using GOOGLE_NOBILLING_API_KEY_2: AIza****sgEQ
2025-12-30T00:55:16: scraper > Using SEARCHENGINE_ID_2: 055c81ad25228427a
2025-12-30T00:55:17: scraper > Google returned 8 results
2025-12-30T00:55:17: scraper > [0] Frankie & Albert | dylanchords :: https://www.dylanchords.com/35_gaibty/frankie_and_albert
2025-12-30T00:55:17: scraper > [1] Uncle Albert / Admiral Halsey Chords by Paul McCartney | Songsterr ... :: https://www.songsterr.com/a/wsa/paul-mccartney-uncle-albert-admiral-halsey-chords-s234373
2025-12-30T00:55:17: scraper > [2] UNCLE ALBERT - ADMIRAL HALSEY CHORDS by Paul McCartney ... :: https://tabs.ultimate-guitar.com/tab/paul-mccartney/uncle-albert-admiral-halsey-chords-52001
2025-12-30T00:55:17: scraper > [3] Uncle Albert / Admiral Halsey Paul McCartney Chords and Lyrics for ... :: https://www.chordie.com/chord.pere/www.guitaretab.com/p/paul-mccartney/178743.html
2025-12-30T00:55:17: scraper > [4] Albert Hammond – When I'm Gone Lyrics | Genius Lyrics :: https://genius.com/Albert-hammond-when-im-gone-lyrics
2025-12-30T00:55:17: scraper > [5] Uncle Albert / Admiral Halsey - Guitar Chords/Lyrics | zZounds :: https://www.zzounds.com/item--HLS141670
2025-12-30T00:55:17: scraper > [6] Jesse Barrera - Oversized Jacket Chords | Tabs | Lyrics (Albert Posis ... :: https://chordsworld.com/jesse-barrera-oversized-jacket-chords-albert-posis/
2025-12-30T00:55:17: scraper > [7] Albat Alawi Op.99 | El Khat - القات :: https://elkhat-music.bandcamp.com/album/albat-alawi-op-99
2025-12-30T00:55:17: scraper > Sorted by (lyrics/chords) score.
2025-12-30T00:55:17: scraper > Chosen URL: https://www.chordie.com/chord.pere/www.guitaretab.com/p/paul-mccartney/178743.html
2025-12-30T00:55:17: scraper > Chosen Title: Uncle Albert / Admiral Halsey Paul McCartney Chords and Lyrics for ...
2025-12-30T00:55:17: 
2025-12-30T00:55:17: ──────── NAVIGATE ────────
2025-12-30T00:55:25: scraper > Error in scrapeLyrisc: page.goto: net::ERR_TIMED_OUT at https://www.chordie.com/chord.pere/www.guitaretab.com/p/paul-mccartney/178743.html
2025-12-30T00:55:25: Call log:
2025-12-30T00:55:25: [2m  - navigating to "https://www.chordie.com/chord.pere/www.guitaretab.com/p/paul-mccartney/178743.html", waiting until "domcontentloaded"[22m
2025-12-30T00:55:25: 
2025-12-30T00:55:25: scraper > Browser context closed.
2025-12-30T21:53:42: Scheduled browser restart
2025-12-30T21:53:42: Browser closed successfully
2025-12-30T21:53:42: Browser started successfully
2025-12-30T23:07:17: 
2025-12-30T23:07:17: ──────── REQUEST ────────
2025-12-30T23:07:17: scraper > songName: abatross
2025-12-30T23:07:17: scraper > linkIndex (raw): 0
2025-12-30T23:07:17: 
2025-12-30T23:07:17: ──────── GOOGLE SEARCH ────────
2025-12-30T23:07:17: scraper > Searching Google for: abatross
2025-12-30T23:07:17: scraper > Using API Key: AIza****3tvo
2025-12-30T23:07:17: scraper > Final query sent: "abatross lyrics and chords"
2025-12-30T23:07:17: scraper > Using GOOGLE_NOBILLING_API_KEY_2: AIza****sgEQ
2025-12-30T23:07:17: scraper > Using SEARCHENGINE_ID_2: 055c81ad25228427a
2025-12-30T23:07:18: scraper > Google returned 8 results
2025-12-30T23:07:18: scraper > [0] Albatross Chords & Tabs for Guitar, Ukulele, Bass, Drums at ... :: https://www.ultimate-guitar.com/artist/albatross_30279
2025-12-30T23:07:18: scraper > [1] TIMI BHANE CHORDS by Albatross for guitar, ukulele and piano ... :: https://tabs.ultimate-guitar.com/tab/albatross/timi-bhane-chords-1491599
2025-12-30T23:07:18: scraper > [2] The Albatross - Taylor Swift Sheet Music with Chords for Piano (Solo ... :: https://musescore.com/user/4367091/scores/16118062
2025-12-30T23:07:18: scraper > [3] NISCHAL CHORDS by Albatross @ Ultimate-Guitar.Com :: https://tabs.ultimate-guitar.com/tab/albatross/nischal-chords-2239527
2025-12-30T23:07:18: scraper > [4] Nischal Albatross Chords and Lyrics for Guitar :: https://www.chordie.com/chord.pere/www.azchords.com/a/albatross-tabs-49376/nischal-tabs-911826.html
2025-12-30T23:07:18: scraper > [5] ALBATROSS CHORDS by Fleetwood Mac @ Ultimate-Guitar.Com :: https://tabs.ultimate-guitar.com/tab/fleetwood-mac/albatross-chords-5403762
2025-12-30T23:07:18: scraper > [6] Abhiman - Albatross ~ Songs Chords :: http://songskord.blogspot.com/2015/08/gm-f-e-kahile-hasenau-gm-f-e-pani-kehi.html
2025-12-30T23:07:18: scraper > [7] Albatross - Fleetwood Mac (Guitar Chords-Lyrics) PDF :: https://musescore.com/user/39593079/scores/16019833
2025-12-30T23:07:18: scraper > Sorted by (lyrics/chords) score.
2025-12-30T23:07:18: scraper > Chosen URL: https://www.chordie.com/chord.pere/www.azchords.com/a/albatross-tabs-49376/nischal-tabs-911826.html
2025-12-30T23:07:18: scraper > Chosen Title: Nischal Albatross Chords and Lyrics for Guitar
2025-12-30T23:07:18: 
2025-12-30T23:07:18: ──────── NAVIGATE ────────
2025-12-30T23:07:19: scraper > page.goto done. Final URL: https://www.chordie.com/chord.pere/www.azchords.com/a/albatross-tabs-49376/nischal-tabs-911826.html
2025-12-30T23:07:19: scraper > HTTP status: 200
2025-12-30T23:07:23: scraper > Page title: Nischal Albatross Chords and Lyrics for Guitar
2025-12-30T23:07:23: scraper > HTML length: 75093
2025-12-30T23:07:23: 
2025-12-30T23:07:23: ──────── READABILITY ────────
2025-12-30T23:07:24: scraper > isProbablyReaderable: true
2025-12-30T23:07:24: scraper > Readability parse OK. content length: 8355
2025-12-30T23:07:24: scraper > Lines from Readability: 100
2025-12-30T23:07:24: 
2025-12-30T23:07:24: ──────── FALLBACK #1 (DENSE BLOCK) ────────
2025-12-30T23:07:24: 
2025-12-30T23:07:24: ──────── FALLBACK #2 (SITE-AWARE) ────────
2025-12-30T23:07:24: 
2025-12-30T23:07:24: ──────── RESULT ────────
2025-12-30T23:07:24: scraper > Used Readability: true Useful: true
2025-12-30T23:07:24: scraper > Final URL: https://www.chordie.com/chord.pere/www.azchords.com/a/albatross-tabs-49376/nischal-tabs-911826.html
2025-12-30T23:07:24: scraper > Total lines: 100
2025-12-30T23:07:24: scraper > Preview: [Cbords] |  | Cadd9 x32033 |  | Gmaj7 x20032 |  | [Intro] |  | Cadd9 Gmaj7 (x6) |  | [Verse 1] |  | [Cadd9]Timi ani m[Gmaj7]ero tehi eutai [Cadd9]kura |  | Laja namani [Gmaj7]bola jevaana ko b[Cadd9]haka |  | Timi lai nai [Gmaj7]chal chaina |  | Khai k bhanchau ma[Cadd9]lai |  | Amulyo yo [Gmaj7]sam…
2025-12-30T23:07:24: scraper > Browser context closed.
2025-12-31T21:53:42: Scheduled browser restart
2025-12-31T21:53:42: Browser closed successfully
2025-12-31T21:53:42: Browser started successfully
2025-12-31T22:18:00: 
2025-12-31T22:18:00: ──────── REQUEST ────────
2025-12-31T22:18:00: scraper > songName: vanana mayra
2025-12-31T22:18:00: scraper > linkIndex (raw): 0
2025-12-31T22:18:00: 
2025-12-31T22:18:00: ──────── GOOGLE SEARCH ────────
2025-12-31T22:18:00: scraper > Searching Google for: vanana mayra
2025-12-31T22:18:00: scraper > Using API Key: AIza****3tvo
2025-12-31T22:18:00: scraper > Final query sent: "vanana mayra lyrics and chords"
2025-12-31T22:18:00: scraper > Using GOOGLE_NOBILLING_API_KEY_2: AIza****sgEQ
2025-12-31T22:18:00: scraper > Using SEARCHENGINE_ID_2: 055c81ad25228427a
2025-12-31T22:18:00: scraper > Google returned 8 results
2025-12-31T22:18:00: scraper > [0] VANANA MATRA CHORDS by John Chamling Rai @ Ultimate ... :: https://tabs.ultimate-guitar.com/tab/john-chamling-rai/vanana-matra-chords-5471724
2025-12-31T22:18:00: scraper > [1] John Chamling Rai – Vanana Matra [Romanized] Lyrics | Genius ... :: https://genius.com/John-chamling-rai-vanana-matra-romanized-lyrics
2025-12-31T22:18:00: scraper > [2] Songs :: https://ulukau.org/gsdl2.81/cgi-bin/library?e=d-00000-00---off-0islandmusic--00-2----0-10-0---0---0direct-10---4-------0…
2025-12-31T22:18:00: scraper > [3] Conquest Studios (@ConReforged) / Posts / X :: https://x.com/ConReforged
2025-12-31T22:18:00: scraper > [4] Info University | ShowBizPizza.com :: https://showbizpizza.com/info/index.html
2025-12-31T22:18:00: scraper > [5] This is a repeat after me song (this is a repeat after me song) The ... :: https://volunteers.girlscoutsrv.org/wp-content/uploads/2014/08/Girl-Scout-Camp-Song-Lyrics.pdf
2025-12-31T22:18:00: scraper > [6] U.S. SHEET MUSIC COLLECTION :: https://www.esm.rochester.edu/sibley/files/US-Sheet-Music_Sub-group-I_Series-5B.pdf
2025-12-31T22:18:00: scraper > [7] Standards Archive - TIA Online :: https://tiaonline.org/standards-archive/
2025-12-31T22:18:00: scraper > Sorted by (lyrics/chords) score.
2025-12-31T22:18:00: scraper > Chosen URL: https://genius.com/John-chamling-rai-vanana-matra-romanized-lyrics
2025-12-31T22:18:00: scraper > Chosen Title: John Chamling Rai – Vanana Matra [Romanized] Lyrics | Genius ...
2025-12-31T22:18:00: 
2025-12-31T22:18:00: ──────── NAVIGATE ────────
2025-12-31T22:18:02: scraper > page.goto done. Final URL: https://genius.com/John-chamling-rai-vanana-matra-romanized-lyrics
2025-12-31T22:18:02: scraper > HTTP status: 200
2025-12-31T22:18:04: 
2025-12-31T22:18:04: ──────── REQUEST ────────
2025-12-31T22:18:04: scraper > songName: vanana mayra
2025-12-31T22:18:04: scraper > linkIndex (raw): 0
2025-12-31T22:18:04: 
2025-12-31T22:18:04: ──────── GOOGLE SEARCH ────────
2025-12-31T22:18:04: scraper > Searching Google for: vanana mayra
2025-12-31T22:18:04: scraper > Using API Key: AIza****3tvo
2025-12-31T22:18:04: scraper > Final query sent: "vanana mayra lyrics and chords"
2025-12-31T22:18:04: scraper > Using GOOGLE_NOBILLING_API_KEY_2: AIza****sgEQ
2025-12-31T22:18:04: scraper > Using SEARCHENGINE_ID_2: 055c81ad25228427a
2025-12-31T22:18:04: scraper > Google returned 8 results
2025-12-31T22:18:04: scraper > [0] VANANA MATRA CHORDS by John Chamling Rai @ Ultimate ... :: https://tabs.ultimate-guitar.com/tab/john-chamling-rai/vanana-matra-chords-5471724
2025-12-31T22:18:04: scraper > [1] John Chamling Rai – Vanana Matra [Romanized] Lyrics | Genius ... :: https://genius.com/John-chamling-rai-vanana-matra-romanized-lyrics
2025-12-31T22:18:04: scraper > [2] Songs :: https://ulukau.org/gsdl2.81/cgi-bin/library?e=d-00000-00---off-0islandmusic--00-2----0-10-0---0---0direct-10---4-------0…
2025-12-31T22:18:04: scraper > [3] Conquest Studios (@ConReforged) / Posts / X :: https://x.com/ConReforged
2025-12-31T22:18:04: scraper > [4] Info University | ShowBizPizza.com :: https://showbizpizza.com/info/index.html
2025-12-31T22:18:04: scraper > [5] This is a repeat after me song (this is a repeat after me song) The ... :: https://volunteers.girlscoutsrv.org/wp-content/uploads/2014/08/Girl-Scout-Camp-Song-Lyrics.pdf
2025-12-31T22:18:04: scraper > [6] U.S. SHEET MUSIC COLLECTION :: https://www.esm.rochester.edu/sibley/files/US-Sheet-Music_Sub-group-I_Series-5B.pdf
2025-12-31T22:18:04: scraper > [7] Standards Archive - TIA Online :: https://tiaonline.org/standards-archive/
2025-12-31T22:18:04: scraper > Sorted by (lyrics/chords) score.
2025-12-31T22:18:04: scraper > Chosen URL: https://genius.com/John-chamling-rai-vanana-matra-romanized-lyrics
2025-12-31T22:18:04: scraper > Chosen Title: John Chamling Rai – Vanana Matra [Romanized] Lyrics | Genius ...
2025-12-31T22:18:04: 
2025-12-31T22:18:04: ──────── NAVIGATE ────────
2025-12-31T22:18:10: scraper > page.goto done. Final URL: https://genius.com/John-chamling-rai-vanana-matra-romanized-lyrics
2025-12-31T22:18:10: scraper > HTTP status: 200
2025-12-31T22:18:14: scraper > networkidle wait skipped/timeout
2025-12-31T22:18:14: scraper > Page title: John Chamling Rai – Vanana Matra [Romanized] Lyrics | Genius Lyrics
2025-12-31T22:18:14: scraper > HTML length: 763761
2025-12-31T22:18:14: 
2025-12-31T22:18:14: ──────── READABILITY ────────
2025-12-31T22:18:15: scraper > isProbablyReaderable: false
2025-12-31T22:18:15: scraper > Readability parse OK. content length: 1557
2025-12-31T22:18:15: scraper > Lines from Readability: 44
2025-12-31T22:18:15: 
2025-12-31T22:18:15: ──────── FALLBACK #1 (DENSE BLOCK) ────────
2025-12-31T22:18:15: 
2025-12-31T22:18:15: ──────── FALLBACK #2 (SITE-AWARE) ────────
2025-12-31T22:18:15: 
2025-12-31T22:18:15: ──────── RESULT ────────
2025-12-31T22:18:15: scraper > Used Readability: true Useful: true
2025-12-31T22:18:15: scraper > Final URL: https://genius.com/John-chamling-rai-vanana-matra-romanized-lyrics
2025-12-31T22:18:15: scraper > Total lines: 44
2025-12-31T22:18:15: scraper > Preview: [Intro] | Raa paa ri raaaa raaaa | Raa paa ri raaaa raaaa |  | [Verse 1] | Bhana na, matra ma garidiula | Timrai hun ma ta, timrai rahula maya | Dherai tada chu ma, ta birseko chuina | Hridaya mai chau ta | Timi nai, aru hoina |  | [Verse 2] | Dhatna maan kehi chaina timilai | Kehi pani | Hawa jhai …
2025-12-31T22:18:16: scraper > Browser context closed.
2025-12-31T22:18:19: scraper > Timeout hit. Closing context and returning fallback.
2025-12-31T22:18:19: scraper > networkidle wait skipped/timeout
2025-12-31T22:18:19: scraper > Error in scrapeLyrisc: page.title: Target page, context or browser has been closed
2025-12-31T22:18:19: scraper > Browser context closed.
2025-12-31T22:18:21: 
2025-12-31T22:18:21: ──────── REQUEST ────────
2025-12-31T22:18:21: scraper > songName: vanana mayra
2025-12-31T22:18:21: scraper > linkIndex (raw): 0
2025-12-31T22:18:21: 
2025-12-31T22:18:21: ──────── GOOGLE SEARCH ────────
2025-12-31T22:18:21: scraper > Searching Google for: vanana mayra
2025-12-31T22:18:21: scraper > Using API Key: AIza****3tvo
2025-12-31T22:18:21: scraper > Final query sent: "vanana mayra lyrics and chords"
2025-12-31T22:18:21: scraper > Using GOOGLE_NOBILLING_API_KEY_2: AIza****sgEQ
2025-12-31T22:18:21: scraper > Using SEARCHENGINE_ID_2: 055c81ad25228427a
2025-12-31T22:18:21: scraper > Google returned 8 results
2025-12-31T22:18:21: scraper > [0] VANANA MATRA CHORDS by John Chamling Rai @ Ultimate ... :: https://tabs.ultimate-guitar.com/tab/john-chamling-rai/vanana-matra-chords-5471724
2025-12-31T22:18:21: scraper > [1] John Chamling Rai – Vanana Matra [Romanized] Lyrics | Genius ... :: https://genius.com/John-chamling-rai-vanana-matra-romanized-lyrics
2025-12-31T22:18:21: scraper > [2] Songs :: https://ulukau.org/gsdl2.81/cgi-bin/library?e=d-00000-00---off-0islandmusic--00-2----0-10-0---0---0direct-10---4-------0…
2025-12-31T22:18:21: scraper > [3] Conquest Studios (@ConReforged) / Posts / X :: https://x.com/ConReforged
2025-12-31T22:18:21: scraper > [4] Info University | ShowBizPizza.com :: https://showbizpizza.com/info/index.html
2025-12-31T22:18:21: scraper > [5] This is a repeat after me song (this is a repeat after me song) The ... :: https://volunteers.girlscoutsrv.org/wp-content/uploads/2014/08/Girl-Scout-Camp-Song-Lyrics.pdf
2025-12-31T22:18:21: scraper > [6] U.S. SHEET MUSIC COLLECTION :: https://www.esm.rochester.edu/sibley/files/US-Sheet-Music_Sub-group-I_Series-5B.pdf
2025-12-31T22:18:21: scraper > [7] Standards Archive - TIA Online :: https://tiaonline.org/standards-archive/
2025-12-31T22:18:21: scraper > Sorted by (lyrics/chords) score.
2025-12-31T22:18:21: scraper > Chosen URL: https://genius.com/John-chamling-rai-vanana-matra-romanized-lyrics
2025-12-31T22:18:21: scraper > Chosen Title: John Chamling Rai – Vanana Matra [Romanized] Lyrics | Genius ...
2025-12-31T22:18:21: 
2025-12-31T22:18:21: ──────── NAVIGATE ────────
2025-12-31T22:18:23: scraper > page.goto done. Final URL: https://genius.com/John-chamling-rai-vanana-matra-romanized-lyrics
2025-12-31T22:18:23: scraper > HTTP status: 200
2025-12-31T22:18:35: scraper > networkidle wait skipped/timeout
2025-12-31T22:18:35: scraper > Page title: John Chamling Rai – Vanana Matra [Romanized] Lyrics | Genius Lyrics
2025-12-31T22:18:35: scraper > HTML length: 1037690
2025-12-31T22:18:35: 
2025-12-31T22:18:35: ──────── READABILITY ────────
2025-12-31T22:18:36: scraper > isProbablyReaderable: false
2025-12-31T22:18:36: scraper > Readability parse OK. content length: 1557
2025-12-31T22:18:36: scraper > Lines from Readability: 44
2025-12-31T22:18:36: 
2025-12-31T22:18:36: ──────── FALLBACK #1 (DENSE BLOCK) ────────
2025-12-31T22:18:36: 
2025-12-31T22:18:36: ──────── FALLBACK #2 (SITE-AWARE) ────────
2025-12-31T22:18:36: 
2025-12-31T22:18:36: ──────── RESULT ────────
2025-12-31T22:18:36: scraper > Used Readability: true Useful: true
2025-12-31T22:18:36: scraper > Final URL: https://genius.com/John-chamling-rai-vanana-matra-romanized-lyrics
2025-12-31T22:18:36: scraper > Total lines: 44
2025-12-31T22:18:36: scraper > Preview: [Intro] | Raa paa ri raaaa raaaa | Raa paa ri raaaa raaaa |  | [Verse 1] | Bhana na, matra ma garidiula | Timrai hun ma ta, timrai rahula maya | Dherai tada chu ma, ta birseko chuina | Hridaya mai chau ta | Timi nai, aru hoina |  | [Verse 2] | Dhatna maan kehi chaina timilai | Kehi pani | Hawa jhai …
2025-12-31T22:18:36: scraper > Browser context closed.
2025-12-31T22:19:55: 
2025-12-31T22:19:55: ──────── REQUEST ────────
2025-12-31T22:19:55: scraper > songName: vanana mayra
2025-12-31T22:19:55: scraper > linkIndex (raw): 0
2025-12-31T22:19:55: 
2025-12-31T22:19:55: ──────── GOOGLE SEARCH ────────
2025-12-31T22:19:55: scraper > Searching Google for: vanana mayra
2025-12-31T22:19:55: scraper > Using API Key: AIza****3tvo
2025-12-31T22:19:55: scraper > Final query sent: "vanana mayra lyrics and chords"
2025-12-31T22:19:55: scraper > Using GOOGLE_NOBILLING_API_KEY_2: AIza****sgEQ
2025-12-31T22:19:55: scraper > Using SEARCHENGINE_ID_2: 055c81ad25228427a
2025-12-31T22:19:55: scraper > Google returned 8 results
2025-12-31T22:19:55: scraper > [0] VANANA MATRA CHORDS by John Chamling Rai @ Ultimate ... :: https://tabs.ultimate-guitar.com/tab/john-chamling-rai/vanana-matra-chords-5471724
2025-12-31T22:19:55: scraper > [1] John Chamling Rai – Vanana Matra [Romanized] Lyrics | Genius ... :: https://genius.com/John-chamling-rai-vanana-matra-romanized-lyrics
2025-12-31T22:19:55: scraper > [2] Songs :: https://ulukau.org/gsdl2.81/cgi-bin/library?e=d-00000-00---off-0islandmusic--00-2----0-10-0---0---0direct-10---4-------0…
2025-12-31T22:19:55: scraper > [3] Conquest Studios (@ConReforged) / Posts / X :: https://x.com/ConReforged
2025-12-31T22:19:55: scraper > [4] Info University | ShowBizPizza.com :: https://showbizpizza.com/info/index.html
2025-12-31T22:19:55: scraper > [5] This is a repeat after me song (this is a repeat after me song) The ... :: https://volunteers.girlscoutsrv.org/wp-content/uploads/2014/08/Girl-Scout-Camp-Song-Lyrics.pdf
2025-12-31T22:19:55: scraper > [6] U.S. SHEET MUSIC COLLECTION :: https://www.esm.rochester.edu/sibley/files/US-Sheet-Music_Sub-group-I_Series-5B.pdf
2025-12-31T22:19:55: scraper > [7] Standards Archive - TIA Online :: https://tiaonline.org/standards-archive/
2025-12-31T22:19:55: scraper > Sorted by (lyrics/chords) score.
2025-12-31T22:19:55: scraper > Chosen URL: https://genius.com/John-chamling-rai-vanana-matra-romanized-lyrics
2025-12-31T22:19:55: scraper > Chosen Title: John Chamling Rai – Vanana Matra [Romanized] Lyrics | Genius ...
2025-12-31T22:19:55: 
2025-12-31T22:19:55: ──────── NAVIGATE ────────
2025-12-31T22:19:57: scraper > page.goto done. Final URL: https://genius.com/John-chamling-rai-vanana-matra-romanized-lyrics
2025-12-31T22:19:57: scraper > HTTP status: 200
2025-12-31T22:20:09: scraper > networkidle wait skipped/timeout
2025-12-31T22:20:09: scraper > Page title: John Chamling Rai – Vanana Matra [Romanized] Lyrics | Genius Lyrics
2025-12-31T22:20:09: scraper > HTML length: 1040721
2025-12-31T22:20:09: 
2025-12-31T22:20:09: ──────── READABILITY ────────
2025-12-31T22:20:10: scraper > isProbablyReaderable: false
2025-12-31T22:20:10: scraper > Readability parse OK. content length: 1557
2025-12-31T22:20:10: scraper > Lines from Readability: 44
2025-12-31T22:20:10: 
2025-12-31T22:20:10: ──────── FALLBACK #1 (DENSE BLOCK) ────────
2025-12-31T22:20:10: 
2025-12-31T22:20:10: ──────── FALLBACK #2 (SITE-AWARE) ────────
2025-12-31T22:20:10: 
2025-12-31T22:20:10: ──────── RESULT ────────
2025-12-31T22:20:10: scraper > Used Readability: true Useful: true
2025-12-31T22:20:10: scraper > Final URL: https://genius.com/John-chamling-rai-vanana-matra-romanized-lyrics
2025-12-31T22:20:10: scraper > Total lines: 44
2025-12-31T22:20:10: scraper > Preview: [Intro] | Raa paa ri raaaa raaaa | Raa paa ri raaaa raaaa |  | [Verse 1] | Bhana na, matra ma garidiula | Timrai hun ma ta, timrai rahula maya | Dherai tada chu ma, ta birseko chuina | Hridaya mai chau ta | Timi nai, aru hoina |  | [Verse 2] | Dhatna maan kehi chaina timilai | Kehi pani | Hawa jhai …
2025-12-31T22:20:10: 
2025-12-31T22:20:10: ──────── REQUEST ────────
2025-12-31T22:20:10: scraper > songName: ma mare pani
2025-12-31T22:20:10: scraper > linkIndex (raw): 0
2025-12-31T22:20:10: scraper > Browser context closed.
2025-12-31T22:20:10: 
2025-12-31T22:20:10: ──────── GOOGLE SEARCH ────────
2025-12-31T22:20:10: scraper > Searching Google for: ma mare pani
2025-12-31T22:20:10: scraper > Using API Key: AIza****3tvo
2025-12-31T22:20:10: scraper > Final query sent: "ma mare pani lyrics and chords"
2025-12-31T22:20:10: scraper > Using GOOGLE_NOBILLING_API_KEY_2: AIza****sgEQ
2025-12-31T22:20:10: scraper > Using SEARCHENGINE_ID_2: 055c81ad25228427a
2025-12-31T22:20:11: scraper > Google returned 8 results
2025-12-31T22:20:11: scraper > [0] MA MARE PANI CHORDS by Swar , Swapnil Sharma, Rohit Shakya ... :: https://tabs.ultimate-guitar.com/tab/swar/ma-mare-pani-chords-5760572
2025-12-31T22:20:11: scraper > [1] Ma Mare Pani Chords - Swar | E-CHORDS :: https://www.e-chords.com/chords/swar/ma-mare-pani
2025-12-31T22:20:11: scraper > [2] MA MARE PANI CHORDS (ver 2) by Swar , Swapnil Sharma, Rohit ... :: https://tabs.ultimate-guitar.com/tab/swar/ma-mare-pani-chords-5757797
2025-12-31T22:20:11: scraper > [3] Ma Mare Pani Guitar Chords Lyrics | TikTok :: https://www.tiktok.com/discover/ma-mare-pani-guitar-chords-lyrics
2025-12-31T22:20:11: scraper > [4] Nepali | Hindi | English chords | tabs | lyrics: Ma mare pani Malai ... :: http://nepali-hindi-english-tabs.blogspot.com/2019/03/ma-mare-pani-malai-narayan-gopal-chords.html
2025-12-31T22:20:11: scraper > [5] Ma Mare Pani Chords | TikTok :: https://www.tiktok.com/discover/ma-mare-pani-chords
2025-12-31T22:20:11: scraper > [6] Phool jharepani kanda jhardaina :: http://www.nepalisongchord.com/song/Phool_jharepani_kanda_jhardaina
2025-12-31T22:20:11: scraper > [7] Ma Mara Pani Lyrics and Chords | TikTok :: https://www.tiktok.com/discover/ma-mara-pani-lyrics-and-chords
2025-12-31T22:20:11: scraper > Sorted by (lyrics/chords) score.
2025-12-31T22:20:11: scraper > Chosen URL: https://www.tiktok.com/discover/ma-mare-pani-guitar-chords-lyrics
2025-12-31T22:20:11: scraper > Chosen Title: Ma Mare Pani Guitar Chords Lyrics | TikTok
2025-12-31T22:20:11: 
2025-12-31T22:20:11: ──────── NAVIGATE ────────
2025-12-31T22:20:11: scraper > page.goto done. Final URL: https://www.tiktok.com/discover/ma-mare-pani-guitar-chords-lyrics
2025-12-31T22:20:11: scraper > HTTP status: 200
2025-12-31T22:20:18: 
2025-12-31T22:20:18: ──────── REQUEST ────────
2025-12-31T22:20:18: scraper > songName: ma mare pani swar
2025-12-31T22:20:18: scraper > linkIndex (raw): 0
2025-12-31T22:20:18: 
2025-12-31T22:20:18: ──────── GOOGLE SEARCH ────────
2025-12-31T22:20:18: scraper > Searching Google for: ma mare pani swar
2025-12-31T22:20:18: scraper > Using API Key: AIza****3tvo
2025-12-31T22:20:18: scraper > Final query sent: "ma mare pani swar lyrics and chords"
2025-12-31T22:20:18: scraper > Using GOOGLE_NOBILLING_API_KEY_2: AIza****sgEQ
2025-12-31T22:20:18: scraper > Using SEARCHENGINE_ID_2: 055c81ad25228427a
2025-12-31T22:20:18: scraper > Google returned 8 results
2025-12-31T22:20:18: scraper > [0] MA MARE PANI CHORDS by Swar , Swapnil Sharma, Rohit Shakya ... :: https://tabs.ultimate-guitar.com/tab/swar/ma-mare-pani-chords-5760572
2025-12-31T22:20:18: scraper > [1] Ma Mare Pani Chords - Swar | E-CHORDS :: https://www.e-chords.com/chords/swar/ma-mare-pani
2025-12-31T22:20:18: scraper > [2] MA MARE PANI CHORDS (ver 2) by Swar , Swapnil Sharma, Rohit ... :: https://tabs.ultimate-guitar.com/tab/swar/ma-mare-pani-chords-5757797
2025-12-31T22:20:18: scraper > [3] Ma Mare Pani Guitar Chords Lyrics | TikTok :: https://www.tiktok.com/discover/ma-mare-pani-guitar-chords-lyrics
2025-12-31T22:20:18: scraper > [4] Swar Chords & Tabs for Guitar, Ukulele, Bass, Drums at Ultimate ... :: https://www.ultimate-guitar.com/artist/swar_1618846
2025-12-31T22:20:18: scraper > [5] Ma Mare Pani Swar Chord without Capos | TikTok :: https://www.tiktok.com/discover/ma-mare-pani-swar-chord-without-capos
2025-12-31T22:20:18: scraper > [6] Aparibhasit chords | SWAR - Lyricalchordsansar :: https://lyricalchordsansar.com/aparibhasit-chords-swar/
2025-12-31T22:20:18: scraper > [7] Ma Mare Pani Chords | TikTok :: https://www.tiktok.com/discover/ma-mare-pani-chords
2025-12-31T22:20:18: scraper > Sorted by (lyrics/chords) score.
2025-12-31T22:20:18: scraper > Chosen URL: https://www.tiktok.com/discover/ma-mare-pani-guitar-chords-lyrics
2025-12-31T22:20:18: scraper > Chosen Title: Ma Mare Pani Guitar Chords Lyrics | TikTok
2025-12-31T22:20:18: 
2025-12-31T22:20:18: ──────── NAVIGATE ────────
2025-12-31T22:20:18: scraper > Page title: Ma Mare Pani Guitar Chords Lyrics | TikTok
2025-12-31T22:20:18: scraper > HTML length: 472905
2025-12-31T22:20:18: 
2025-12-31T22:20:18: ──────── READABILITY ────────
2025-12-31T22:20:18: scraper > isProbablyReaderable: false
2025-12-31T22:20:18: scraper > Readability parse OK. content length: 23244
2025-12-31T22:20:18: scraper > Lines from Readability: 32
2025-12-31T22:20:18: 
2025-12-31T22:20:18: ──────── FALLBACK #1 (DENSE BLOCK) ────────
2025-12-31T22:20:18: 
2025-12-31T22:20:18: ──────── FALLBACK #2 (SITE-AWARE) ────────
2025-12-31T22:20:18: 
2025-12-31T22:20:18: ──────── RESULT ────────
2025-12-31T22:20:18: scraper > Used Readability: true Useful: true
2025-12-31T22:20:18: scraper > Final URL: https://www.tiktok.com/discover/ma-mare-pani-guitar-chords-lyrics
2025-12-31T22:20:18: scraper > Total lines: 32
2025-12-31T22:20:18: scraper > Preview: Ma Mare Pani | Swar - Guitar Lesson | Easy Chords  #mamarepani #guitarlesson #swapnilsharma #swar #soltimusic #swarband #mamarepanichords #easychords #soltimusicnepal #merabhawana #guitartutorial #nepali #merobhagyama #timilaikhusidinachahanxumarijaukasam  Ma Mare Pani Guitar Lesson with Easy Chords…
2025-12-31T22:20:18: scraper > Browser context closed.
2025-12-31T22:20:19: scraper > page.goto done. Final URL: https://www.tiktok.com/discover/ma-mare-pani-guitar-chords-lyrics
2025-12-31T22:20:19: scraper > HTTP status: 200
2025-12-31T22:20:24: 
2025-12-31T22:20:24: ──────── REQUEST ────────
2025-12-31T22:20:24: scraper > songName: ma mare pani
2025-12-31T22:20:24: scraper > linkIndex (raw): 1
2025-12-31T22:20:24: 
2025-12-31T22:20:24: ──────── GOOGLE SEARCH ────────
2025-12-31T22:20:24: scraper > Searching Google for: ma mare pani
2025-12-31T22:20:24: scraper > Using API Key: AIza****3tvo
2025-12-31T22:20:24: scraper > Final query sent: "ma mare pani lyrics and chords"
2025-12-31T22:20:24: scraper > Using GOOGLE_NOBILLING_API_KEY_2: AIza****sgEQ
2025-12-31T22:20:24: scraper > Using SEARCHENGINE_ID_2: 055c81ad25228427a
2025-12-31T22:20:24: scraper > Google returned 8 results
2025-12-31T22:20:24: scraper > [0] MA MARE PANI CHORDS by Swar , Swapnil Sharma, Rohit Shakya ... :: https://tabs.ultimate-guitar.com/tab/swar/ma-mare-pani-chords-5760572
2025-12-31T22:20:24: scraper > [1] Ma Mare Pani Chords - Swar | E-CHORDS :: https://www.e-chords.com/chords/swar/ma-mare-pani
2025-12-31T22:20:24: scraper > [2] MA MARE PANI CHORDS (ver 2) by Swar , Swapnil Sharma, Rohit ... :: https://tabs.ultimate-guitar.com/tab/swar/ma-mare-pani-chords-5757797
2025-12-31T22:20:24: scraper > [3] Ma Mare Pani Guitar Chords Lyrics | TikTok :: https://www.tiktok.com/discover/ma-mare-pani-guitar-chords-lyrics
2025-12-31T22:20:24: scraper > [4] Nepali | Hindi | English chords | tabs | lyrics: Ma mare pani Malai ... :: http://nepali-hindi-english-tabs.blogspot.com/2019/03/ma-mare-pani-malai-narayan-gopal-chords.html
2025-12-31T22:20:24: scraper > [5] Ma Mare Pani Chords | TikTok :: https://www.tiktok.com/discover/ma-mare-pani-chords
2025-12-31T22:20:24: scraper > [6] Phool jharepani kanda jhardaina :: http://www.nepalisongchord.com/song/Phool_jharepani_kanda_jhardaina
2025-12-31T22:20:24: scraper > [7] Ma Mara Pani Lyrics and Chords | TikTok :: https://www.tiktok.com/discover/ma-mara-pani-lyrics-and-chords
2025-12-31T22:20:24: scraper > Sorted by (lyrics/chords) score.
2025-12-31T22:20:24: scraper > Chosen URL: http://nepali-hindi-english-tabs.blogspot.com/2019/03/ma-mare-pani-malai-narayan-gopal-chords.html
2025-12-31T22:20:24: scraper > Chosen Title: Nepali | Hindi | English chords | tabs | lyrics: Ma mare pani Malai ...
2025-12-31T22:20:24: 
2025-12-31T22:20:24: ──────── NAVIGATE ────────
2025-12-31T22:20:26: scraper > page.goto done. Final URL: http://nepali-hindi-english-tabs.blogspot.com/2019/03/ma-mare-pani-malai-narayan-gopal-chords.html
2025-12-31T22:20:26: scraper > HTTP status: 200
2025-12-31T22:20:30: scraper > Page title: Ma Mare Pani Guitar Chords Lyrics | TikTok
2025-12-31T22:20:30: scraper > HTML length: 488165
2025-12-31T22:20:30: 
2025-12-31T22:20:30: ──────── READABILITY ────────
2025-12-31T22:20:30: scraper > isProbablyReaderable: false
2025-12-31T22:20:31: scraper > Readability parse OK. content length: 28092
2025-12-31T22:20:31: scraper > Lines from Readability: 32
2025-12-31T22:20:31: 
2025-12-31T22:20:31: ──────── FALLBACK #1 (DENSE BLOCK) ────────
2025-12-31T22:20:31: 
2025-12-31T22:20:31: ──────── FALLBACK #2 (SITE-AWARE) ────────
2025-12-31T22:20:31: 
2025-12-31T22:20:31: ──────── RESULT ────────
2025-12-31T22:20:31: scraper > Used Readability: true Useful: true
2025-12-31T22:20:31: scraper > Final URL: https://www.tiktok.com/discover/ma-mare-pani-guitar-chords-lyrics
2025-12-31T22:20:31: scraper > Total lines: 32
2025-12-31T22:20:31: scraper > Preview: ma mare pani#guitarchord #creatersearchingsight #voiceover #cover #goviral #keepsupporting #fyp  Ma Mare Pani: Nepali Guitar Cover. Enjoy the soothing guitar cover of 'Ma Mare Pani', a heartfelt Nepali song. Immerse yourself in the music! #guitarchord #cover #voiceover. Ma Mare Pani guitar cover, Ne…
2025-12-31T22:20:31: scraper > Browser context closed.
2025-12-31T22:20:34: 
2025-12-31T22:20:34: ──────── REQUEST ────────
2025-12-31T22:20:34: scraper > songName: ma mare pani swar
2025-12-31T22:20:34: scraper > linkIndex (raw): 2
2025-12-31T22:20:34: 
2025-12-31T22:20:34: ──────── GOOGLE SEARCH ────────
2025-12-31T22:20:34: scraper > Searching Google for: ma mare pani swar
2025-12-31T22:20:34: scraper > Using API Key: AIza****3tvo
2025-12-31T22:20:34: scraper > Final query sent: "ma mare pani swar lyrics and chords"
2025-12-31T22:20:34: scraper > Using GOOGLE_NOBILLING_API_KEY_2: AIza****sgEQ
2025-12-31T22:20:34: scraper > Using SEARCHENGINE_ID_2: 055c81ad25228427a
2025-12-31T22:20:34: scraper > Google returned 8 results
2025-12-31T22:20:34: scraper > [0] MA MARE PANI CHORDS by Swar , Swapnil Sharma, Rohit Shakya ... :: https://tabs.ultimate-guitar.com/tab/swar/ma-mare-pani-chords-5760572
2025-12-31T22:20:34: scraper > [1] Ma Mare Pani Chords - Swar | E-CHORDS :: https://www.e-chords.com/chords/swar/ma-mare-pani
2025-12-31T22:20:34: scraper > [2] MA MARE PANI CHORDS (ver 2) by Swar , Swapnil Sharma, Rohit ... :: https://tabs.ultimate-guitar.com/tab/swar/ma-mare-pani-chords-5757797
2025-12-31T22:20:34: scraper > [3] Ma Mare Pani Guitar Chords Lyrics | TikTok :: https://www.tiktok.com/discover/ma-mare-pani-guitar-chords-lyrics
2025-12-31T22:20:34: scraper > [4] Swar Chords & Tabs for Guitar, Ukulele, Bass, Drums at Ultimate ... :: https://www.ultimate-guitar.com/artist/swar_1618846
2025-12-31T22:20:34: scraper > [5] Ma Mare Pani Swar Chord without Capos | TikTok :: https://www.tiktok.com/discover/ma-mare-pani-swar-chord-without-capos
2025-12-31T22:20:34: scraper > [6] Aparibhasit chords | SWAR - Lyricalchordsansar :: https://lyricalchordsansar.com/aparibhasit-chords-swar/
2025-12-31T22:20:34: scraper > [7] Ma Mare Pani Chords | TikTok :: https://www.tiktok.com/discover/ma-mare-pani-chords
2025-12-31T22:20:34: scraper > Sorted by (lyrics/chords) score.
2025-12-31T22:20:34: scraper > Chosen URL: https://www.e-chords.com/chords/swar/ma-mare-pani
2025-12-31T22:20:34: scraper > Chosen Title: Ma Mare Pani Chords - Swar | E-CHORDS
2025-12-31T22:20:34: 
2025-12-31T22:20:34: ──────── NAVIGATE ────────
2025-12-31T22:20:37: scraper > page.goto done. Final URL: https://www.e-chords.com/chords/swar/ma-mare-pani
2025-12-31T22:20:37: scraper > HTTP status: 200
2025-12-31T22:20:38: scraper > networkidle wait skipped/timeout
2025-12-31T22:20:38: scraper > Page title: Nepali | Hindi | English chords | tabs | lyrics: Ma mare pani Malai - Narayan Gopal Chords
2025-12-31T22:20:38: scraper > HTML length: 140734
2025-12-31T22:20:38: 
2025-12-31T22:20:38: ──────── READABILITY ────────
2025-12-31T22:20:38: scraper > isProbablyReaderable: true
2025-12-31T22:20:38: scraper > Readability parse OK. content length: 2806
2025-12-31T22:20:38: scraper > Lines from Readability: 54
2025-12-31T22:20:38: 
2025-12-31T22:20:38: ──────── FALLBACK #1 (DENSE BLOCK) ────────
2025-12-31T22:20:38: 
2025-12-31T22:20:38: ──────── FALLBACK #2 (SITE-AWARE) ────────
2025-12-31T22:20:38: 
2025-12-31T22:20:38: ──────── RESULT ────────
2025-12-31T22:20:38: scraper > Used Readability: true Useful: true
2025-12-31T22:20:38: scraper > Final URL: http://nepali-hindi-english-tabs.blogspot.com/2019/03/ma-mare-pani-malai-narayan-gopal-chords.html
2025-12-31T22:20:38: scraper > Total lines: 54
2025-12-31T22:20:38: scraper > Preview: Chords: C, Bb, F,C7 |  | C.............Bb........C............Bb........F.......C | Ma mare pani Malai mero deshko maya cha | F............................................Bb..................C….C7 | Yo chhati bhari murika muri nepalko maya chha | ...........C....Bb......C | Ma mare pani malai |  | B…
2025-12-31T22:20:38: scraper > Browser context closed.
2025-12-31T22:20:40: scraper > Page title: Ma Mare Pani Chords - Swar | E-CHORDS
2025-12-31T22:20:40: scraper > HTML length: 372247
2025-12-31T22:20:40: 
2025-12-31T22:20:40: ──────── READABILITY ────────
2025-12-31T22:20:40: scraper > isProbablyReaderable: true
2025-12-31T22:20:40: scraper > Readability parse OK. content length: 2577
2025-12-31T22:20:40: scraper > Lines from Readability: 6
2025-12-31T22:20:40: 
2025-12-31T22:20:40: ──────── FALLBACK #1 (DENSE BLOCK) ────────
2025-12-31T22:20:40: 
2025-12-31T22:20:40: ──────── FALLBACK #2 (SITE-AWARE) ────────
2025-12-31T22:20:40: 
2025-12-31T22:20:40: ──────── RESULT ────────
2025-12-31T22:20:40: scraper > Used Readability: true Useful: true
2025-12-31T22:20:40: scraper > Final URL: https://www.e-chords.com/chords/swar/ma-mare-pani
2025-12-31T22:20:40: scraper > Total lines: 6
2025-12-31T22:20:40: scraper > Preview: Intro 
2025-12-31T22:20:40: 
2025-12-31T22:20:40: E      E      E      Asus2 | [Verse 1] | E                              G#m 
2025-12-31T22:20:40: Birsiyau holaa nasamjhiyekai bes 
2025-12-31T22:20:40:          A                               F#m 
2025-12-31T22:20:40: Samjhana ko bojh marera k laanu 
2025-12-31T22:20:40:     B             E                       G#m 
2025-12-31T22:20:40: Haaso rittiye, aashu ko k dosh 
2025-12-31T22:20:40:         A              …
2025-12-31T22:20:40: scraper > Browser context closed.
2025-12-31T22:21:00: 
2025-12-31T22:21:00: ──────── REQUEST ────────
2025-12-31T22:21:00: scraper > songName: ma mare pani swar
2025-12-31T22:21:00: scraper > linkIndex (raw): 0
2025-12-31T22:21:00: 
2025-12-31T22:21:00: ──────── GOOGLE SEARCH ────────
2025-12-31T22:21:00: scraper > Searching Google for: ma mare pani swar
2025-12-31T22:21:00: scraper > Using API Key: AIza****3tvo
2025-12-31T22:21:00: scraper > Final query sent: "ma mare pani swar lyrics and chords"
2025-12-31T22:21:00: scraper > Using GOOGLE_NOBILLING_API_KEY_2: AIza****sgEQ
2025-12-31T22:21:00: scraper > Using SEARCHENGINE_ID_2: 055c81ad25228427a
2025-12-31T22:21:00: scraper > Google returned 8 results
2025-12-31T22:21:00: scraper > [0] MA MARE PANI CHORDS by Swar , Swapnil Sharma, Rohit Shakya ... :: https://tabs.ultimate-guitar.com/tab/swar/ma-mare-pani-chords-5760572
2025-12-31T22:21:00: scraper > [1] Ma Mare Pani Chords - Swar | E-CHORDS :: https://www.e-chords.com/chords/swar/ma-mare-pani
2025-12-31T22:21:00: scraper > [2] MA MARE PANI CHORDS (ver 2) by Swar , Swapnil Sharma, Rohit ... :: https://tabs.ultimate-guitar.com/tab/swar/ma-mare-pani-chords-5757797
2025-12-31T22:21:00: scraper > [3] Ma Mare Pani Guitar Chords Lyrics | TikTok :: https://www.tiktok.com/discover/ma-mare-pani-guitar-chords-lyrics
2025-12-31T22:21:00: scraper > [4] Swar Chords & Tabs for Guitar, Ukulele, Bass, Drums at Ultimate ... :: https://www.ultimate-guitar.com/artist/swar_1618846
2025-12-31T22:21:00: scraper > [5] Ma Mare Pani Swar Chord without Capos | TikTok :: https://www.tiktok.com/discover/ma-mare-pani-swar-chord-without-capos
2025-12-31T22:21:00: scraper > [6] Aparibhasit chords | SWAR - Lyricalchordsansar :: https://lyricalchordsansar.com/aparibhasit-chords-swar/
2025-12-31T22:21:00: scraper > [7] Ma Mare Pani Chords | TikTok :: https://www.tiktok.com/discover/ma-mare-pani-chords
2025-12-31T22:21:00: scraper > Sorted by (lyrics/chords) score.
2025-12-31T22:21:00: scraper > Chosen URL: https://www.tiktok.com/discover/ma-mare-pani-guitar-chords-lyrics
2025-12-31T22:21:00: scraper > Chosen Title: Ma Mare Pani Guitar Chords Lyrics | TikTok
2025-12-31T22:21:00: 
2025-12-31T22:21:00: ──────── NAVIGATE ────────
2025-12-31T22:21:01: scraper > page.goto done. Final URL: https://www.tiktok.com/discover/ma-mare-pani-guitar-chords-lyrics
2025-12-31T22:21:01: scraper > HTTP status: 200
2025-12-31T22:21:08: scraper > Page title: Ma Mare Pani Guitar Chords Lyrics | TikTok
2025-12-31T22:21:08: scraper > HTML length: 485579
2025-12-31T22:21:08: 
2025-12-31T22:21:08: ──────── READABILITY ────────
2025-12-31T22:21:08: scraper > isProbablyReaderable: false
2025-12-31T22:21:09: scraper > Readability parse OK. content length: 23635
2025-12-31T22:21:09: scraper > Lines from Readability: 32
2025-12-31T22:21:09: 
2025-12-31T22:21:09: ──────── FALLBACK #1 (DENSE BLOCK) ────────
2025-12-31T22:21:09: 
2025-12-31T22:21:09: ──────── FALLBACK #2 (SITE-AWARE) ────────
2025-12-31T22:21:09: 
2025-12-31T22:21:09: ──────── RESULT ────────
2025-12-31T22:21:09: scraper > Used Readability: true Useful: true
2025-12-31T22:21:09: scraper > Final URL: https://www.tiktok.com/discover/ma-mare-pani-guitar-chords-lyrics
2025-12-31T22:21:09: scraper > Total lines: 32
2025-12-31T22:21:09: scraper > Preview: Ma Mare Pani | Swar - Guitar Lesson | Easy Chords  #mamarepani #guitarlesson #swapnilsharma #swar #soltimusic #swarband #mamarepanichords #easychords #soltimusicnepal #merabhawana #guitartutorial #nepali #merobhagyama #timilaikhusidinachahanxumarijaukasam  Ma Mare Pani Guitar Lesson with Easy Chords…
2025-12-31T22:21:09: scraper > Browser context closed.
2025-12-31T22:21:14: 
2025-12-31T22:21:14: ──────── REQUEST ────────
2025-12-31T22:21:14: scraper > songName: ma mare pani swar
2025-12-31T22:21:14: scraper > linkIndex (raw): 1
2025-12-31T22:21:14: 
2025-12-31T22:21:14: ──────── GOOGLE SEARCH ────────
2025-12-31T22:21:14: scraper > Searching Google for: ma mare pani swar
2025-12-31T22:21:14: scraper > Using API Key: AIza****3tvo
2025-12-31T22:21:14: scraper > Final query sent: "ma mare pani swar lyrics and chords"
2025-12-31T22:21:14: scraper > Using GOOGLE_NOBILLING_API_KEY_2: AIza****sgEQ
2025-12-31T22:21:14: scraper > Using SEARCHENGINE_ID_2: 055c81ad25228427a
2025-12-31T22:21:14: scraper > Google returned 8 results
2025-12-31T22:21:14: scraper > [0] MA MARE PANI CHORDS by Swar , Swapnil Sharma, Rohit Shakya ... :: https://tabs.ultimate-guitar.com/tab/swar/ma-mare-pani-chords-5760572
2025-12-31T22:21:14: scraper > [1] Ma Mare Pani Chords - Swar | E-CHORDS :: https://www.e-chords.com/chords/swar/ma-mare-pani
2025-12-31T22:21:14: scraper > [2] MA MARE PANI CHORDS (ver 2) by Swar , Swapnil Sharma, Rohit ... :: https://tabs.ultimate-guitar.com/tab/swar/ma-mare-pani-chords-5757797
2025-12-31T22:21:14: scraper > [3] Ma Mare Pani Guitar Chords Lyrics | TikTok :: https://www.tiktok.com/discover/ma-mare-pani-guitar-chords-lyrics
2025-12-31T22:21:14: scraper > [4] Swar Chords & Tabs for Guitar, Ukulele, Bass, Drums at Ultimate ... :: https://www.ultimate-guitar.com/artist/swar_1618846
2025-12-31T22:21:14: scraper > [5] Ma Mare Pani Swar Chord without Capos | TikTok :: https://www.tiktok.com/discover/ma-mare-pani-swar-chord-without-capos
2025-12-31T22:21:14: scraper > [6] Aparibhasit chords | SWAR - Lyricalchordsansar :: https://lyricalchordsansar.com/aparibhasit-chords-swar/
2025-12-31T22:21:14: scraper > [7] Ma Mare Pani Chords | TikTok :: https://www.tiktok.com/discover/ma-mare-pani-chords
2025-12-31T22:21:14: scraper > Sorted by (lyrics/chords) score.
2025-12-31T22:21:14: scraper > Chosen URL: https://tabs.ultimate-guitar.com/tab/swar/ma-mare-pani-chords-5760572
2025-12-31T22:21:14: scraper > Chosen Title: MA MARE PANI CHORDS by Swar , Swapnil Sharma, Rohit Shakya ...
2025-12-31T22:21:14: 
2025-12-31T22:21:14: ──────── NAVIGATE ────────
2025-12-31T22:21:15: scraper > page.goto done. Final URL: https://tabs.ultimate-guitar.com/tab/swar/ma-mare-pani-chords-5760572
2025-12-31T22:21:15: scraper > HTTP status: 200
2025-12-31T22:21:26: scraper > Page title: MA MARE PANI CHORDS by Swar , Swapnil Sharma, Rohit Shakya @ Ultimate-Guitar.Com
2025-12-31T22:21:26: scraper > HTML length: 345982
2025-12-31T22:21:26: 
2025-12-31T22:21:26: ──────── READABILITY ────────
2025-12-31T22:21:27: scraper > isProbablyReaderable: true
2025-12-31T22:21:27: scraper > Readability parse OK. content length: 4117
2025-12-31T22:21:27: scraper > Lines from Readability: 43
2025-12-31T22:21:27: 
2025-12-31T22:21:27: ──────── FALLBACK #1 (DENSE BLOCK) ────────
2025-12-31T22:21:27: 
2025-12-31T22:21:27: ──────── FALLBACK #2 (SITE-AWARE) ────────
2025-12-31T22:21:27: 
2025-12-31T22:21:27: ──────── RESULT ────────
2025-12-31T22:21:27: scraper > Used Readability: true Useful: true
2025-12-31T22:21:27: scraper > Final URL: https://tabs.ultimate-guitar.com/tab/swar/ma-mare-pani-chords-5760572
2025-12-31T22:21:27: scraper > Total lines: 43
2025-12-31T22:21:27: scraper > Preview: Speed: 0.2 |  | Transpose |  | Capo: |  | [Intro]
2025-12-31T22:21:27: E      E      E      Asus2
2025-12-31T22:21:27:  
2025-12-31T22:21:27:  
2025-12-31T22:21:27: [Verse 1]
2025-12-31T22:21:27: E                            G#m
2025-12-31T22:21:27: Birsiyau holaa nasamjhiyekai bes
2025-12-31T22:21:27: Asus2       Bsus4             E
2025-12-31T22:21:27: Samjhana ko bojh marera k laanu
2025-12-31T22:21:27:  E                        G#m
2025-12-31T22:21:27: Haaso rittiye, aashu ko k dosh
2025-12-31T22:21:27:  Asus2            …
2025-12-31T22:21:27: scraper > Browser context closed.
2025-12-31T22:22:38: 
2025-12-31T22:22:38: ──────── REQUEST ────────
2025-12-31T22:22:38: scraper > songName: aparachit
2025-12-31T22:22:38: scraper > linkIndex (raw): 0
2025-12-31T22:22:38: 
2025-12-31T22:22:38: ──────── GOOGLE SEARCH ────────
2025-12-31T22:22:38: scraper > Searching Google for: aparachit
2025-12-31T22:22:38: scraper > Using API Key: AIza****3tvo
2025-12-31T22:22:38: scraper > Final query sent: "aparachit lyrics and chords"
2025-12-31T22:22:38: scraper > Using GOOGLE_NOBILLING_API_KEY_2: AIza****sgEQ
2025-12-31T22:22:38: scraper > Using SEARCHENGINE_ID_2: 055c81ad25228427a
2025-12-31T22:22:39: scraper > Google returned 8 results
2025-12-31T22:22:39: scraper > [0] APARIBHASIT CHORDS (ver 2) by Swar , Swapnil Sharma & Rohit ... :: https://tabs.ultimate-guitar.com/tab/swar/aparibhasit-chords-4275661
2025-12-31T22:22:39: scraper > [1] Aparichit by The Elements | Chordograph :: https://chordograph.com/artists/The-Elements-Nq/aparichit-2O
2025-12-31T22:22:39: scraper > [2] APARICHIT BHAWANA CHORDS by Oasis Thapa @ Ultimate ... :: https://tabs.ultimate-guitar.com/tab/oasis-thapa/aparichit-bhawana-chords-3206528
2025-12-31T22:22:39: scraper > [3] Oasis Thapa Chords & Tabs for Guitar, Ukulele, Bass, Drums at ... :: https://www.ultimate-guitar.com/artist/oasis_thapa_530723
2025-12-31T22:22:39: scraper > [4] Aparichit Bhawana | Oasis Thapa | Lyrics, Chords, MP3 | TunesNepal :: https://www.tunesnepal.com/oasis-thapa-singer/aparichit-bhawana
2025-12-31T22:22:39: scraper > [5] Aparachit Bhaawanaa (Romanized) – Oasis Thapa | Genius Lyrics :: https://genius.com/Genius-romanizations-oasis-thapa-aparachit-bhaawanaa-romanized-lyrics
2025-12-31T22:22:39: scraper > [6] Aparichit Bhaawana Chords, Lyrics and Music Video By Oasis Thapa :: https://tabs.musiccafenepal.com/oasis-thapa/aparichit-bhaawana
2025-12-31T22:22:39: scraper > [7] Aparichit bhawana~Oasis thapa//lyrics Chords - Chordify :: https://chordify.net/chords/aparichit-bhawana-oasis-thapa-lyrics-n-k-l
2025-12-31T22:22:39: scraper > Sorted by (lyrics/chords) score.
2025-12-31T22:22:39: scraper > Chosen URL: https://www.tunesnepal.com/oasis-thapa-singer/aparichit-bhawana
2025-12-31T22:22:39: scraper > Chosen Title: Aparichit Bhawana | Oasis Thapa | Lyrics, Chords, MP3 | TunesNepal
2025-12-31T22:22:39: 
2025-12-31T22:22:39: ──────── NAVIGATE ────────
2025-12-31T22:22:42: scraper > page.goto done. Final URL: https://www.tunesnepal.com/oasis-thapa-singer/aparichit-bhawana
2025-12-31T22:22:42: scraper > HTTP status: 200
2025-12-31T22:22:53: scraper > Timeout hit. Closing context and returning fallback.
2025-12-31T22:22:53: scraper > networkidle wait skipped/timeout
2025-12-31T22:22:53: scraper > Error in scrapeLyrisc: page.title: Target page, context or browser has been closed
2025-12-31T22:22:53: scraper > Browser context closed.
2025-12-31T22:22:53: 
2025-12-31T22:22:53: ──────── REQUEST ────────
2025-12-31T22:22:53: scraper > songName: mari jau
2025-12-31T22:22:53: scraper > linkIndex (raw): 0
2025-12-31T22:22:53: 
2025-12-31T22:22:53: ──────── GOOGLE SEARCH ────────
2025-12-31T22:22:53: scraper > Searching Google for: mari jau
2025-12-31T22:22:53: scraper > Using API Key: AIza****3tvo
2025-12-31T22:22:53: scraper > Final query sent: "mari jau lyrics and chords"
2025-12-31T22:22:53: scraper > Using GOOGLE_NOBILLING_API_KEY_2: AIza****sgEQ
2025-12-31T22:22:53: scraper > Using SEARCHENGINE_ID_2: 055c81ad25228427a
2025-12-31T22:22:54: scraper > Google returned 8 results
2025-12-31T22:22:54: scraper > [0] MARI JAU CHORDS by Bikki Gurung @ Ultimate-Guitar.Com :: https://tabs.ultimate-guitar.com/tab/bikki-gurung/mari-jau-chords-2674932
2025-12-31T22:22:54: scraper > [1] Marijaau Uke tab by Bikki Gurung - Ukulele Tabs :: https://www.ukulele-tabs.com/uke-songs/bikki-gurung/marijaau-uke-tab-77875.html
2025-12-31T22:22:54: scraper > [2] Mari Jau | NEPALI GUITAR TABS :: https://nepaliguitartabs.wordpress.com/2020/09/10/mari-jau-bikki-gurung/
2025-12-31T22:22:54: scraper > [3] Mari Jau Chords, Lyrics and Music Video By Bikki Gurung | Music ... :: https://tabs.musiccafenepal.com/bikki-gurung/mari-jau
2025-12-31T22:22:54: scraper > [4] Bikki Gurung Chords & Tabs for Guitar, Ukulele, Bass, Drums at ... :: https://www.ultimate-guitar.com/artist/bikki_gurung_284790
2025-12-31T22:22:54: scraper > [5] DIBYA SUBBA - NEPALI SONGS LYRICS: NIRDOSH :: http://mohit-nepalilyrics.blogspot.com/2014/09/nirdosh-dibya-subba.html
2025-12-31T22:22:54: scraper > [6] Maili | The Outsiders | Lyrics, Chords, MP3 | TunesNepal :: https://www.tunesnepal.com/remove-from-playlist/1467
2025-12-31T22:22:54: scraper > [7] Mero Jiwanbata Jane Bhaye Jau Chords & Lyrics by Dambar Nepali ... :: https://hamrochords.com/dambar-nepali/mero-jiwanbata-jane-bhaye-jau
2025-12-31T22:22:54: scraper > Sorted by (lyrics/chords) score.
2025-12-31T22:22:54: scraper > Chosen URL: https://tabs.musiccafenepal.com/bikki-gurung/mari-jau
2025-12-31T22:22:54: scraper > Chosen Title: Mari Jau Chords, Lyrics and Music Video By Bikki Gurung | Music ...
2025-12-31T22:22:54: 
2025-12-31T22:22:54: ──────── NAVIGATE ────────
2025-12-31T22:22:58: scraper > page.goto done. Final URL: https://tabs.musiccafenepal.com/bikki-gurung/mari-jau
2025-12-31T22:22:58: scraper > HTTP status: 200
2025-12-31T22:23:08: scraper > Timeout hit. Closing context and returning fallback.
2025-12-31T22:23:08: scraper > networkidle wait skipped/timeout
2025-12-31T22:23:08: scraper > Browser context closed.
2025-12-31T22:23:08: scraper > Error in scrapeLyrisc: page.title: Target page, context or browser has been closed
2025-12-31T22:23:15: 
2025-12-31T22:23:15: ──────── REQUEST ────────
2025-12-31T22:23:15: scraper > songName: mari jau
2025-12-31T22:23:15: scraper > linkIndex (raw): 0
2025-12-31T22:23:15: 
2025-12-31T22:23:15: ──────── GOOGLE SEARCH ────────
2025-12-31T22:23:15: scraper > Searching Google for: mari jau
2025-12-31T22:23:15: scraper > Using API Key: AIza****3tvo
2025-12-31T22:23:15: scraper > Final query sent: "mari jau lyrics and chords"
2025-12-31T22:23:15: scraper > Using GOOGLE_NOBILLING_API_KEY_2: AIza****sgEQ
2025-12-31T22:23:15: scraper > Using SEARCHENGINE_ID_2: 055c81ad25228427a
2025-12-31T22:23:15: scraper > Google returned 8 results
2025-12-31T22:23:15: scraper > [0] MARI JAU CHORDS by Bikki Gurung @ Ultimate-Guitar.Com :: https://tabs.ultimate-guitar.com/tab/bikki-gurung/mari-jau-chords-2674932
2025-12-31T22:23:15: scraper > [1] Marijaau Uke tab by Bikki Gurung - Ukulele Tabs :: https://www.ukulele-tabs.com/uke-songs/bikki-gurung/marijaau-uke-tab-77875.html
2025-12-31T22:23:15: scraper > [2] Mari Jau | NEPALI GUITAR TABS :: https://nepaliguitartabs.wordpress.com/2020/09/10/mari-jau-bikki-gurung/
2025-12-31T22:23:15: scraper > [3] Mari Jau Chords, Lyrics and Music Video By Bikki Gurung | Music ... :: https://tabs.musiccafenepal.com/bikki-gurung/mari-jau
2025-12-31T22:23:15: scraper > [4] Bikki Gurung Chords & Tabs for Guitar, Ukulele, Bass, Drums at ... :: https://www.ultimate-guitar.com/artist/bikki_gurung_284790
2025-12-31T22:23:15: scraper > [5] DIBYA SUBBA - NEPALI SONGS LYRICS: NIRDOSH :: http://mohit-nepalilyrics.blogspot.com/2014/09/nirdosh-dibya-subba.html
2025-12-31T22:23:15: scraper > [6] Maili | The Outsiders | Lyrics, Chords, MP3 | TunesNepal :: https://www.tunesnepal.com/remove-from-playlist/1467
2025-12-31T22:23:15: scraper > [7] Mero Jiwanbata Jane Bhaye Jau Chords & Lyrics by Dambar Nepali ... :: https://hamrochords.com/dambar-nepali/mero-jiwanbata-jane-bhaye-jau
2025-12-31T22:23:15: scraper > Sorted by (lyrics/chords) score.
2025-12-31T22:23:15: scraper > Chosen URL: https://tabs.musiccafenepal.com/bikki-gurung/mari-jau
2025-12-31T22:23:15: scraper > Chosen Title: Mari Jau Chords, Lyrics and Music Video By Bikki Gurung | Music ...
2025-12-31T22:23:15: 
2025-12-31T22:23:15: ──────── NAVIGATE ────────
2025-12-31T22:23:17: scraper > page.goto done. Final URL: https://tabs.musiccafenepal.com/bikki-gurung/mari-jau
2025-12-31T22:23:17: scraper > HTTP status: 200
2025-12-31T22:23:22: scraper > Page title: Mari Jau Chords, Lyrics and Music Video By Bikki Gurung | Music Cafe Nepal
2025-12-31T22:23:22: scraper > HTML length: 52335
2025-12-31T22:23:22: 
2025-12-31T22:23:22: ──────── READABILITY ────────
2025-12-31T22:23:22: scraper > isProbablyReaderable: true
2025-12-31T22:23:22: scraper > Readability parse OK. content length: 2098
2025-12-31T22:23:22: scraper > Lines from Readability: 2
2025-12-31T22:23:22: 
2025-12-31T22:23:22: ──────── FALLBACK #1 (DENSE BLOCK) ────────
2025-12-31T22:23:22: 
2025-12-31T22:23:22: ──────── FALLBACK #2 (SITE-AWARE) ────────
2025-12-31T22:23:22: 
2025-12-31T22:23:22: ──────── RESULT ────────
2025-12-31T22:23:22: scraper > Used Readability: true Useful: true
2025-12-31T22:23:22: scraper > Final URL: https://tabs.musiccafenepal.com/bikki-gurung/mari-jau
2025-12-31T22:23:22: scraper > Total lines: 2
2025-12-31T22:23:22: scraper > Preview: E        C#m
2025-12-31T22:23:22: Kura Sabai thahai chani
2025-12-31T22:23:22: B        A        E
2025-12-31T22:23:22: Timilai K bhanu ma
2025-12-31T22:23:22: E          C#m
2025-12-31T22:23:22: Pagal chu ma timrai lagi
2025-12-31T22:23:22: B           A          E
2025-12-31T22:23:22: Timro k nai cha ra dosha
2025-12-31T22:23:22: E           C#m
2025-12-31T22:23:22: Timi haseko heri rahe
2025-12-31T22:23:22: B           A        E
2025-12-31T22:23:22: Sadhai bhari yesari nai
2025-12-31T22:23:22: E             C#m
2025-12-31T22:23:22: Timro aankha ma aansu dekhe
2025-12-31T22:23:22: B  …
2025-12-31T22:23:22: scraper > Browser context closed.
2025-12-31T22:25:56: 
2025-12-31T22:25:56: ──────── REQUEST ────────
2025-12-31T22:25:56: scraper > songName: mari jau 2
2025-12-31T22:25:56: scraper > linkIndex (raw): 0
2025-12-31T22:25:56: 
2025-12-31T22:25:56: ──────── GOOGLE SEARCH ────────
2025-12-31T22:25:56: scraper > Searching Google for: mari jau 2
2025-12-31T22:25:56: scraper > Using API Key: AIza****3tvo
2025-12-31T22:25:56: scraper > Final query sent: "mari jau 2 lyrics and chords"
2025-12-31T22:25:56: scraper > Using GOOGLE_NOBILLING_API_KEY_2: AIza****sgEQ
2025-12-31T22:25:56: scraper > Using SEARCHENGINE_ID_2: 055c81ad25228427a
2025-12-31T22:25:56: scraper > Google returned 8 results
2025-12-31T22:25:56: scraper > [0] MARI JAU CHORDS by Bikki Gurung @ Ultimate-Guitar.Com :: https://tabs.ultimate-guitar.com/tab/bikki-gurung/mari-jau-chords-2674932
2025-12-31T22:25:56: scraper > [1] Mari Jau 2 Chords, Lyrics and Music Video By Bikki Gurung | Music ... :: https://tabs.musiccafenepal.com/bikki-gurung/mari-jau-2
2025-12-31T22:25:56: scraper > [2] Mari Jau 2 | NEPALI GUITAR TABS :: https://nepaliguitartabs.wordpress.com/2020/09/10/mari-jau-2/
2025-12-31T22:25:56: scraper > [3] Mari Jau 2 Lyrics and Chords | Bikki Gurung :: https://anysongchord.com/mari-jau-2-lyrics-chords/
2025-12-31T22:25:56: scraper > [4] Mari Jau | NEPALI GUITAR TABS :: https://nepaliguitartabs.wordpress.com/2020/09/10/mari-jau-bikki-gurung/
2025-12-31T22:25:56: scraper > [5] DIBYA SUBBA - NEPALI SONGS LYRICS: NIRDOSH :: http://mohit-nepalilyrics.blogspot.com/2014/09/nirdosh-dibya-subba.html
2025-12-31T22:25:56: scraper > [6] Marijaau Uke tab by Bikki Gurung - Ukulele Tabs :: https://www.ukulele-tabs.com/uke-songs/bikki-gurung/marijaau-uke-tab-77875.html
2025-12-31T22:25:56: scraper > [7] Mari Jau 2 | Bikki Gurung | Lyrics, Chords, MP3 | TunesNepal :: https://www.tunesnepal.com/bikki-gurung/mari-jau-2
2025-12-31T22:25:56: scraper > Sorted by (lyrics/chords) score.
2025-12-31T22:25:56: scraper > Chosen URL: https://tabs.musiccafenepal.com/bikki-gurung/mari-jau-2
2025-12-31T22:25:56: scraper > Chosen Title: Mari Jau 2 Chords, Lyrics and Music Video By Bikki Gurung | Music ...
2025-12-31T22:25:56: 
2025-12-31T22:25:56: ──────── NAVIGATE ────────
2025-12-31T22:25:58: scraper > page.goto done. Final URL: https://tabs.musiccafenepal.com/bikki-gurung/mari-jau-2
2025-12-31T22:25:58: scraper > HTTP status: 200
2025-12-31T22:26:03: scraper > Page title: Mari Jau 2 Chords, Lyrics and Music Video By Bikki Gurung | Music Cafe Nepal
2025-12-31T22:26:03: scraper > HTML length: 52456
2025-12-31T22:26:03: 
2025-12-31T22:26:03: ──────── READABILITY ────────
2025-12-31T22:26:03: scraper > isProbablyReaderable: true
2025-12-31T22:26:03: scraper > Readability parse OK. content length: 1962
2025-12-31T22:26:03: scraper > Lines from Readability: 2
2025-12-31T22:26:03: 
2025-12-31T22:26:03: ──────── FALLBACK #1 (DENSE BLOCK) ────────
2025-12-31T22:26:03: 
2025-12-31T22:26:03: ──────── FALLBACK #2 (SITE-AWARE) ────────
2025-12-31T22:26:03: 
2025-12-31T22:26:03: ──────── RESULT ────────
2025-12-31T22:26:03: scraper > Used Readability: true Useful: true
2025-12-31T22:26:03: scraper > Final URL: https://tabs.musiccafenepal.com/bikki-gurung/mari-jau-2
2025-12-31T22:26:03: scraper > Total lines: 2
2025-12-31T22:26:03: scraper > Preview: E 				C#m
2025-12-31T22:26:03: Ekanta ma ayera Kaanama
2025-12-31T22:26:03:  				B
2025-12-31T22:26:03: Mero sadhai Gungunauney
2025-12-31T22:26:03: E 				C#m
2025-12-31T22:26:03: Pokhera maanka bhawana 
2025-12-31T22:26:03:  				B
2025-12-31T22:26:03: Sadhai malai angalney
2025-12-31T22:26:03: 
2025-12-31T22:26:03: E 			C#m
2025-12-31T22:26:03: Timro baani manamani
2025-12-31T22:26:03: 		B
2025-12-31T22:26:03: Sabai yaad Aayi rahancha
2025-12-31T22:26:03: E 			C#m
2025-12-31T22:26:03: Kalkalaudo Meero chati
2025-12-31T22:26:03: B
2025-12-31T22:26:03: Saasa Aadi rahancha
2025-12-31T22:26:03: 
2025-12-31T22:26:03: E 			C#m
2025-12-31T22:26:03: Susta Susta Aago
2025-12-31T22:26:03: B 		A 				E
2025-12-31T22:26:03: Baldai cha Chati Bh…
2025-12-31T22:26:03: scraper > Browser context closed.
2025-12-31T22:30:24: 
2025-12-31T22:30:24: ──────── REQUEST ────────
2025-12-31T22:30:24: scraper > songName: mari jau 2
2025-12-31T22:30:24: scraper > linkIndex (raw): 0
2025-12-31T22:30:24: 
2025-12-31T22:30:24: ──────── GOOGLE SEARCH ────────
2025-12-31T22:30:24: scraper > Searching Google for: mari jau 2
2025-12-31T22:30:24: scraper > Using API Key: AIza****3tvo
2025-12-31T22:30:24: scraper > Final query sent: "mari jau 2 lyrics and chords"
2025-12-31T22:30:24: scraper > Using GOOGLE_NOBILLING_API_KEY_2: AIza****sgEQ
2025-12-31T22:30:24: scraper > Using SEARCHENGINE_ID_2: 055c81ad25228427a
2025-12-31T22:30:24: scraper > Google returned 8 results
2025-12-31T22:30:24: scraper > [0] MARI JAU CHORDS by Bikki Gurung @ Ultimate-Guitar.Com :: https://tabs.ultimate-guitar.com/tab/bikki-gurung/mari-jau-chords-2674932
2025-12-31T22:30:24: scraper > [1] Mari Jau 2 Chords, Lyrics and Music Video By Bikki Gurung | Music ... :: https://tabs.musiccafenepal.com/bikki-gurung/mari-jau-2
2025-12-31T22:30:24: scraper > [2] Mari Jau 2 | NEPALI GUITAR TABS :: https://nepaliguitartabs.wordpress.com/2020/09/10/mari-jau-2/
2025-12-31T22:30:24: scraper > [3] Mari Jau 2 Lyrics and Chords | Bikki Gurung :: https://anysongchord.com/mari-jau-2-lyrics-chords/
2025-12-31T22:30:24: scraper > [4] Mari Jau | NEPALI GUITAR TABS :: https://nepaliguitartabs.wordpress.com/2020/09/10/mari-jau-bikki-gurung/
2025-12-31T22:30:24: scraper > [5] DIBYA SUBBA - NEPALI SONGS LYRICS: NIRDOSH :: http://mohit-nepalilyrics.blogspot.com/2014/09/nirdosh-dibya-subba.html
2025-12-31T22:30:24: scraper > [6] Marijaau Uke tab by Bikki Gurung - Ukulele Tabs :: https://www.ukulele-tabs.com/uke-songs/bikki-gurung/marijaau-uke-tab-77875.html
2025-12-31T22:30:24: scraper > [7] Mari Jau 2 | Bikki Gurung | Lyrics, Chords, MP3 | TunesNepal :: https://www.tunesnepal.com/bikki-gurung/mari-jau-2
2025-12-31T22:30:24: scraper > Sorted by (lyrics/chords) score.
2025-12-31T22:30:24: scraper > Chosen URL: https://tabs.musiccafenepal.com/bikki-gurung/mari-jau-2
2025-12-31T22:30:24: scraper > Chosen Title: Mari Jau 2 Chords, Lyrics and Music Video By Bikki Gurung | Music ...
2025-12-31T22:30:24: 
2025-12-31T22:30:24: ──────── NAVIGATE ────────
2025-12-31T22:30:26: scraper > page.goto done. Final URL: https://tabs.musiccafenepal.com/bikki-gurung/mari-jau-2
2025-12-31T22:30:26: scraper > HTTP status: 200
2025-12-31T22:30:32: scraper > Page title: Mari Jau 2 Chords, Lyrics and Music Video By Bikki Gurung | Music Cafe Nepal
2025-12-31T22:30:32: scraper > HTML length: 52422
2025-12-31T22:30:32: 
2025-12-31T22:30:32: ──────── READABILITY ────────
2025-12-31T22:30:32: scraper > isProbablyReaderable: true
2025-12-31T22:30:32: scraper > Readability parse OK. content length: 1962
2025-12-31T22:30:32: scraper > Lines from Readability: 2
2025-12-31T22:30:32: 
2025-12-31T22:30:32: ──────── FALLBACK #1 (DENSE BLOCK) ────────
2025-12-31T22:30:32: 
2025-12-31T22:30:32: ──────── FALLBACK #2 (SITE-AWARE) ────────
2025-12-31T22:30:32: 
2025-12-31T22:30:32: ──────── RESULT ────────
2025-12-31T22:30:32: scraper > Used Readability: true Useful: true
2025-12-31T22:30:32: scraper > Final URL: https://tabs.musiccafenepal.com/bikki-gurung/mari-jau-2
2025-12-31T22:30:32: scraper > Total lines: 2
2025-12-31T22:30:32: scraper > Preview: E 				C#m
2025-12-31T22:30:32: Ekanta ma ayera Kaanama
2025-12-31T22:30:32:  				B
2025-12-31T22:30:32: Mero sadhai Gungunauney
2025-12-31T22:30:32: E 				C#m
2025-12-31T22:30:32: Pokhera maanka bhawana 
2025-12-31T22:30:32:  				B
2025-12-31T22:30:32: Sadhai malai angalney
2025-12-31T22:30:32: 
2025-12-31T22:30:32: E 			C#m
2025-12-31T22:30:32: Timro baani manamani
2025-12-31T22:30:32: 		B
2025-12-31T22:30:32: Sabai yaad Aayi rahancha
2025-12-31T22:30:32: E 			C#m
2025-12-31T22:30:32: Kalkalaudo Meero chati
2025-12-31T22:30:32: B
2025-12-31T22:30:32: Saasa Aadi rahancha
2025-12-31T22:30:32: 
2025-12-31T22:30:32: E 			C#m
2025-12-31T22:30:32: Susta Susta Aago
2025-12-31T22:30:32: B 		A 				E
2025-12-31T22:30:32: Baldai cha Chati Bh…
2025-12-31T22:30:32: scraper > Browser context closed.
2025-12-31T22:31:37: [dl] new request id mjulc4h7-89a9039s url https://youtu.be/KNhO9qfZ2o0?si=jT-8eXSx28B5EoZP
2025-12-31T22:31:37: [setP] mjulc4h7-89a9039s 0.05
2025-12-31T22:31:41: [dl] Extracted metadata from yt-dlp: {
2025-12-31T22:31:41:   title: 'Parkhidina | CHUMBAK (Official Music Video)',
2025-12-31T22:31:41:   author: 'KLM RECORDS'
2025-12-31T22:31:41: }
2025-12-31T22:31:41: [setP] mjulc4h7-89a9039s 0.15
2025-12-31T22:31:41: [dl] Starting yt-dlp audio download...
2025-12-31T22:31:41: [yt-dlp] Running command: yt-dlp --proxy http://10.8.0.2:3128 --user-agent Mozilla/5.0 (Windows NT 10.0; Win64; x64) AppleWebKit/537.36 (KHTML, like Gecko) Chrome/120.0.0.0 Safari/537.36 -f bestaudio/best -x --audio-format mp3 --audio-quality 0 --no-playlist --no-warnings --no-progress -o /tmp/audio_1767220301242_gz31kd.mp3 https://youtu.be/KNhO9qfZ2o0?si=jT-8eXSx28B5EoZP
2025-12-31T22:31:57: [yt-dlp] Successfully downloaded audio file, size: 5626125 bytes
2025-12-31T22:31:57: [yt-dlp] Valid ID3 header detected
2025-12-31T22:31:57: [setP] mjulc4h7-89a9039s 1
2025-12-31T22:31:57: [dl] Download complete, buffer size: 7501500
2025-12-31T22:32:21: 
2025-12-31T22:32:21: ──────── REQUEST ────────
2025-12-31T22:32:21: scraper > songName: Parkhidina | CHUMBAK (Official Music Video)
2025-12-31T22:32:21: scraper > linkIndex (raw): 0
2025-12-31T22:32:21: 
2025-12-31T22:32:21: ──────── GOOGLE SEARCH ────────
2025-12-31T22:32:21: scraper > Searching Google for: parkhidina | chumbak (official music video)
2025-12-31T22:32:21: scraper > Using API Key: AIza****3tvo
2025-12-31T22:32:21: scraper > Final query sent: "parkhidina | chumbak (official music video) lyrics and chords"
2025-12-31T22:32:21: scraper > Using GOOGLE_NOBILLING_API_KEY_2: AIza****sgEQ
2025-12-31T22:32:21: scraper > Using SEARCHENGINE_ID_2: 055c81ad25228427a
2025-12-31T22:32:21: scraper > Google returned 8 results
2025-12-31T22:32:21: scraper > [0] Parkhidina Chumbak Guitar Tab | TikTok :: https://www.tiktok.com/discover/parkhidina-chumbak-guitar-tab
2025-12-31T22:32:21: scraper > [1] Parkhidina chords by Chumbak - Mye Guitar :: https://www.mye-guitar.com/song/parkhidina
2025-12-31T22:32:21: scraper > [2] Chumbak Band – Nepali Rock Music | Official Website :: https://artist.chordpedia.com/chumbak
2025-12-31T22:32:21: scraper > [3] Ahile Bhana - Chumbak: Song Lyrics, Music Videos & Concerts :: https://www.shazam.com/song/1706360827/ahile-bhana
2025-12-31T22:32:21: scraper > [4] Sabai Sakyo | Chumbak | Lyrics, Chords, MP3 | TunesNepal :: https://www.tunesnepal.com/chumbak-singer/sabai-sakyo
2025-12-31T22:32:21: scraper > [5] PARKHI RAHECHU CHORDS by John Chamling Rai @ Ultimate ... :: https://tabs.ultimate-guitar.com/tab/john-chamling-rai/parkhi-rahechu-chords-5384796
2025-12-31T22:32:21: scraper > [6] Huri Batas Lyrics and Chords | Chumbak :: https://anysongchord.com/huri-batas-lyrics-and-chords/
2025-12-31T22:32:21: scraper > [7] MA MARE PANI CHORDS (ver 2) by Swar , Swapnil Sharma, Rohit ... :: https://tabs.ultimate-guitar.com/tab/swar/ma-mare-pani-chords-5757797
2025-12-31T22:32:21: scraper > Sorted by (lyrics/chords) score.
2025-12-31T22:32:21: scraper > Chosen URL: https://www.tunesnepal.com/chumbak-singer/sabai-sakyo
2025-12-31T22:32:21: scraper > Chosen Title: Sabai Sakyo | Chumbak | Lyrics, Chords, MP3 | TunesNepal
2025-12-31T22:32:21: 
2025-12-31T22:32:21: ──────── NAVIGATE ────────
2025-12-31T22:32:24: scraper > page.goto done. Final URL: https://www.tunesnepal.com/chumbak-singer/sabai-sakyo
2025-12-31T22:32:24: scraper > HTTP status: 200
2025-12-31T22:32:30: scraper > Page title: Sabai Sakyo | Chumbak | Lyrics, Chords, MP3 | TunesNepal
2025-12-31T22:32:30: scraper > HTML length: 64279
2025-12-31T22:32:30: 
2025-12-31T22:32:30: ──────── READABILITY ────────
2025-12-31T22:32:30: scraper > isProbablyReaderable: true
2025-12-31T22:32:30: scraper > Readability parse OK. content length: 1580
2025-12-31T22:32:30: scraper > Lines from Readability: 51
2025-12-31T22:32:30: 
2025-12-31T22:32:30: ──────── FALLBACK #1 (DENSE BLOCK) ────────
2025-12-31T22:32:30: 
2025-12-31T22:32:30: ──────── FALLBACK #2 (SITE-AWARE) ────────
2025-12-31T22:32:30: 
2025-12-31T22:32:30: ──────── RESULT ────────
2025-12-31T22:32:30: scraper > Used Readability: true Useful: true
2025-12-31T22:32:30: scraper > Final URL: https://www.tunesnepal.com/chumbak-singer/sabai-sakyo
2025-12-31T22:32:30: scraper > Total lines: 51
2025-12-31T22:32:30: scraper > Preview: sabai Sakyo aja bata | yeti nai bho hamro katha | lekhna maan thiyo | sadhai timro barey ma | bato tungyo aja bata | hidna maan thyo ali para samma | timi lai pachyauda | maan ta tessai thakecha | maan thiyo jitna ajhai Sakina | timro aghi mero boli k bikcha | maan thiyo jitna tara Sakina | sabai th…
2025-12-31T22:32:30: scraper > Browser context closed.
2025-12-31T22:33:00: 
2025-12-31T22:33:00: ──────── REQUEST ────────
2025-12-31T22:33:00: scraper > songName: Parkhidina | CHUMBAK (Official Music Video)
2025-12-31T22:33:00: scraper > linkIndex (raw): 1
2025-12-31T22:33:00: 
2025-12-31T22:33:00: ──────── GOOGLE SEARCH ────────
2025-12-31T22:33:00: scraper > Searching Google for: parkhidina | chumbak (official music video)
2025-12-31T22:33:00: scraper > Using API Key: AIza****3tvo
2025-12-31T22:33:00: scraper > Final query sent: "parkhidina | chumbak (official music video) lyrics and chords"
2025-12-31T22:33:00: scraper > Using GOOGLE_NOBILLING_API_KEY_2: AIza****sgEQ
2025-12-31T22:33:00: scraper > Using SEARCHENGINE_ID_2: 055c81ad25228427a
2025-12-31T22:33:00: scraper > Google returned 8 results
2025-12-31T22:33:00: scraper > [0] Parkhidina Chumbak Guitar Tab | TikTok :: https://www.tiktok.com/discover/parkhidina-chumbak-guitar-tab
2025-12-31T22:33:00: scraper > [1] Parkhidina chords by Chumbak - Mye Guitar :: https://www.mye-guitar.com/song/parkhidina
2025-12-31T22:33:00: scraper > [2] Chumbak Band – Nepali Rock Music | Official Website :: https://artist.chordpedia.com/chumbak
2025-12-31T22:33:00: scraper > [3] Ahile Bhana - Chumbak: Song Lyrics, Music Videos & Concerts :: https://www.shazam.com/song/1706360827/ahile-bhana
2025-12-31T22:33:00: scraper > [4] Sabai Sakyo | Chumbak | Lyrics, Chords, MP3 | TunesNepal :: https://www.tunesnepal.com/chumbak-singer/sabai-sakyo
2025-12-31T22:33:00: scraper > [5] PARKHI RAHECHU CHORDS by John Chamling Rai @ Ultimate ... :: https://tabs.ultimate-guitar.com/tab/john-chamling-rai/parkhi-rahechu-chords-5384796
2025-12-31T22:33:00: scraper > [6] Huri Batas Lyrics and Chords | Chumbak :: https://anysongchord.com/huri-batas-lyrics-and-chords/
2025-12-31T22:33:00: scraper > [7] MA MARE PANI CHORDS (ver 2) by Swar , Swapnil Sharma, Rohit ... :: https://tabs.ultimate-guitar.com/tab/swar/ma-mare-pani-chords-5757797
2025-12-31T22:33:00: scraper > Sorted by (lyrics/chords) score.
2025-12-31T22:33:00: scraper > Chosen URL: https://anysongchord.com/huri-batas-lyrics-and-chords/
2025-12-31T22:33:00: scraper > Chosen Title: Huri Batas Lyrics and Chords | Chumbak
2025-12-31T22:33:00: 
2025-12-31T22:33:00: ──────── NAVIGATE ────────
2025-12-31T22:33:03: scraper > page.goto done. Final URL: https://anysongchord.com/huri-batas-lyrics-and-chords/
2025-12-31T22:33:03: scraper > HTTP status: 200
2025-12-31T22:33:05: scraper > Page title: Huri Batas Lyrics and Chords | Chumbak 🧲
2025-12-31T22:33:05: scraper > HTML length: 167887
2025-12-31T22:33:05: 
2025-12-31T22:33:05: ──────── READABILITY ────────
2025-12-31T22:33:05: scraper > isProbablyReaderable: true
2025-12-31T22:33:05: scraper > Readability parse OK. content length: 4621
2025-12-31T22:33:05: scraper > Lines from Readability: 104
2025-12-31T22:33:05: 
2025-12-31T22:33:05: ──────── FALLBACK #1 (DENSE BLOCK) ────────
2025-12-31T22:33:05: 
2025-12-31T22:33:05: ──────── FALLBACK #2 (SITE-AWARE) ────────
2025-12-31T22:33:05: 
2025-12-31T22:33:05: ──────── RESULT ────────
2025-12-31T22:33:05: scraper > Used Readability: true Useful: true
2025-12-31T22:33:05: scraper > Final URL: https://anysongchord.com/huri-batas-lyrics-and-chords/
2025-12-31T22:33:05: scraper > Total lines: 104
2025-12-31T22:33:05: scraper > Preview: Huri Batas Lyrics and Chords |  | Before you start playing, make sure your instrument is perfectly tuned. | Use our built-in Tuner for the best sound. |  | Transpose to: |  | ChordFret PatternF133211Dmxx0231Cx32010A#x13331 |  | Performed by Chumbak |  | Chorus |  | ….F      Dm | Timi …. | C         …
2025-12-31T22:33:05: scraper > Browser context closed.
2025-12-31T22:33:39: 
2025-12-31T22:33:39: ──────── REQUEST ────────
2025-12-31T22:33:39: scraper > songName: Parkhidina chumbak
2025-12-31T22:33:39: scraper > linkIndex (raw): 1
2025-12-31T22:33:39: 
2025-12-31T22:33:39: ──────── GOOGLE SEARCH ────────
2025-12-31T22:33:39: scraper > Searching Google for: parkhidina chumbak
2025-12-31T22:33:39: scraper > Using API Key: AIza****3tvo
2025-12-31T22:33:39: scraper > Final query sent: "parkhidina chumbak lyrics and chords"
2025-12-31T22:33:39: scraper > Using GOOGLE_NOBILLING_API_KEY_2: AIza****sgEQ
2025-12-31T22:33:39: scraper > Using SEARCHENGINE_ID_2: 055c81ad25228427a
2025-12-31T22:33:39: scraper > Google returned 7 results
2025-12-31T22:33:39: scraper > [0] Parkhidina chords by Chumbak - Mye Guitar :: https://www.mye-guitar.com/song/parkhidina
2025-12-31T22:33:39: scraper > [1] Parkhidina Chumbak Guitar Tab | TikTok :: https://www.tiktok.com/discover/parkhidina-chumbak-guitar-tab
2025-12-31T22:33:39: scraper > [2] Parkhidina CHUMBAK Tab by Unknown artist | Songsterr Tabs with ... :: https://www.songsterr.com/a/wsa/unknown-artist-parkhidina-chumbak-tab-s2366197
2025-12-31T22:33:39: scraper > [3] Chumbak Band – Nepali Rock Music | Official Website :: https://artist.chordpedia.com/chumbak
2025-12-31T22:33:39: scraper > [4] Chumbak | AnySongChord :: https://anysongchord.com/category/nepali/chumbak/
2025-12-31T22:33:39: scraper > [5] Ahile Bhana - Chumbak: Song Lyrics, Music Videos & Concerts :: https://www.shazam.com/song/1706360827/ahile-bhana
2025-12-31T22:33:39: scraper > [6] Himala ko Choro | Swapnil Sharma Lyrics, Meaning & Videos :: https://sonichits.com/video/Swapnil_Sharma/Himala_ko_Choro
2025-12-31T22:33:39: scraper > Sorted by (lyrics/chords) score.
2025-12-31T22:33:39: scraper > Chosen URL: https://sonichits.com/video/Swapnil_Sharma/Himala_ko_Choro
2025-12-31T22:33:39: scraper > Chosen Title: Himala ko Choro | Swapnil Sharma Lyrics, Meaning & Videos
2025-12-31T22:33:39: 
2025-12-31T22:33:39: ──────── NAVIGATE ────────
2025-12-31T22:33:41: scraper > page.goto done. Final URL: https://sonichits.com/video/Swapnil_Sharma/Himala_ko_Choro
2025-12-31T22:33:41: scraper > HTTP status: 200
2025-12-31T22:33:53: scraper > networkidle wait skipped/timeout
2025-12-31T22:33:53: scraper > Page title: Himala ko Choro | Swapnil Sharma Lyrics, Meaning & Videos
2025-12-31T22:33:53: scraper > HTML length: 369501
2025-12-31T22:33:53: 
2025-12-31T22:33:53: ──────── READABILITY ────────
2025-12-31T22:33:53: scraper > isProbablyReaderable: true
2025-12-31T22:33:55: scraper > Readability parse OK. content length: 3828
2025-12-31T22:33:55: scraper > Lines from Readability: 76
2025-12-31T22:33:55: 
2025-12-31T22:33:55: ──────── FALLBACK #1 (DENSE BLOCK) ────────
2025-12-31T22:33:55: 
2025-12-31T22:33:55: ──────── FALLBACK #2 (SITE-AWARE) ────────
2025-12-31T22:33:55: 
2025-12-31T22:33:55: ──────── RESULT ────────
2025-12-31T22:33:55: scraper > Used Readability: true Useful: true
2025-12-31T22:33:55: scraper > Final URL: https://sonichits.com/video/Swapnil_Sharma/Himala_ko_Choro
2025-12-31T22:33:55: scraper > Total lines: 76
2025-12-31T22:33:55: scraper > Preview: SonicHits |  | INSTALL APP |  | Himala ko Choro |  | Share: |  | just now |  | © SonicHits |  | Sign up |  | Connect with Facebook |  | Log out |  | - or - |  | Login |  | Log in with Facebook |  | Log out |  | - or - |  | Reset your password |  | Set new password |  | Change Password |  | Change Em…
2025-12-31T22:33:55: scraper > Browser context closed.
2025-12-31T22:34:00: 
2025-12-31T22:34:00: ──────── REQUEST ────────
2025-12-31T22:34:00: scraper > songName: Parkhidina chumbak
2025-12-31T22:34:00: scraper > linkIndex (raw): 2
2025-12-31T22:34:00: 
2025-12-31T22:34:00: ──────── GOOGLE SEARCH ────────
2025-12-31T22:34:00: scraper > Searching Google for: parkhidina chumbak
2025-12-31T22:34:00: scraper > Using API Key: AIza****3tvo
2025-12-31T22:34:00: scraper > Final query sent: "parkhidina chumbak lyrics and chords"
2025-12-31T22:34:00: scraper > Using GOOGLE_NOBILLING_API_KEY_2: AIza****sgEQ
2025-12-31T22:34:00: scraper > Using SEARCHENGINE_ID_2: 055c81ad25228427a
2025-12-31T22:34:00: scraper > Google returned 7 results
2025-12-31T22:34:00: scraper > [0] Parkhidina chords by Chumbak - Mye Guitar :: https://www.mye-guitar.com/song/parkhidina
2025-12-31T22:34:00: scraper > [1] Parkhidina Chumbak Guitar Tab | TikTok :: https://www.tiktok.com/discover/parkhidina-chumbak-guitar-tab
2025-12-31T22:34:00: scraper > [2] Parkhidina CHUMBAK Tab by Unknown artist | Songsterr Tabs with ... :: https://www.songsterr.com/a/wsa/unknown-artist-parkhidina-chumbak-tab-s2366197
2025-12-31T22:34:00: scraper > [3] Chumbak Band – Nepali Rock Music | Official Website :: https://artist.chordpedia.com/chumbak
2025-12-31T22:34:00: scraper > [4] Chumbak | AnySongChord :: https://anysongchord.com/category/nepali/chumbak/
2025-12-31T22:34:00: scraper > [5] Ahile Bhana - Chumbak: Song Lyrics, Music Videos & Concerts :: https://www.shazam.com/song/1706360827/ahile-bhana
2025-12-31T22:34:00: scraper > [6] Himala ko Choro | Swapnil Sharma Lyrics, Meaning & Videos :: https://sonichits.com/video/Swapnil_Sharma/Himala_ko_Choro
2025-12-31T22:34:00: scraper > Sorted by (lyrics/chords) score.
2025-12-31T22:34:00: scraper > Chosen URL: https://www.mye-guitar.com/song/parkhidina
2025-12-31T22:34:00: scraper > Chosen Title: Parkhidina chords by Chumbak - Mye Guitar
2025-12-31T22:34:00: 
2025-12-31T22:34:00: ──────── NAVIGATE ────────
2025-12-31T22:34:02: scraper > page.goto done. Final URL: https://www.mye-guitar.com/song/parkhidina
2025-12-31T22:34:02: scraper > HTTP status: 200
2025-12-31T22:34:06: scraper > Page title: Parkhidina chords by Chumbak - Mye Guitar
2025-12-31T22:34:06: scraper > HTML length: 110620
2025-12-31T22:34:06: 
2025-12-31T22:34:06: ──────── READABILITY ────────
2025-12-31T22:34:06: scraper > isProbablyReaderable: false
2025-12-31T22:34:07: scraper > Readability parse OK. content length: 399
2025-12-31T22:34:07: scraper > Lines from Readability: 2
2025-12-31T22:34:07: 
2025-12-31T22:34:07: ──────── FALLBACK #1 (DENSE BLOCK) ────────
2025-12-31T22:34:07: 
2025-12-31T22:34:07: ──────── FALLBACK #2 (SITE-AWARE) ────────
2025-12-31T22:34:07: 
2025-12-31T22:34:07: ──────── RESULT ────────
2025-12-31T22:34:07: scraper > Used Readability: true Useful: true
2025-12-31T22:34:07: scraper > Final URL: https://www.mye-guitar.com/song/parkhidina
2025-12-31T22:34:07: scraper > Total lines: 2
2025-12-31T22:34:07: scraper > Preview: Mye Guitar is your curated collection of favorite Nepali, English and Hindi guitar chords and song lyrics, allowing you to play along without any distractions. | 
2025-12-31T22:34:07: scraper > Browser context closed.
2025-12-31T22:34:09: 
2025-12-31T22:34:09: ──────── REQUEST ────────
2025-12-31T22:34:09: scraper > songName: Parkhidina chumbak
2025-12-31T22:34:09: scraper > linkIndex (raw): 3
2025-12-31T22:34:09: 
2025-12-31T22:34:09: ──────── GOOGLE SEARCH ────────
2025-12-31T22:34:09: scraper > Searching Google for: parkhidina chumbak
2025-12-31T22:34:09: scraper > Using API Key: AIza****3tvo
2025-12-31T22:34:09: scraper > Final query sent: "parkhidina chumbak lyrics and chords"
2025-12-31T22:34:09: scraper > Using GOOGLE_NOBILLING_API_KEY_2: AIza****sgEQ
2025-12-31T22:34:09: scraper > Using SEARCHENGINE_ID_2: 055c81ad25228427a
2025-12-31T22:34:09: scraper > Google returned 7 results
2025-12-31T22:34:09: scraper > [0] Parkhidina chords by Chumbak - Mye Guitar :: https://www.mye-guitar.com/song/parkhidina
2025-12-31T22:34:09: scraper > [1] Parkhidina Chumbak Guitar Tab | TikTok :: https://www.tiktok.com/discover/parkhidina-chumbak-guitar-tab
2025-12-31T22:34:09: scraper > [2] Parkhidina CHUMBAK Tab by Unknown artist | Songsterr Tabs with ... :: https://www.songsterr.com/a/wsa/unknown-artist-parkhidina-chumbak-tab-s2366197
2025-12-31T22:34:09: scraper > [3] Chumbak Band – Nepali Rock Music | Official Website :: https://artist.chordpedia.com/chumbak
2025-12-31T22:34:09: scraper > [4] Chumbak | AnySongChord :: https://anysongchord.com/category/nepali/chumbak/
2025-12-31T22:34:09: scraper > [5] Ahile Bhana - Chumbak: Song Lyrics, Music Videos & Concerts :: https://www.shazam.com/song/1706360827/ahile-bhana
2025-12-31T22:34:09: scraper > [6] Himala ko Choro | Swapnil Sharma Lyrics, Meaning & Videos :: https://sonichits.com/video/Swapnil_Sharma/Himala_ko_Choro
2025-12-31T22:34:09: scraper > Sorted by (lyrics/chords) score.
2025-12-31T22:34:09: scraper > Chosen URL: https://anysongchord.com/category/nepali/chumbak/
2025-12-31T22:34:09: scraper > Chosen Title: Chumbak | AnySongChord
2025-12-31T22:34:09: 
2025-12-31T22:34:09: ──────── NAVIGATE ────────
2025-12-31T22:34:11: scraper > page.goto done. Final URL: https://anysongchord.com/category/nepali/chumbak/
2025-12-31T22:34:11: scraper > HTTP status: 200
2025-12-31T22:34:12: scraper > Page title: Chumbak | AnySongChord
2025-12-31T22:34:12: scraper > HTML length: 205482
2025-12-31T22:34:12: 
2025-12-31T22:34:12: ──────── READABILITY ────────
2025-12-31T22:34:13: scraper > isProbablyReaderable: true
2025-12-31T22:34:13: scraper > Readability parse OK. content length: 2210
2025-12-31T22:34:13: scraper > Lines from Readability: 14
2025-12-31T22:34:13: 
2025-12-31T22:34:13: ──────── FALLBACK #1 (DENSE BLOCK) ────────
2025-12-31T22:34:13: 
2025-12-31T22:34:13: ──────── FALLBACK #2 (SITE-AWARE) ────────
2025-12-31T22:34:13: 
2025-12-31T22:34:13: ──────── RESULT ────────
2025-12-31T22:34:13: scraper > Used Readability: true Useful: true
2025-12-31T22:34:13: scraper > Final URL: https://anysongchord.com/category/nepali/chumbak/
2025-12-31T22:34:13: scraper > Total lines: 14
2025-12-31T22:34:13: scraper > Preview: Play Ahile Bhana by Chumbak with chords and lyrics. Use our chord transposer to play in your preferred key and the auto-scroll feature to follow the song hands-free while playing your instrument. |  | Play Parkhidina by Chumbak with chords and lyrics. Use our chord transposer to play in your preferr…
2025-12-31T22:34:13: scraper > Browser context closed.
2026-01-01T21:53:42: Scheduled browser restart
2026-01-01T21:53:42: Browser closed successfully
2026-01-01T21:53:42: Browser started successfully
2026-01-02T21:53:42: Scheduled browser restart
2026-01-02T21:53:42: Browser closed successfully
2026-01-02T21:53:42: Browser started successfully
2026-01-03T21:53:42: Scheduled browser restart
2026-01-03T21:53:42: Browser closed successfully
2026-01-03T21:53:42: Browser started successfully
2026-01-04T21:53:42: Scheduled browser restart
2026-01-04T21:53:42: Browser closed successfully
2026-01-04T21:53:42: Browser started successfully
2026-01-05T21:53:42: Scheduled browser restart
2026-01-05T21:53:42: Browser closed successfully
2026-01-05T21:53:42: Browser started successfully
2026-01-06T21:53:42: Scheduled browser restart
2026-01-06T21:53:42: Browser closed successfully
2026-01-06T21:53:42: Browser started successfully
2026-01-07T21:53:42: Scheduled browser restart
2026-01-07T21:53:42: Browser closed successfully
2026-01-07T21:53:42: Browser started successfully
2026-01-08T01:46:56: 
2026-01-08T01:46:56: ──────── REQUEST ────────
2026-01-08T01:46:56: scraper > songName: maya garnu la
2026-01-08T01:46:56: scraper > linkIndex (raw): 0
2026-01-08T01:46:56: 
2026-01-08T01:46:56: ──────── GOOGLE SEARCH ────────
2026-01-08T01:46:56: scraper > Searching Google for: maya garnu la
2026-01-08T01:46:56: scraper > Using API Key: AIza****3tvo
2026-01-08T01:46:56: scraper > Final query sent: "maya garnu la lyrics and chords"
2026-01-08T01:46:56: scraper > Using GOOGLE_NOBILLING_API_KEY_2: AIza****sgEQ
2026-01-08T01:46:56: scraper > Using SEARCHENGINE_ID_2: 055c81ad25228427a
2026-01-08T01:46:57: scraper > Google returned 8 results
2026-01-08T01:46:57: scraper > [0] MAYA GARNU LA LIVE CHORDS by John Chamling Rai @ Ultimate ... :: https://tabs.ultimate-guitar.com/tab/john-chamling-rai/maya-garnu-la-chords-5962616
2026-01-08T01:46:57: scraper > [1] Maya Garnu La John Chamling Chords | TikTok :: https://www.tiktok.com/discover/maya-garnu-la-john-chamling-chords
2026-01-08T01:46:57: scraper > [2] JERRY ON TOP - MAYA GARNU LA CHORDS by Misc Soundtrack ... :: https://tabs.ultimate-guitar.com/tab/misc-soundtrack/jerry-on-top-maya-garnu-la-chords-5995340
2026-01-08T01:46:57: scraper > [3] Maya Garnu La John Chamling Guitar Chords | TikTok :: https://www.tiktok.com/discover/maya-garnu-la-john-chamling-guitar-chords
2026-01-08T01:46:57: scraper > [4] Maya Garnu La - John Chamling (Unreleased song) Chords - Chordify :: https://chordify.net/chords/maya-garnu-la-john-chamling-unreleased-song-dumi-entertainment
2026-01-08T01:46:57: scraper > [5] Maya Garnu La Chords (Jerry On Top) | John & The Locals :: https://anysongchord.com/maya-garnu-la-lyrics-chords/
2026-01-08T01:46:57: scraper > [6] Maya Garnu La - John Chamling (Piano Version) Chords - Chordify :: https://chordify.net/chords/maya-garnu-la-john-chamling-piano-version-dumi-entertainment
2026-01-08T01:46:57: scraper > [7] Maya Garnu La Lyrics | JOHN & THE LOCALS | OST JERRY ON TOP :: https://nepaligeetlyrics.com/artist/maya-garnu-la-lyrics/
2026-01-08T01:46:57: scraper > Sorted by (lyrics/chords) score.
2026-01-08T01:46:57: scraper > Chosen URL: https://nepaligeetlyrics.com/artist/maya-garnu-la-lyrics/
2026-01-08T01:46:57: scraper > Chosen Title: Maya Garnu La Lyrics | JOHN & THE LOCALS | OST JERRY ON TOP
2026-01-08T01:46:57: 
2026-01-08T01:46:57: ──────── NAVIGATE ────────
2026-01-08T01:46:58: scraper > page.goto done. Final URL: https://nepaligeetlyrics.com/artist/maya-garnu-la-lyrics/
2026-01-08T01:46:58: scraper > HTTP status: 200
2026-01-08T01:47:04: scraper > Page title: Maya Garnu La Lyrics | JOHN & THE LOCALS | OST JERRY ON TOP
2026-01-08T01:47:04: scraper > HTML length: 366743
2026-01-08T01:47:04: 
2026-01-08T01:47:04: ──────── READABILITY ────────
2026-01-08T01:47:05: scraper > isProbablyReaderable: true
2026-01-08T01:47:05: scraper > Readability parse OK. content length: 5751
2026-01-08T01:47:05: scraper > Lines from Readability: 67
2026-01-08T01:47:05: 
2026-01-08T01:47:05: ──────── FALLBACK #1 (DENSE BLOCK) ────────
2026-01-08T01:47:05: 
2026-01-08T01:47:05: ──────── FALLBACK #2 (SITE-AWARE) ────────
2026-01-08T01:47:05: 
2026-01-08T01:47:05: ──────── RESULT ────────
2026-01-08T01:47:05: scraper > Used Readability: true Useful: true
2026-01-08T01:47:05: scraper > Final URL: https://nepaligeetlyrics.com/artist/maya-garnu-la-lyrics/
2026-01-08T01:47:05: scraper > Total lines: 67
2026-01-08T01:47:05: scraper > Preview: Band History |  | In a world where music trends shift like the tides, John & The Locals is a refreshing reminder of the impact that sincere, passionate songwriting may have. Blending folk, indie rock, and a touch of blues, the group has carved out a distinctive sound that feels both familiar and dee…
2026-01-08T01:47:05: scraper > Browser context closed.
2026-01-08T01:47:27: 
2026-01-08T01:47:27: ──────── REQUEST ────────
2026-01-08T01:47:27: scraper > songName: maya garnu la john
2026-01-08T01:47:27: scraper > linkIndex (raw): 0
2026-01-08T01:47:27: 
2026-01-08T01:47:27: ──────── GOOGLE SEARCH ────────
2026-01-08T01:47:27: scraper > Searching Google for: maya garnu la john
2026-01-08T01:47:27: scraper > Using API Key: AIza****3tvo
2026-01-08T01:47:27: scraper > Final query sent: "maya garnu la john lyrics and chords"
2026-01-08T01:47:27: scraper > Using GOOGLE_NOBILLING_API_KEY_2: AIza****sgEQ
2026-01-08T01:47:27: scraper > Using SEARCHENGINE_ID_2: 055c81ad25228427a
2026-01-08T01:47:27: scraper > Google returned 8 results
2026-01-08T01:47:27: scraper > [0] MAYA GARNU LA LIVE CHORDS by John Chamling Rai @ Ultimate ... :: https://tabs.ultimate-guitar.com/tab/john-chamling-rai/maya-garnu-la-chords-5962616
2026-01-08T01:47:27: scraper > [1] Maya Garnu La John Chamling Guitar Chords | TikTok :: https://www.tiktok.com/discover/maya-garnu-la-john-chamling-guitar-chords
2026-01-08T01:47:27: scraper > [2] JERRY ON TOP - MAYA GARNU LA CHORDS by Misc Soundtrack ... :: https://tabs.ultimate-guitar.com/tab/misc-soundtrack/jerry-on-top-maya-garnu-la-chords-5995340
2026-01-08T01:47:27: scraper > [3] Maya Garnu La John Chamling Chords | TikTok :: https://www.tiktok.com/discover/maya-garnu-la-john-chamling-chords
2026-01-08T01:47:27: scraper > [4] Maya Garnu La - John Chamling (Piano Version) Chords - Chordify :: https://chordify.net/chords/maya-garnu-la-john-chamling-piano-version-dumi-entertainment
2026-01-08T01:47:27: scraper > [5] Easy Guitar Chord :: https://nepalicoversong.blogspot.com/
2026-01-08T01:47:27: scraper > [6] Maya Garnu La - John Chamling (Unreleased song) Chords - Chordify :: https://chordify.net/chords/maya-garnu-la-john-chamling-unreleased-song-dumi-entertainment
2026-01-08T01:47:27: scraper > [7] John Chamling Rai Chords & Tabs for Guitar, Ukulele, Bass, Drums ... :: https://www.ultimate-guitar.com/artist/john_chamling_rai_1904351
2026-01-08T01:47:27: scraper > Sorted by (lyrics/chords) score.
2026-01-08T01:47:27: scraper > Chosen URL: https://tabs.ultimate-guitar.com/tab/john-chamling-rai/maya-garnu-la-chords-5962616
2026-01-08T01:47:27: scraper > Chosen Title: MAYA GARNU LA LIVE CHORDS by John Chamling Rai @ Ultimate ...
2026-01-08T01:47:27: 
2026-01-08T01:47:27: ──────── NAVIGATE ────────
2026-01-08T01:47:28: scraper > page.goto done. Final URL: https://tabs.ultimate-guitar.com/tab/john-chamling-rai/maya-garnu-la-chords-5962616
2026-01-08T01:47:28: scraper > HTTP status: 200
2026-01-08T01:47:40: scraper > networkidle wait skipped/timeout
2026-01-08T01:47:40: scraper > Page title: MAYA GARNU LA LIVE CHORDS by John Chamling Rai @ Ultimate-Guitar.Com
2026-01-08T01:47:40: scraper > HTML length: 373827
2026-01-08T01:47:40: 
2026-01-08T01:47:40: ──────── READABILITY ────────
2026-01-08T01:47:41: scraper > isProbablyReaderable: true
2026-01-08T01:47:41: scraper > Readability parse OK. content length: 8241
2026-01-08T01:47:41: scraper > Lines from Readability: 65
2026-01-08T01:47:41: 
2026-01-08T01:47:41: ──────── FALLBACK #1 (DENSE BLOCK) ────────
2026-01-08T01:47:41: 
2026-01-08T01:47:41: ──────── FALLBACK #2 (SITE-AWARE) ────────
2026-01-08T01:47:41: 
2026-01-08T01:47:41: ──────── RESULT ────────
2026-01-08T01:47:41: scraper > Used Readability: true Useful: true
2026-01-08T01:47:41: scraper > Final URL: https://tabs.ultimate-guitar.com/tab/john-chamling-rai/maya-garnu-la-chords-5962616
2026-01-08T01:47:41: scraper > Total lines: 65
2026-01-08T01:47:41: scraper > Preview: by John Chamling Rai |  | 171,541 views208 saves1 comment |  | Simple chords for John's upcoming song, based on his recent live performance. |  | Speed: 0.2 |  | Transpose |  | [Verse 1]
2026-01-08T01:47:41: F          Am
2026-01-08T01:47:41: Maya garnu la
2026-01-08T01:47:41: F          Dm
2026-01-08T01:47:41: Maya garnu la
2026-01-08T01:47:41:  
2026-01-08T01:47:41: Gm            Bb
2026-01-08T01:47:41: Kati bachchhu khai
2026-01-08T01:47:41: F          C
2026-01-08T01:47:41: Maya g…
2026-01-08T01:47:41: scraper > Browser context closed.
2026-01-08T01:51:15: 
2026-01-08T01:51:15: ──────── REQUEST ────────
2026-01-08T01:51:15: scraper > songName: mantramugda
2026-01-08T01:51:15: scraper > linkIndex (raw): 0
2026-01-08T01:51:15: 
2026-01-08T01:51:15: ──────── GOOGLE SEARCH ────────
2026-01-08T01:51:15: scraper > Searching Google for: mantramugda
2026-01-08T01:51:15: scraper > Using API Key: AIza****3tvo
2026-01-08T01:51:15: scraper > Final query sent: "mantramugda lyrics and chords"
2026-01-08T01:51:15: scraper > Using GOOGLE_NOBILLING_API_KEY_2: AIza****sgEQ
2026-01-08T01:51:15: scraper > Using SEARCHENGINE_ID_2: 055c81ad25228427a
2026-01-08T01:51:15: scraper > Google returned 5 results
2026-01-08T01:51:15: scraper > [0] MANTRAMUGDHA CHORDS by Satish Ghalan @ Ultimate-Guitar ... :: https://tabs.ultimate-guitar.com/tab/satish-ghalan/mantramugdha-chords-4736042
2026-01-08T01:51:15: scraper > [1] Melodious Nepali Singer Satish Ghalan: A Rising Star in the Music ... :: https://www.tiktok.com/@paradygmtv/video/7257542443611065602
2026-01-08T01:51:15: scraper > [2] देव्यपराधक्षमापन स्तोत्रम् {Devi Aparadha Kshamapana Stotram ... :: https://bhaktisadhana.wordpress.com/2015/12/02/%E0%A4%A6%E0%A5%87%E0%A4%B5%E0%A5%8D%E0%A4%AF%E0%A4%AA%E0%A4%B0%E0%A4%BE%…
2026-01-08T01:51:15: scraper > [3] Pinjada Musical Performance by Satish Ghalan | TikTok :: https://www.tiktok.com/@kantipurtvhd/video/7262909235929910530
2026-01-08T01:51:15: scraper > [4] KAFLE Fingerstyle Cover by Sujan Chapagain | TikTok :: https://www.tiktok.com/@niteshbashyal/video/7518382593419595026
2026-01-08T01:51:15: scraper > Sorted by (lyrics/chords) score.
2026-01-08T01:51:15: scraper > Chosen URL: https://tabs.ultimate-guitar.com/tab/satish-ghalan/mantramugdha-chords-4736042
2026-01-08T01:51:15: scraper > Chosen Title: MANTRAMUGDHA CHORDS by Satish Ghalan @ Ultimate-Guitar ...
2026-01-08T01:51:15: 
2026-01-08T01:51:15: ──────── NAVIGATE ────────
2026-01-08T01:51:16: scraper > page.goto done. Final URL: https://tabs.ultimate-guitar.com/tab/satish-ghalan/mantramugdha-chords-4736042
2026-01-08T01:51:16: scraper > HTTP status: 200
2026-01-08T01:51:28: scraper > networkidle wait skipped/timeout
2026-01-08T01:51:28: scraper > Page title: MANTRAMUGDHA CHORDS by Satish Ghalan @ Ultimate-Guitar.Com
2026-01-08T01:51:28: scraper > HTML length: 326381
2026-01-08T01:51:28: 
2026-01-08T01:51:28: ──────── READABILITY ────────
2026-01-08T01:51:29: scraper > isProbablyReaderable: true
2026-01-08T01:51:29: scraper > Readability parse OK. content length: 4208
2026-01-08T01:51:29: scraper > Lines from Readability: 67
2026-01-08T01:51:29: 
2026-01-08T01:51:29: ──────── FALLBACK #1 (DENSE BLOCK) ────────
2026-01-08T01:51:29: 
2026-01-08T01:51:29: ──────── FALLBACK #2 (SITE-AWARE) ────────
2026-01-08T01:51:29: 
2026-01-08T01:51:29: ──────── RESULT ────────
2026-01-08T01:51:29: scraper > Used Readability: true Useful: true
2026-01-08T01:51:29: scraper > Final URL: https://tabs.ultimate-guitar.com/tab/satish-ghalan/mantramugdha-chords-4736042
2026-01-08T01:51:29: scraper > Total lines: 67
2026-01-08T01:51:29: scraper > Preview: Speed: 0.2 |  | Transpose |  | G                      Cadd9
2026-01-08T01:51:29: Kalpanama Dubna Deu Malai
2026-01-08T01:51:29:             G
2026-01-08T01:51:29: Kalpanamai Uddai Aakash Chhudai
2026-01-08T01:51:29: D
2026-01-08T01:51:29: Tara Sanga Kura Gardai
2026-01-08T01:51:29: G                  Cadd9
2026-01-08T01:51:29: Tyo Tara Bich Yo Juna
2026-01-08T01:51:29: G                D
2026-01-08T01:51:29: Timi Mero Yo Geet Ko Dhuna
2026-01-08T01:51:29: Cmaj7
2026-01-08T01:51:29: Mantramugdha Bhaye Ma Aaja
2026-01-08T01:51:29:                D
2026-01-08T01:51:29: …
2026-01-08T01:51:29: scraper > Browser context closed.
2026-01-08T01:55:02: 
2026-01-08T01:55:02: ──────── REQUEST ────────
2026-01-08T01:55:02: scraper > songName: na bola ma sanga
2026-01-08T01:55:02: scraper > linkIndex (raw): 0
2026-01-08T01:55:02: 
2026-01-08T01:55:02: ──────── GOOGLE SEARCH ────────
2026-01-08T01:55:02: scraper > Searching Google for: na bola ma sanga
2026-01-08T01:55:02: scraper > Using API Key: AIza****3tvo
2026-01-08T01:55:02: scraper > Final query sent: "na bola ma sanga lyrics and chords"
2026-01-08T01:55:02: scraper > Using GOOGLE_NOBILLING_API_KEY_2: AIza****sgEQ
2026-01-08T01:55:02: scraper > Using SEARCHENGINE_ID_2: 055c81ad25228427a
2026-01-08T01:55:02: scraper > Google returned 8 results
2026-01-08T01:55:02: scraper > [0] NABOLA MASANGA CHORDS by Bekcha @ Ultimate-Guitar.Com :: https://tabs.ultimate-guitar.com/tab/bekcha/nabola-masanga-chords-3867584
2026-01-08T01:55:02: scraper > [1] Nabola Masanga (Romanized) – Bekcha | Genius Lyrics :: https://genius.com/Genius-romanizations-bekcha-nabola-masanga-romanized-lyrics
2026-01-08T01:55:02: scraper > [2] Bekcha Chords & Tabs for Guitar, Ukulele, Bass, Drums at Ultimate ... :: https://www.ultimate-guitar.com/artist/bekcha_638015
2026-01-08T01:55:02: scraper > [3] Nabola Ma Sanga- Bekcha (lyrics) Chords - Chordify :: https://chordify.net/chords/nabola-ma-sanga-bekcha-lyrics-low-key
2026-01-08T01:55:02: scraper > [4] Nabola Masanga Lyrics and Guitar Chords in Nepali- Bekcha :: https://www.thelyricsblog.com/2021/11/nabola-masanga-lyrics-and-guitar-chords.html
2026-01-08T01:55:02: scraper > [5] October 2017 - All Nepal Chords :: http://allnepalichords.blogspot.com/2017/10/
2026-01-08T01:55:02: scraper > [6] Lyrics4U Nepal :: http://lyrics4unepal.blogspot.com/
2026-01-08T01:55:02: scraper > [7] C.O.D Raat Vari Guitar Chords with lyrics | ShrestsaV :: https://shrestsav.wordpress.com/2012/03/09/raat-vari/
2026-01-08T01:55:02: scraper > Sorted by (lyrics/chords) score.
2026-01-08T01:55:02: scraper > Chosen URL: https://chordify.net/chords/nabola-ma-sanga-bekcha-lyrics-low-key
2026-01-08T01:55:02: scraper > Chosen Title: Nabola Ma Sanga- Bekcha (lyrics) Chords - Chordify
2026-01-08T01:55:02: 
2026-01-08T01:55:02: ──────── NAVIGATE ────────
2026-01-08T01:55:04: scraper > page.goto done. Final URL: https://chordify.net/chords/nabola-ma-sanga-bekcha-lyrics-low-key
2026-01-08T01:55:04: scraper > HTTP status: 200
2026-01-08T01:55:09: scraper > Page title: Nabola Ma Sanga- Bekcha (lyrics) Chords - Chordify
2026-01-08T01:55:09: scraper > HTML length: 236706
2026-01-08T01:55:09: 
2026-01-08T01:55:09: ──────── READABILITY ────────
2026-01-08T01:55:09: scraper > isProbablyReaderable: true
2026-01-08T01:55:10: scraper > Readability parse OK. content length: 38187
2026-01-08T01:55:10: scraper > Lines from Readability: 478
2026-01-08T01:55:10: 
2026-01-08T01:55:10: ──────── FALLBACK #1 (DENSE BLOCK) ────────
2026-01-08T01:55:10: 
2026-01-08T01:55:10: ──────── FALLBACK #2 (SITE-AWARE) ────────
2026-01-08T01:55:10: 
2026-01-08T01:55:10: ──────── RESULT ────────
2026-01-08T01:55:10: scraper > Used Readability: true Useful: true
2026-01-08T01:55:10: scraper > Final URL: https://chordify.net/chords/nabola-ma-sanga-bekcha-lyrics-low-key
2026-01-08T01:55:10: scraper > Total lines: 478
2026-01-08T01:55:10: scraper > Preview: You can have the lyrics to this song displayed here |  | Lyrics |  | Choose your instrument |  | guitar |  | A♭ |  | ukulele |  | A♭ |  | piano |  | A♭ |  | Mandolin |  | A♭ |  | Other |  | A♭ |  | B♭ₘ |  | 1/3 |  | Fₘ |  | 1/3 |  | G♭ |  | 1/3 |  | A♭ |  | 1/3 |  | B♭ₘ |  | 1/3 |  | Fₘ |  | 1/3 |  …
2026-01-08T01:55:10: scraper > Browser context closed.
2026-01-08T01:55:13: 
2026-01-08T01:55:13: ──────── REQUEST ────────
2026-01-08T01:55:13: scraper > songName: na bola ma sanga
2026-01-08T01:55:13: scraper > linkIndex (raw): 1
2026-01-08T01:55:13: 
2026-01-08T01:55:13: ──────── GOOGLE SEARCH ────────
2026-01-08T01:55:13: scraper > Searching Google for: na bola ma sanga
2026-01-08T01:55:13: scraper > Using API Key: AIza****3tvo
2026-01-08T01:55:13: scraper > Final query sent: "na bola ma sanga lyrics and chords"
2026-01-08T01:55:13: scraper > Using GOOGLE_NOBILLING_API_KEY_2: AIza****sgEQ
2026-01-08T01:55:13: scraper > Using SEARCHENGINE_ID_2: 055c81ad25228427a
2026-01-08T01:55:13: scraper > Google returned 8 results
2026-01-08T01:55:13: scraper > [0] NABOLA MASANGA CHORDS by Bekcha @ Ultimate-Guitar.Com :: https://tabs.ultimate-guitar.com/tab/bekcha/nabola-masanga-chords-3867584
2026-01-08T01:55:13: scraper > [1] Nabola Masanga (Romanized) – Bekcha | Genius Lyrics :: https://genius.com/Genius-romanizations-bekcha-nabola-masanga-romanized-lyrics
2026-01-08T01:55:13: scraper > [2] Bekcha Chords & Tabs for Guitar, Ukulele, Bass, Drums at Ultimate ... :: https://www.ultimate-guitar.com/artist/bekcha_638015
2026-01-08T01:55:13: scraper > [3] Nabola Ma Sanga- Bekcha (lyrics) Chords - Chordify :: https://chordify.net/chords/nabola-ma-sanga-bekcha-lyrics-low-key
2026-01-08T01:55:13: scraper > [4] Nabola Masanga Lyrics and Guitar Chords in Nepali- Bekcha :: https://www.thelyricsblog.com/2021/11/nabola-masanga-lyrics-and-guitar-chords.html
2026-01-08T01:55:13: scraper > [5] October 2017 - All Nepal Chords :: http://allnepalichords.blogspot.com/2017/10/
2026-01-08T01:55:13: scraper > [6] Lyrics4U Nepal :: http://lyrics4unepal.blogspot.com/
2026-01-08T01:55:13: scraper > [7] C.O.D Raat Vari Guitar Chords with lyrics | ShrestsaV :: https://shrestsav.wordpress.com/2012/03/09/raat-vari/
2026-01-08T01:55:13: scraper > Sorted by (lyrics/chords) score.
2026-01-08T01:55:13: scraper > Chosen URL: https://www.thelyricsblog.com/2021/11/nabola-masanga-lyrics-and-guitar-chords.html
2026-01-08T01:55:13: scraper > Chosen Title: Nabola Masanga Lyrics and Guitar Chords in Nepali- Bekcha
2026-01-08T01:55:13: 
2026-01-08T01:55:13: ──────── NAVIGATE ────────
2026-01-08T01:55:15: scraper > page.goto done. Final URL: https://www.thelyricsblog.com/2021/11/nabola-masanga-lyrics-and-guitar-chords.html
2026-01-08T01:55:15: scraper > HTTP status: 200
2026-01-08T01:55:20: scraper > Page title: Nabola Masanga Lyrics and Guitar Chords in Nepali- Bekcha
2026-01-08T01:55:20: scraper > HTML length: 246276
2026-01-08T01:55:20: 
2026-01-08T01:55:20: ──────── READABILITY ────────
2026-01-08T01:55:20: scraper > isProbablyReaderable: false
2026-01-08T01:55:21: scraper > Readability parse OK. content length: 3483
2026-01-08T01:55:21: scraper > Lines from Readability: 106
2026-01-08T01:55:21: 
2026-01-08T01:55:21: ──────── FALLBACK #1 (DENSE BLOCK) ────────
2026-01-08T01:55:21: 
2026-01-08T01:55:21: ──────── FALLBACK #2 (SITE-AWARE) ────────
2026-01-08T01:55:21: 
2026-01-08T01:55:21: ──────── RESULT ────────
2026-01-08T01:55:21: scraper > Used Readability: true Useful: true
2026-01-08T01:55:21: scraper > Final URL: https://www.thelyricsblog.com/2021/11/nabola-masanga-lyrics-and-guitar-chords.html
2026-01-08T01:55:21: scraper > Total lines: 106
2026-01-08T01:55:21: scraper > Preview: Nabola Masanga Lyrics; |  | Bekcha |  | Aljhiyera basna Mero mannle chaahena |  | K chahanchau ma bata timi nabirai bhana |  | Aljhiyera basna Mero mannle chaahena |  | K chahanchau ma bata timi nabirai bhana |  | Birami mann liyera basirahu ma |  | Maanera timi bina mero jindagi chaina |  | Nabola …
2026-01-08T01:55:21: scraper > Browser context closed.
2026-01-08T02:34:09: 
2026-01-08T02:34:09: ──────── REQUEST ────────
2026-01-08T02:34:09: scraper > songName: basanta
2026-01-08T02:34:09: scraper > linkIndex (raw): 0
2026-01-08T02:34:09: 
2026-01-08T02:34:09: ──────── GOOGLE SEARCH ────────
2026-01-08T02:34:09: scraper > Searching Google for: basanta
2026-01-08T02:34:09: scraper > Using API Key: AIza****3tvo
2026-01-08T02:34:09: scraper > Final query sent: "basanta lyrics and chords"
2026-01-08T02:34:09: scraper > Using GOOGLE_NOBILLING_API_KEY_2: AIza****sgEQ
2026-01-08T02:34:09: scraper > Using SEARCHENGINE_ID_2: 055c81ad25228427a
2026-01-08T02:34:10: scraper > Google returned 8 results
2026-01-08T02:34:10: scraper > [0] BASANTA CHORDS by JPT rockerz @ Ultimate-Guitar.Com :: https://tabs.ultimate-guitar.com/tab/jpt-rockerz/basanta-chords-1798118
2026-01-08T02:34:10: scraper > [1] Basanta chords by Jptrockerz - Mye Guitar :: https://www.mye-guitar.com/song/basanta
2026-01-08T02:34:10: scraper > [2] Basanta Uke tab by JPT Rockerz - Ukulele Tabs :: https://www.ukulele-tabs.com/uke-songs/jpt-rockerz/basanta-uke-tab-77863.html
2026-01-08T02:34:10: scraper > [3] Lyrics & Chords Basanta Udayo Mukti and Revival Chords - Chordify :: https://chordify.net/chords/basanta-udayo-lyrics-with-chords-mukti-and-revival-kalankiko-jam-mukti-and-revival
2026-01-08T02:34:10: scraper > [4] EASY GUITAR CHORDS FOR BASANTA TIMRO WOTHA LAI ... :: https://paankopat.com/2023/04/11/easy-guitar-chords-for-basanta-timro-wotha-lai-choyera-jpt-rockerz/
2026-01-08T02:34:10: scraper > [5] Chayechha Basanta | Shreya Ghoshal | Lyrics, Chords, MP3 ... :: https://www.tunesnepal.com/shreya-ghoshal/chayechha-basanta
2026-01-08T02:34:10: scraper > [6] Basanta Nai Basna Chords & Lyrics by Anju Panta | Hamrochords.com :: https://hamrochords.com/anju-panta/basanta-nai-basna
2026-01-08T02:34:10: scraper > [7] Suselile Basanta Lai | Lyrics, Chords, MP3 :: https://www.tunesnepal.com/sadhana-sargam/19760
2026-01-08T02:34:10: scraper > Sorted by (lyrics/chords) score.
2026-01-08T02:34:10: scraper > Chosen URL: https://chordify.net/chords/basanta-udayo-lyrics-with-chords-mukti-and-revival-kalankiko-jam-mukti-and-revival
2026-01-08T02:34:10: scraper > Chosen Title: Lyrics & Chords Basanta Udayo Mukti and Revival Chords - Chordify
2026-01-08T02:34:10: 
2026-01-08T02:34:10: ──────── NAVIGATE ────────
2026-01-08T02:34:23: scraper > page.goto done. Final URL: https://chordify.net/chords/basanta-udayo-lyrics-with-chords-mukti-and-revival-kalankiko-jam-mukti-and-revival
2026-01-08T02:34:23: scraper > HTTP status: 200
2026-01-08T02:34:24: scraper > Timeout hit. Closing context and returning fallback.
2026-01-08T02:34:24: scraper > networkidle wait skipped/timeout
2026-01-08T02:34:24: scraper > Error in scrapeLyrisc: page.title: Target page, context or browser has been closed
2026-01-08T02:34:24: scraper > Browser context closed.
2026-01-08T02:34:36: 
2026-01-08T02:34:36: ──────── REQUEST ────────
2026-01-08T02:34:36: scraper > songName: jpt basanta
2026-01-08T02:34:36: scraper > linkIndex (raw): 0
2026-01-08T02:34:36: 
2026-01-08T02:34:36: ──────── GOOGLE SEARCH ────────
2026-01-08T02:34:36: scraper > Searching Google for: jpt basanta
2026-01-08T02:34:36: scraper > Using API Key: AIza****3tvo
2026-01-08T02:34:36: scraper > Final query sent: "jpt basanta lyrics and chords"
2026-01-08T02:34:36: scraper > Using GOOGLE_NOBILLING_API_KEY_2: AIza****sgEQ
2026-01-08T02:34:36: scraper > Using SEARCHENGINE_ID_2: 055c81ad25228427a
2026-01-08T02:34:36: scraper > Google returned 8 results
2026-01-08T02:34:36: scraper > [0] BASANTA CHORDS by JPT rockerz @ Ultimate-Guitar.Com :: https://tabs.ultimate-guitar.com/tab/jpt-rockerz/basanta-chords-1798118
2026-01-08T02:34:36: scraper > [1] Basanta Uke tab by JPT Rockerz - Ukulele Tabs :: https://www.ukulele-tabs.com/uke-songs/jpt-rockerz/basanta-uke-tab-77863.html
2026-01-08T02:34:36: scraper > [2] Basanta - Jpt Rockerz - Song Lyrics and Music by Jpt Rockerz ... :: https://www.smule.com/song/jpt-rockerz-basanta-jpt-rockerz-karaoke-lyrics/269214617_2017086/arrangement
2026-01-08T02:34:36: scraper > [3] Basanta Guitar Chord with Lyrics- JPT Rockerz :: https://lyricsrs.blogspot.com/2018/02/basanta-guitar-chord-with-lyrics-jpt.html
2026-01-08T02:34:36: scraper > [4] Basanta chords by Jptrockerz - Mye Guitar :: https://www.mye-guitar.com/song/basanta
2026-01-08T02:34:36: scraper > [5] Basanta | Jpt Rockerz | Lyrics, Chords, MP3 | TunesNepal :: https://www.tunesnepal.com/jpt-rockerz/30216
2026-01-08T02:34:36: scraper > [6] EASY GUITAR CHORDS FOR BASANTA TIMRO WOTHA LAI ... :: https://paankopat.com/2023/04/11/easy-guitar-chords-for-basanta-timro-wotha-lai-choyera-jpt-rockerz/
2026-01-08T02:34:36: scraper > [7] Basanta Chords, Lyrics and Music Video By JPT Rockerz | Music ... :: https://tabs.musiccafenepal.com/jpt-rockerz/basanta
2026-01-08T02:34:36: scraper > Sorted by (lyrics/chords) score.
2026-01-08T02:34:36: scraper > Chosen URL: https://lyricsrs.blogspot.com/2018/02/basanta-guitar-chord-with-lyrics-jpt.html
2026-01-08T02:34:36: scraper > Chosen Title: Basanta Guitar Chord with Lyrics- JPT Rockerz
2026-01-08T02:34:36: 
2026-01-08T02:34:36: ──────── NAVIGATE ────────
2026-01-08T02:34:38: scraper > page.goto done. Final URL: https://lyricsrs.blogspot.com/2018/02/basanta-guitar-chord-with-lyrics-jpt.html
2026-01-08T02:34:38: scraper > HTTP status: 200
2026-01-08T02:34:44: scraper > Page title: Songs Lyrics Wth Guitar Chords(English,Hindi,Nepali): Basanta Guitar Chord with Lyrics- JPT Rockerz
2026-01-08T02:34:44: scraper > HTML length: 63340
2026-01-08T02:34:44: 
2026-01-08T02:34:44: ──────── READABILITY ────────
2026-01-08T02:34:44: scraper > isProbablyReaderable: true
2026-01-08T02:34:44: scraper > Readability parse OK. content length: 1905
2026-01-08T02:34:44: scraper > Lines from Readability: 40
2026-01-08T02:34:44: 
2026-01-08T02:34:44: ──────── FALLBACK #1 (DENSE BLOCK) ────────
2026-01-08T02:34:44: 
2026-01-08T02:34:44: ──────── FALLBACK #2 (SITE-AWARE) ────────
2026-01-08T02:34:44: 
2026-01-08T02:34:44: ──────── RESULT ────────
2026-01-08T02:34:44: scraper > Used Readability: true Useful: true
2026-01-08T02:34:44: scraper > Final URL: https://lyricsrs.blogspot.com/2018/02/basanta-guitar-chord-with-lyrics-jpt.html
2026-01-08T02:34:44: scraper > Total lines: 40
2026-01-08T02:34:44: scraper > Preview: I will upload every chords used in this song soon. |  | (--Capo on 2nd fret--) | F#sus      F#add9 | Timro ooth lai choyera niskii | F#sus      F#add9         Em7 F#sus Em7 | lahare ko jhuto rangeen sachoo hoo | F#sus    F#add9 | timilai angale yesto lagyo ki | Csus    Cadd9   Em7 Csus Em7 | mero sa…
2026-01-08T02:34:45: scraper > Browser context closed.
2026-01-08T02:34:57: 
2026-01-08T02:34:57: ──────── REQUEST ────────
2026-01-08T02:34:57: scraper > songName: aashma
2026-01-08T02:34:57: scraper > linkIndex (raw): 0
2026-01-08T02:34:57: 
2026-01-08T02:34:57: ──────── GOOGLE SEARCH ────────
2026-01-08T02:34:57: scraper > Searching Google for: aashma
2026-01-08T02:34:57: scraper > Using API Key: AIza****3tvo
2026-01-08T02:34:57: scraper > Final query sent: "aashma lyrics and chords"
2026-01-08T02:34:57: scraper > Using GOOGLE_NOBILLING_API_KEY_2: AIza****sgEQ
2026-01-08T02:34:57: scraper > Using SEARCHENGINE_ID_2: 055c81ad25228427a
2026-01-08T02:34:57: scraper > Google returned 8 results
2026-01-08T02:34:57: scraper > [0] ASHMA CHORDS by Neetesh Jung Kunwar for guitar, ukulele and ... :: https://tabs.ultimate-guitar.com/tab/neetesh-jung-kunwar/ashma-chords-2433125
2026-01-08T02:34:57: scraper > [1] Neele Aasman Ke Paar Jayenge - Easy Guitar Chords :: https://www.yeshukegeet.com/post/neele-aasman-ke-paar-jayenge-easy-guitar-chords
2026-01-08T02:34:57: scraper > [2] AASMA SE BHI CHORDS by Amit Kamble @ Ultimate-Guitar.Com :: https://tabs.ultimate-guitar.com/tab/amit-kamble/aasma-se-bhi-chords-1466880
2026-01-08T02:34:57: scraper > [3] Aasman Pe Nazar Aaye (आसमां पे नज़र आये) Lyrics & Chords :: https://songsofpraise.in/aasman-pe-nazar-aaye/
2026-01-08T02:34:57: scraper > [4] SILSILA - NEELA AASMAN SO GAYA CHORDS by Misc Soundtrack ... :: https://tabs.ultimate-guitar.com/tab/misc-soundtrack/silsila-neela-aasman-so-gaya-chords-3140429
2026-01-08T02:34:57: scraper > [5] Alag Aasman Uke tab by Anuv Jain - Ukulele Tabs :: https://www.ukulele-tabs.com/uke-songs/anuv-jain/alag-aasman-uke-tab-75392.html
2026-01-08T02:34:57: scraper > [6] Aaj Mai Upar Aasman Niche Chords & Lyrics | Indichords :: https://indichords.com/song/1673/aaj-mai-upar-aasman-niche-kavita-krishnamurthy-kumar-sanu-jatin-lalit
2026-01-08T02:34:57: scraper > [7] Ma Pani Ta Kunai Aashma | Prakash Shrestha | Lyrics, Chords, MP3 ... :: https://www.tunesnepal.com/prakash-shrestha/ma-pani-ta-kunai-aashma
2026-01-08T02:34:57: scraper > Sorted by (lyrics/chords) score.
2026-01-08T02:34:57: scraper > Chosen URL: https://songsofpraise.in/aasman-pe-nazar-aaye/
2026-01-08T02:34:57: scraper > Chosen Title: Aasman Pe Nazar Aaye (आसमां पे नज़र आये) Lyrics & Chords
2026-01-08T02:34:57: 
2026-01-08T02:34:57: ──────── NAVIGATE ────────
2026-01-08T02:35:00: scraper > page.goto done. Final URL: https://songsofpraise.in/aasman-pe-nazar-aaye/
2026-01-08T02:35:00: scraper > HTTP status: 200
2026-01-08T02:35:03: scraper > Page title: Aasman Pe Nazar Aaye (आसमां पे नज़र आये) Lyrics & Chords
2026-01-08T02:35:03: scraper > HTML length: 402540
2026-01-08T02:35:03: 
2026-01-08T02:35:03: ──────── READABILITY ────────
2026-01-08T02:35:03: Error: Could not parse CSS stylesheet
2026-01-08T02:35:03:     at exports.createStylesheet (/home/ubuntu/Projects/oracle24hrs/node_modules/jsdom/lib/jsdom/living/helpers/stylesheets.js:37:21)
2026-01-08T02:35:03:     at HTMLStyleElementImpl._updateAStyleBlock (/home/ubuntu/Projects/oracle24hrs/node_modules/jsdom/lib/jsdom/living/nodes/HTMLStyleElement-impl.js:67:5)
2026-01-08T02:35:03:     at HTMLStyleElementImpl._poppedOffStackOfOpenElements (/home/ubuntu/Projects/oracle24hrs/node_modules/jsdom/lib/jsdom/living/nodes/HTMLStyleElement-impl.js:41:10)
2026-01-08T02:35:03:     at JSDOMParse5Adapter.onItemPop (/home/ubuntu/Projects/oracle24hrs/node_modules/jsdom/lib/jsdom/browser/parser/html.js:175:43)
2026-01-08T02:35:03:     at Parser.onItemPop (/home/ubuntu/Projects/oracle24hrs/node_modules/parse5/dist/cjs/parser/index.js:176:90)
2026-01-08T02:35:03:     at OpenElementStack.pop (/home/ubuntu/Projects/oracle24hrs/node_modules/parse5/dist/cjs/parser/open-element-stack.js:83:22)
2026-01-08T02:35:03:     at endTagInText (/home/ubuntu/Projects/oracle24hrs/node_modules/parse5/dist/cjs/parser/index.js:2353:20)
2026-01-08T02:35:03:     at Parser._endTagOutsideForeignContent (/home/ubuntu/Projects/oracle24hrs/node_modules/parse5/dist/cjs/parser/index.js:992:17)
2026-01-08T02:35:03:     at Parser.onEndTag (/home/ubuntu/Projects/oracle24hrs/node_modules/parse5/dist/cjs/parser/index.js:957:18)
2026-01-08T02:35:03:     at Tokenizer.emitCurrentTagToken (/home/ubuntu/Projects/oracle24hrs/node_modules/parse5/dist/cjs/tokenizer/index.js:385:26) #st-2 {
2026-01-08T02:35:03:   font-family: "Helvetica Neue", Verdana, Helvetica, Arial, sans-serif;;
2026-01-08T02:35:03:   -moz-transition: all 0.2s ease-in; -ms-transition: all 0.2s ease-in; -o-transition: all 0.2s ease-in; -webkit-transition: all 0.2s ease-in; transition: all 0.2s ease-in;
2026-01-08T02:35:03:   backface-visibility: hidden;
2026-01-08T02:35:03:   display: block;
2026-01-08T02:35:03:   position: fixed;
2026-01-08T02:35:03:   opacity: 1;
2026-01-08T02:35:03:   text-align: left;
2026-01-08T02:35:03:   top: 160px;
2026-01-08T02:35:03:   z-index: 94034;
2026-01-08T02:35:03: }
2026-01-08T02:35:03: #st-2.st-right {
2026-01-08T02:35:03:   right: 0px;
2026-01-08T02:35:03: }
2026-01-08T02:35:03: #st-2.st-hidden.st-right {
2026-01-08T02:35:03:   right: -48px;
2026-01-08T02:35:03: }
2026-01-08T02:35:03: #st-2.st-hidden {
2026-01-08T02:35:03:   width: 96px;
2026-01-08T02:35:03: }
2026-01-08T02:35:03: #st-2.st-preview {
2026-01-08T02:35:03:   display: none!important;
2026-01-08T02:35:03:   opacity: 0!important;
2026-01-08T02:35:03: }
2026-01-08T02:35:03: #st-2 > div {
2026-01-08T02:35:03:   clear: right;
2026-01-08T02:35:03:   float: right;
2026-01-08T02:35:03: }
2026-01-08T02:35:03: #st-2 .st-btn {
2026-01-08T02:35:03:   -moz-box-sizing: border-box;
2026-01-08T02:35:03: -webkit-box-sizing: border-box;
2026-01-08T02:35:03: box-sizing: border-box;
2026-01-08T02:35:03:   -moz-transition: all 0.2s ease-in; -ms-transition: all 0.2s ease-in; -o-transition: all 0.2s ease-in; -webkit-transition: all 0.2s ease-in; transition: all 0.2s ease-in;
2026-01-08T02:35:03:   border: none;
2026-01-08T02:35:03:   cursor: pointer;
2026-01-08T02:35:03:   display: inline-block;
2026-01-08T02:35:03:   font-size: 16px;
2026-01-08T02:35:03:   height: 48px;
2026-01-08T02:35:03:   line-height: 24px;
2026-01-08T02:35:03:   margin-bottom: 0;
2026-01-08T02:35:03:   opacity: 1;
2026-01-08T02:35:03:   overflow: hidden;
2026-01-08T02:35:03:   padding: 12px;
2026-01-08T02:35:03:   position: relative;
2026-01-08T02:35:03:   text-align: left;
2026-01-08T02:35:03:   top: 0;
2026-01-08T02:35:03:   vertical-align: top;
2026-01-08T02:35:03:   white-space: nowrap;
2026-01-08T02:35:03:   width: 48px;
2026-01-08T02:35:03: }
2026-01-08T02:35:03: #st-2 .st-btn.st-first {
2026-01-08T02:35:03:   border-top: none;
2026-01-08T02:35:03:   border-top-left-radius: 4px;
2026-01-08T02:35:03: }
2026-01-08T02:35:03: #st-2 .st-btn.st-last {
2026-01-08T02:35:03:   border-bottom: none;
2026-01-08T02:35:03:   border-bottom-left-radius: 4px;
2026-01-08T02:35:03: }
2026-01-08T02:35:03: #st-2 .st-btn > svg {
2026-01-08T02:35:03:   -moz-transition: all 0.2s ease-in; -ms-transition: all 0.2s ease-in; -o-transition: all 0.2s ease-in; -webkit-transition: all 0.2s ease-in; transition: all 0.2s ease-in;
2026-01-08T02:35:03:   height: 24px;
2026-01-08T02:35:03:   margin-left: 0;
2026-01-08T02:35:03:   vertical-align: top;
2026-01-08T02:35:03:   width: 24px;
2026-01-08T02:35:03: }
2026-01-08T02:35:03: #st-2 .st-btn > img {
2026-01-08T02:35:03:   -moz-transition: all 0.2s ease-in; -ms-transition: all 0.2s ease-in; -o-transition: all 0.2s ease-in; -webkit-transition: all 0.2s ease-in; transition: all 0.2s ease-in;
2026-01-08T02:35:03:   height: 24px;
2026-01-08T02:35:03:   margin-left: 0;
2026-01-08T02:35:03:   vertical-align: top;
2026-01-08T02:35:03:   width: 24px;
2026-01-08T02:35:03: }
2026-01-08T02:35:03: #st-2 .st-btn > span {
2026-01-08T02:35:03:   -moz-transition: all 0.2s ease-in; -ms-transition: all 0.2s ease-in; -o-transition: all 0.2s ease-in; -webkit-transition: all 0.2s ease-in; transition: all 0.2s ease-in;
2026-01-08T02:35:03:   color: #fff;
2026-01-08T02:35:03:   display: inline-block;
2026-01-08T02:35:03:   font-weight: 500;
2026-01-08T02:35:03:   left: -35px;
2026-01-08T02:35:03:   letter-spacing: 0.5px;
2026-01-08T02:35:03:   opacity: 0;
2026-01-08T02:35:03:   padding: 0 6px;
2026-01-08T02:35:03:   position: relative;
2026-01-08T02:35:03:   vertical-align: top;
2026-01-08T02:35:03:   filter: alpha(opacity=0);
2026-01-08T02:35:03: }
2026-01-08T02:35:03: #st-2 .st-btn.st-hide-label > span {
2026-01-08T02:35:03:   display: none !important;
2026-01-08T02:35:03: }
2026-01-08T02:35:03: #st-2 .st-total {
2026-01-08T02:35:03:   -moz-transition: all 0.2s ease-in; -ms-transition: all 0.2s ease-in; -o-transition: all 0.2s ease-in; -webkit-transition: all 0.2s ease-in; transition: all 0.2s ease-in;
2026-01-08T02:35:03:   background: #fff;
2026-01-08T02:35:03:   color: #555;
2026-01-08T02:35:03:   display: inline-block;
2026-01-08T02:35:03:   font-weight: 500;
2026-01-08T02:35:03:   line-height: 18px;
2026-01-08T02:35:03:   margin-right: 0;
2026-01-08T02:35:03:   min-height: 34px;
2026-01-08T02:35:03:   max-width: 80px;
2026-01-08T02:35:03:   opacity: 1;
2026-01-08T02:35:03:   padding: 4px 0;
2026-01-08T02:35:03:   text-align: center;
2026-01-08T02:35:03:   width: 48px;
2026-01-08T02:35:03: }
2026-01-08T02:35:03: #st-2 .st-total.st-hidden {
2026-01-08T02:35:03:   display: none;
2026-01-08T02:35:03: }
2026-01-08T02:35:03: #st-2 .st-total > span {
2026-01-08T02:35:03:   display: block;
2026-01-08T02:35:03:   font-size: 18px;
2026-01-08T02:35:03:   line-height: 21px;
2026-01-08T02:35:03:   padding: 0;
2026-01-08T02:35:03: }
2026-01-08T02:35:03: #st-2 .st-total > span.st-shares {
2026-01-08T02:35:03:   font-size: 11px;
2026-01-08T02:35:03:   line-height: 11px;
2026-01-08T02:35:03: }
2026-01-08T02:35:03: #st-2 .st-toggle {
2026-01-08T02:35:03:   right: -48px;
2026-01-08T02:35:03:   -moz-transition: all 0.2s ease-in; -ms-transition: all 0.2s ease-in; -o-transition: all 0.2s ease-in; -webkit-transition: all 0.2s ease-in; transition: all 0.2s ease-in;
2026-01-08T02:35:03:   background: #ccc;
2026-01-08T02:35:03:   border-bottom-left-radius: 4px;
2026-01-08T02:35:03:   color: white;
2026-01-08T02:35:03:   cursor: pointer;
2026-01-08T02:35:03:   font-size: 24px;
2026-01-08T02:35:03:   line-height: 24px;
2026-01-08T02:35:03:   position: relative;
2026-01-08T02:35:03:   text-align: center;
2026-01-08T02:35:03:   width: 48px;
2026-01-08T02:35:03: }
2026-01-08T02:35:03: #st-2.st-hidden .st-toggle {
2026-01-08T02:35:03:   border-top-left-radius: 4px;
2026-01-08T02:35:03: }
2026-01-08T02:35:03: #st-2.st-right .st-toggle .st-right {
2026-01-08T02:35:03:   display: inline-block;
2026-01-08T02:35:03: }
2026-01-08T02:35:03: #st-2.st-right.st-hidden .st-toggle .st-right {
2026-01-08T02:35:03:   display: none;
2026-01-08T02:35:03: }
2026-01-08T02:35:03: #st-2.st-right .st-toggle .st-left {
2026-01-08T02:35:03:   display: none;
2026-01-08T02:35:03: }
2026-01-08T02:35:03: #st-2.st-right.st-hidden .st-toggle .st-left {
2026-01-08T02:35:03:   display: inline-block;
2026-01-08T02:35:03: }#st-2:hover .st-toggle {
2026-01-08T02:35:03:   right: 0;
2026-01-08T02:35:03: }
2026-01-08T02:35:03: #st-2.st-hidden:hover .st-toggle {
2026-01-08T02:35:03:   right: 48px;
2026-01-08T02:35:03: }
2026-01-08T02:35:03: #st-2.st-toggleable:hover .st-btn.st-last {
2026-01-08T02:35:03:   border-bottom-left-radius: 0;
2026-01-08T02:35:03: }
2026-01-08T02:35:03: #st-2.st-toggleable:hover .st-btn.st-last:hover {
2026-01-08T02:35:03:   border-bottom-left-radius: 4px;
2026-01-08T02:35:03: }
2026-01-08T02:35:03: #st-2 .st-btn:hover {
2026-01-08T02:35:03:   border-bottom-left-radius: 4px;
2026-01-08T02:35:03:   border-top-left-radius: 4px;
2026-01-08T02:35:03: }
2026-01-08T02:35:03: #st-2.st-has-labels .st-btn:hover {
2026-01-08T02:35:03:   width: 120px;
2026-01-08T02:35:03: }
2026-01-08T02:35:03: #st-2:not(.st-has-labels) .st-btn:hover {
2026-01-08T02:35:03:   width: 62px;
2026-01-08T02:35:03: }
2026-01-08T02:35:03: #st-2 .st-btn.st-hide-label:hover {
2026-01-08T02:35:03:   width: 62px;
2026-01-08T02:35:03: }
2026-01-08T02:35:03: #st-2 .st-btn:hover > svg {
2026-01-08T02:35:03:   margin-left: 5px;
2026-01-08T02:35:03: }
2026-01-08T02:35:03: #st-2 .st-btn:hover > img {
2026-01-08T02:35:03:   margin-left: 5px;
2026-01-08T02:35:03: }
2026-01-08T02:35:03: #st-2 .st-btn:hover > span {
2026-01-08T02:35:03:   opacity: 1;
2026-01-08T02:35:03:   display: inline-block;
2026-01-08T02:35:03:   left: 0;
2026-01-08T02:35:03:   filter: alpha(opacity=100);
2026-01-08T02:35:03: }
2026-01-08T02:35:03: @media (max-width: 1024px) {
2026-01-08T02:35:03:   #st-2 .st-btn:hover > svg {
2026-01-08T02:35:03:     margin-left: 0;
2026-01-08T02:35:03:   }
2026-01-08T02:35:03:   #st-2 .st-btn:hover > span {
2026-01-08T02:35:03:     display: none;
2026-01-08T02:35:03:   }
2026-01-08T02:35:03: }@media (max-width: 1024px) {
2026-01-08T02:35:03:   #st-2 {
2026-01-08T02:35:03:   bottom: 0;
2026-01-08T02:35:03:   display: none;
2026-01-08T02:35:03:   left: 0;
2026-01-08T02:35:03:   right: 0;
2026-01-08T02:35:03:   top: auto;
2026-01-08T02:35:03:   width: 100%;
2026-01-08T02:35:03: }
2026-01-08T02:35:03: #st-2.st-hidden {
2026-01-08T02:35:03:   bottom: -48px;
2026-01-08T02:35:03:   width: 100%;
2026-01-08T02:35:03: }
2026-01-08T02:35:03: #st-2.st-hidden.st-left {
2026-01-08T02:35:03:   left: 0;
2026-01-08T02:35:03: }
2026-01-08T02:35:03: #st-2.st-hidden.st-right {
2026-01-08T02:35:03:   right: 0;
2026-01-08T02:35:03: }
2026-01-08T02:35:03: #st-2 > div {
2026-01-08T02:35:03:   -moz-flex: 1;
2026-01-08T02:35:03:   -ms-flex: 1;
2026-01-08T02:35:03:   -webkit-flex: 1;
2026-01-08T02:35:03:   clear: none;
2026-01-08T02:35:03:   flex: 1;
2026-01-08T02:35:03:   float: none;
2026-01-08T02:35:03: }
2026-01-08T02:35:03: #st-2 .st-total {
2026-01-08T02:35:03:   background: #fff;
2026-01-08T02:35:03:   padding: 6px 8px;
2026-01-08T02:35:03: }
2026-01-08T02:35:03: #st-2 .st-btn {
2026-01-08T02:35:03:   -moz-border-radius: 0 !important;
2026-01-08T02:35:03: -webkit-border-radius: 0 !important;
2026-01-08T02:35:03: border-radius: 0 !important;
2026-01-08T02:35:03:   text-align: center;
2026-01-08T02:35:03:   width: auto;
2026-01-08T02:35:03: }
2026-01-08T02:35:03: #st-2 .st-btn > span {
2026-01-08T02:35:03:   display: none;
2026-01-08T02:35:03: }
2026-01-08T02:35:03: #st-2 .st-toggle {
2026-01-08T02:35:03:   display: none;
2026-01-08T02:35:03: }
2026-01-08T02:35:03: }#st-2 .st-btn[data-network='facebook'] {
2026-01-08T02:35:03:   background-color: #4267B2
2026-01-08T02:35:03: }
2026-01-08T02:35:03: #st-2 .st-btn[data-network='facebook'] img {
2026-01-08T02:35:03:   filter: 
2026-01-08T02:35:03: }
2026-01-08T02:35:03: #st-2 .st-btn[data-network='facebook'] > span {
2026-01-08T02:35:03:   color: #fff
2026-01-08T02:35:03: }
2026-01-08T02:35:03: #st-2 .st-btn[data-network='twitter'] {
2026-01-08T02:35:03:   background-color: #000000
2026-01-08T02:35:03: }
2026-01-08T02:35:03: #st-2 .st-btn[data-network='twitter'] img {
2026-01-08T02:35:03:   filter: 
2026-01-08T02:35:03: }
2026-01-08T02:35:03: #st-2 .st-btn[data-network='twitter'] > span {
2026-01-08T02:35:03:   color: #fff
2026-01-08T02:35:03: }
2026-01-08T02:35:03: #st-2 .st-btn[data-network='whatsapp'] {
2026-01-08T02:35:03:   background-color: #25d366
2026-01-08T02:35:03: }
2026-01-08T02:35:03: #st-2 .st-btn[data-network='whatsapp'] img {
2026-01-08T02:35:03:   filter: 
2026-01-08T02:35:03: }
2026-01-08T02:35:03: #st-2 .st-btn[data-network='whatsapp'] > span {
2026-01-08T02:35:03:   color: #fff
2026-01-08T02:35:03: }
2026-01-08T02:35:03: #st-2 .st-btn[data-network='email'] {
2026-01-08T02:35:03:   background-color: #7d7d7d
2026-01-08T02:35:03: }
2026-01-08T02:35:03: #st-2 .st-btn[data-network='email'] img {
2026-01-08T02:35:03:   filter: 
2026-01-08T02:35:03: }
2026-01-08T02:35:03: #st-2 .st-btn[data-network='email'] > span {
2026-01-08T02:35:03:   color: #fff
2026-01-08T02:35:03: }
2026-01-08T02:35:03: #st-2 .st-btn[data-network='sharethis'] {
2026-01-08T02:35:03:   background-color: #95D03A
2026-01-08T02:35:03: }
2026-01-08T02:35:03: #st-2 .st-btn[data-network='sharethis'] img {
2026-01-08T02:35:03:   filter: 
2026-01-08T02:35:03: }
2026-01-08T02:35:03: #st-2 .st-btn[data-network='sharethis'] > span {
2026-01-08T02:35:03:   color: #fff
2026-01-08T02:35:03: }#st-2 .st-btn[data-network='snapchat'] > span {
2026-01-08T02:35:03:   color: #333};
2026-01-08T02:35:03: }#st-2 .st-btn[data-network='copy']:hover {
2026-01-08T02:35:03:   width: max-content;
2026-01-08T02:35:03: }
2026-01-08T02:35:04: scraper > isProbablyReaderable: true
2026-01-08T02:35:04: scraper > Readability parse OK. content length: 1523
2026-01-08T02:35:04: scraper > Lines from Readability: 96
2026-01-08T02:35:04: 
2026-01-08T02:35:04: ──────── FALLBACK #1 (DENSE BLOCK) ────────
2026-01-08T02:35:04: 
2026-01-08T02:35:04: ──────── FALLBACK #2 (SITE-AWARE) ────────
2026-01-08T02:35:04: 
2026-01-08T02:35:04: ──────── RESULT ────────
2026-01-08T02:35:04: scraper > Used Readability: true Useful: true
2026-01-08T02:35:04: scraper > Final URL: https://songsofpraise.in/aasman-pe-nazar-aaye/
2026-01-08T02:35:04: scraper > Total lines: 96
2026-01-08T02:35:04: scraper > Preview: Gm                Eb |  | Aasman pe nazar aaye |  | Gm         Eb |  | Tera jalaal khuda |  | F |  | Aur zameen pe |  | Dm |  | Tere haathon ka |  | Eb         Gm |  | Hai kamaal khuda |  | Gm       Eb         F |  | Tera kanoon bhala hai |  | Gm |  | Jo akl deta hai |  | Bb         F |  | Tera kano…
2026-01-08T02:35:04: scraper > Browser context closed.
2026-01-08T02:36:11: 
2026-01-08T02:36:11: ──────── REQUEST ────────
2026-01-08T02:36:11: scraper > songName: aashma
2026-01-08T02:36:11: scraper > linkIndex (raw): 0
2026-01-08T02:36:11: 
2026-01-08T02:36:11: ──────── GOOGLE SEARCH ────────
2026-01-08T02:36:11: scraper > Searching Google for: aashma
2026-01-08T02:36:11: scraper > Using API Key: AIza****3tvo
2026-01-08T02:36:11: scraper > Final query sent: "aashma lyrics and chords"
2026-01-08T02:36:11: scraper > Using GOOGLE_NOBILLING_API_KEY_2: AIza****sgEQ
2026-01-08T02:36:11: scraper > Using SEARCHENGINE_ID_2: 055c81ad25228427a
2026-01-08T02:36:12: scraper > Google returned 8 results
2026-01-08T02:36:12: scraper > [0] ASHMA CHORDS by Neetesh Jung Kunwar for guitar, ukulele and ... :: https://tabs.ultimate-guitar.com/tab/neetesh-jung-kunwar/ashma-chords-2433125
2026-01-08T02:36:12: scraper > [1] Neele Aasman Ke Paar Jayenge - Easy Guitar Chords :: https://www.yeshukegeet.com/post/neele-aasman-ke-paar-jayenge-easy-guitar-chords
2026-01-08T02:36:12: scraper > [2] AASMA SE BHI CHORDS by Amit Kamble @ Ultimate-Guitar.Com :: https://tabs.ultimate-guitar.com/tab/amit-kamble/aasma-se-bhi-chords-1466880
2026-01-08T02:36:12: scraper > [3] Aasman Pe Nazar Aaye (आसमां पे नज़र आये) Lyrics & Chords :: https://songsofpraise.in/aasman-pe-nazar-aaye/
2026-01-08T02:36:12: scraper > [4] SILSILA - NEELA AASMAN SO GAYA CHORDS by Misc Soundtrack ... :: https://tabs.ultimate-guitar.com/tab/misc-soundtrack/silsila-neela-aasman-so-gaya-chords-3140429
2026-01-08T02:36:12: scraper > [5] Alag Aasman Uke tab by Anuv Jain - Ukulele Tabs :: https://www.ukulele-tabs.com/uke-songs/anuv-jain/alag-aasman-uke-tab-75392.html
2026-01-08T02:36:12: scraper > [6] Aaj Mai Upar Aasman Niche Chords & Lyrics | Indichords :: https://indichords.com/song/1673/aaj-mai-upar-aasman-niche-kavita-krishnamurthy-kumar-sanu-jatin-lalit
2026-01-08T02:36:12: scraper > [7] Ma Pani Ta Kunai Aashma | Prakash Shrestha | Lyrics, Chords, MP3 ... :: https://www.tunesnepal.com/prakash-shrestha/ma-pani-ta-kunai-aashma
2026-01-08T02:36:12: scraper > Sorted by (lyrics/chords) score.
2026-01-08T02:36:12: scraper > Chosen URL: https://songsofpraise.in/aasman-pe-nazar-aaye/
2026-01-08T02:36:12: scraper > Chosen Title: Aasman Pe Nazar Aaye (आसमां पे नज़र आये) Lyrics & Chords
2026-01-08T02:36:12: 
2026-01-08T02:36:12: ──────── NAVIGATE ────────
2026-01-08T02:36:13: scraper > page.goto done. Final URL: https://songsofpraise.in/aasman-pe-nazar-aaye/
2026-01-08T02:36:13: scraper > HTTP status: 200
2026-01-08T02:36:25: scraper > networkidle wait skipped/timeout
2026-01-08T02:36:25: scraper > Page title: Aasman Pe Nazar Aaye (आसमां पे नज़र आये) Lyrics & Chords
2026-01-08T02:36:25: scraper > HTML length: 405868
2026-01-08T02:36:25: 
2026-01-08T02:36:25: ──────── READABILITY ────────
2026-01-08T02:36:25: Error: Could not parse CSS stylesheet
2026-01-08T02:36:25:     at exports.createStylesheet (/home/ubuntu/Projects/oracle24hrs/node_modules/jsdom/lib/jsdom/living/helpers/stylesheets.js:37:21)
2026-01-08T02:36:25:     at HTMLStyleElementImpl._updateAStyleBlock (/home/ubuntu/Projects/oracle24hrs/node_modules/jsdom/lib/jsdom/living/nodes/HTMLStyleElement-impl.js:67:5)
2026-01-08T02:36:25:     at HTMLStyleElementImpl._poppedOffStackOfOpenElements (/home/ubuntu/Projects/oracle24hrs/node_modules/jsdom/lib/jsdom/living/nodes/HTMLStyleElement-impl.js:41:10)
2026-01-08T02:36:25:     at JSDOMParse5Adapter.onItemPop (/home/ubuntu/Projects/oracle24hrs/node_modules/jsdom/lib/jsdom/browser/parser/html.js:175:43)
2026-01-08T02:36:25:     at Parser.onItemPop (/home/ubuntu/Projects/oracle24hrs/node_modules/parse5/dist/cjs/parser/index.js:176:90)
2026-01-08T02:36:25:     at OpenElementStack.pop (/home/ubuntu/Projects/oracle24hrs/node_modules/parse5/dist/cjs/parser/open-element-stack.js:83:22)
2026-01-08T02:36:25:     at endTagInText (/home/ubuntu/Projects/oracle24hrs/node_modules/parse5/dist/cjs/parser/index.js:2353:20)
2026-01-08T02:36:25:     at Parser._endTagOutsideForeignContent (/home/ubuntu/Projects/oracle24hrs/node_modules/parse5/dist/cjs/parser/index.js:992:17)
2026-01-08T02:36:25:     at Parser.onEndTag (/home/ubuntu/Projects/oracle24hrs/node_modules/parse5/dist/cjs/parser/index.js:957:18)
2026-01-08T02:36:25:     at Tokenizer.emitCurrentTagToken (/home/ubuntu/Projects/oracle24hrs/node_modules/parse5/dist/cjs/tokenizer/index.js:385:26) #st-2 {
2026-01-08T02:36:25:   font-family: "Helvetica Neue", Verdana, Helvetica, Arial, sans-serif;;
2026-01-08T02:36:25:   -moz-transition: all 0.2s ease-in; -ms-transition: all 0.2s ease-in; -o-transition: all 0.2s ease-in; -webkit-transition: all 0.2s ease-in; transition: all 0.2s ease-in;
2026-01-08T02:36:25:   backface-visibility: hidden;
2026-01-08T02:36:25:   display: block;
2026-01-08T02:36:25:   position: fixed;
2026-01-08T02:36:25:   opacity: 1;
2026-01-08T02:36:25:   text-align: left;
2026-01-08T02:36:25:   top: 160px;
2026-01-08T02:36:25:   z-index: 94034;
2026-01-08T02:36:25: }
2026-01-08T02:36:25: #st-2.st-right {
2026-01-08T02:36:25:   right: 0px;
2026-01-08T02:36:25: }
2026-01-08T02:36:25: #st-2.st-hidden.st-right {
2026-01-08T02:36:25:   right: -48px;
2026-01-08T02:36:25: }
2026-01-08T02:36:25: #st-2.st-hidden {
2026-01-08T02:36:25:   width: 96px;
2026-01-08T02:36:25: }
2026-01-08T02:36:25: #st-2.st-preview {
2026-01-08T02:36:25:   display: none!important;
2026-01-08T02:36:25:   opacity: 0!important;
2026-01-08T02:36:25: }
2026-01-08T02:36:25: #st-2 > div {
2026-01-08T02:36:25:   clear: right;
2026-01-08T02:36:25:   float: right;
2026-01-08T02:36:25: }
2026-01-08T02:36:25: #st-2 .st-btn {
2026-01-08T02:36:25:   -moz-box-sizing: border-box;
2026-01-08T02:36:25: -webkit-box-sizing: border-box;
2026-01-08T02:36:25: box-sizing: border-box;
2026-01-08T02:36:25:   -moz-transition: all 0.2s ease-in; -ms-transition: all 0.2s ease-in; -o-transition: all 0.2s ease-in; -webkit-transition: all 0.2s ease-in; transition: all 0.2s ease-in;
2026-01-08T02:36:25:   border: none;
2026-01-08T02:36:25:   cursor: pointer;
2026-01-08T02:36:25:   display: inline-block;
2026-01-08T02:36:25:   font-size: 16px;
2026-01-08T02:36:25:   height: 48px;
2026-01-08T02:36:25:   line-height: 24px;
2026-01-08T02:36:25:   margin-bottom: 0;
2026-01-08T02:36:25:   opacity: 1;
2026-01-08T02:36:25:   overflow: hidden;
2026-01-08T02:36:25:   padding: 12px;
2026-01-08T02:36:25:   position: relative;
2026-01-08T02:36:25:   text-align: left;
2026-01-08T02:36:25:   top: 0;
2026-01-08T02:36:25:   vertical-align: top;
2026-01-08T02:36:25:   white-space: nowrap;
2026-01-08T02:36:25:   width: 48px;
2026-01-08T02:36:25: }
2026-01-08T02:36:25: #st-2 .st-btn.st-first {
2026-01-08T02:36:25:   border-top: none;
2026-01-08T02:36:25:   border-top-left-radius: 4px;
2026-01-08T02:36:25: }
2026-01-08T02:36:25: #st-2 .st-btn.st-last {
2026-01-08T02:36:25:   border-bottom: none;
2026-01-08T02:36:25:   border-bottom-left-radius: 4px;
2026-01-08T02:36:25: }
2026-01-08T02:36:25: #st-2 .st-btn > svg {
2026-01-08T02:36:25:   -moz-transition: all 0.2s ease-in; -ms-transition: all 0.2s ease-in; -o-transition: all 0.2s ease-in; -webkit-transition: all 0.2s ease-in; transition: all 0.2s ease-in;
2026-01-08T02:36:25:   height: 24px;
2026-01-08T02:36:25:   margin-left: 0;
2026-01-08T02:36:25:   vertical-align: top;
2026-01-08T02:36:25:   width: 24px;
2026-01-08T02:36:25: }
2026-01-08T02:36:25: #st-2 .st-btn > img {
2026-01-08T02:36:25:   -moz-transition: all 0.2s ease-in; -ms-transition: all 0.2s ease-in; -o-transition: all 0.2s ease-in; -webkit-transition: all 0.2s ease-in; transition: all 0.2s ease-in;
2026-01-08T02:36:25:   height: 24px;
2026-01-08T02:36:25:   margin-left: 0;
2026-01-08T02:36:25:   vertical-align: top;
2026-01-08T02:36:25:   width: 24px;
2026-01-08T02:36:25: }
2026-01-08T02:36:25: #st-2 .st-btn > span {
2026-01-08T02:36:25:   -moz-transition: all 0.2s ease-in; -ms-transition: all 0.2s ease-in; -o-transition: all 0.2s ease-in; -webkit-transition: all 0.2s ease-in; transition: all 0.2s ease-in;
2026-01-08T02:36:25:   color: #fff;
2026-01-08T02:36:25:   display: inline-block;
2026-01-08T02:36:25:   font-weight: 500;
2026-01-08T02:36:25:   left: -35px;
2026-01-08T02:36:25:   letter-spacing: 0.5px;
2026-01-08T02:36:25:   opacity: 0;
2026-01-08T02:36:25:   padding: 0 6px;
2026-01-08T02:36:25:   position: relative;
2026-01-08T02:36:25:   vertical-align: top;
2026-01-08T02:36:25:   filter: alpha(opacity=0);
2026-01-08T02:36:25: }
2026-01-08T02:36:25: #st-2 .st-btn.st-hide-label > span {
2026-01-08T02:36:25:   display: none !important;
2026-01-08T02:36:25: }
2026-01-08T02:36:25: #st-2 .st-total {
2026-01-08T02:36:25:   -moz-transition: all 0.2s ease-in; -ms-transition: all 0.2s ease-in; -o-transition: all 0.2s ease-in; -webkit-transition: all 0.2s ease-in; transition: all 0.2s ease-in;
2026-01-08T02:36:25:   background: #fff;
2026-01-08T02:36:25:   color: #555;
2026-01-08T02:36:25:   display: inline-block;
2026-01-08T02:36:25:   font-weight: 500;
2026-01-08T02:36:25:   line-height: 18px;
2026-01-08T02:36:25:   margin-right: 0;
2026-01-08T02:36:25:   min-height: 34px;
2026-01-08T02:36:25:   max-width: 80px;
2026-01-08T02:36:25:   opacity: 1;
2026-01-08T02:36:25:   padding: 4px 0;
2026-01-08T02:36:25:   text-align: center;
2026-01-08T02:36:25:   width: 48px;
2026-01-08T02:36:25: }
2026-01-08T02:36:25: #st-2 .st-total.st-hidden {
2026-01-08T02:36:25:   display: none;
2026-01-08T02:36:25: }
2026-01-08T02:36:25: #st-2 .st-total > span {
2026-01-08T02:36:25:   display: block;
2026-01-08T02:36:25:   font-size: 18px;
2026-01-08T02:36:25:   line-height: 21px;
2026-01-08T02:36:25:   padding: 0;
2026-01-08T02:36:25: }
2026-01-08T02:36:25: #st-2 .st-total > span.st-shares {
2026-01-08T02:36:25:   font-size: 11px;
2026-01-08T02:36:25:   line-height: 11px;
2026-01-08T02:36:25: }
2026-01-08T02:36:25: #st-2 .st-toggle {
2026-01-08T02:36:25:   right: -48px;
2026-01-08T02:36:25:   -moz-transition: all 0.2s ease-in; -ms-transition: all 0.2s ease-in; -o-transition: all 0.2s ease-in; -webkit-transition: all 0.2s ease-in; transition: all 0.2s ease-in;
2026-01-08T02:36:25:   background: #ccc;
2026-01-08T02:36:25:   border-bottom-left-radius: 4px;
2026-01-08T02:36:25:   color: white;
2026-01-08T02:36:25:   cursor: pointer;
2026-01-08T02:36:25:   font-size: 24px;
2026-01-08T02:36:25:   line-height: 24px;
2026-01-08T02:36:25:   position: relative;
2026-01-08T02:36:25:   text-align: center;
2026-01-08T02:36:25:   width: 48px;
2026-01-08T02:36:25: }
2026-01-08T02:36:25: #st-2.st-hidden .st-toggle {
2026-01-08T02:36:25:   border-top-left-radius: 4px;
2026-01-08T02:36:25: }
2026-01-08T02:36:25: #st-2.st-right .st-toggle .st-right {
2026-01-08T02:36:25:   display: inline-block;
2026-01-08T02:36:25: }
2026-01-08T02:36:25: #st-2.st-right.st-hidden .st-toggle .st-right {
2026-01-08T02:36:25:   display: none;
2026-01-08T02:36:25: }
2026-01-08T02:36:25: #st-2.st-right .st-toggle .st-left {
2026-01-08T02:36:25:   display: none;
2026-01-08T02:36:25: }
2026-01-08T02:36:25: #st-2.st-right.st-hidden .st-toggle .st-left {
2026-01-08T02:36:25:   display: inline-block;
2026-01-08T02:36:25: }#st-2:hover .st-toggle {
2026-01-08T02:36:25:   right: 0;
2026-01-08T02:36:25: }
2026-01-08T02:36:25: #st-2.st-hidden:hover .st-toggle {
2026-01-08T02:36:25:   right: 48px;
2026-01-08T02:36:25: }
2026-01-08T02:36:25: #st-2.st-toggleable:hover .st-btn.st-last {
2026-01-08T02:36:25:   border-bottom-left-radius: 0;
2026-01-08T02:36:25: }
2026-01-08T02:36:25: #st-2.st-toggleable:hover .st-btn.st-last:hover {
2026-01-08T02:36:25:   border-bottom-left-radius: 4px;
2026-01-08T02:36:25: }
2026-01-08T02:36:25: #st-2 .st-btn:hover {
2026-01-08T02:36:25:   border-bottom-left-radius: 4px;
2026-01-08T02:36:25:   border-top-left-radius: 4px;
2026-01-08T02:36:25: }
2026-01-08T02:36:25: #st-2.st-has-labels .st-btn:hover {
2026-01-08T02:36:25:   width: 120px;
2026-01-08T02:36:25: }
2026-01-08T02:36:25: #st-2:not(.st-has-labels) .st-btn:hover {
2026-01-08T02:36:25:   width: 62px;
2026-01-08T02:36:25: }
2026-01-08T02:36:25: #st-2 .st-btn.st-hide-label:hover {
2026-01-08T02:36:25:   width: 62px;
2026-01-08T02:36:25: }
2026-01-08T02:36:25: #st-2 .st-btn:hover > svg {
2026-01-08T02:36:25:   margin-left: 5px;
2026-01-08T02:36:25: }
2026-01-08T02:36:25: #st-2 .st-btn:hover > img {
2026-01-08T02:36:25:   margin-left: 5px;
2026-01-08T02:36:25: }
2026-01-08T02:36:25: #st-2 .st-btn:hover > span {
2026-01-08T02:36:25:   opacity: 1;
2026-01-08T02:36:25:   display: inline-block;
2026-01-08T02:36:25:   left: 0;
2026-01-08T02:36:25:   filter: alpha(opacity=100);
2026-01-08T02:36:25: }
2026-01-08T02:36:25: @media (max-width: 1024px) {
2026-01-08T02:36:25:   #st-2 .st-btn:hover > svg {
2026-01-08T02:36:25:     margin-left: 0;
2026-01-08T02:36:25:   }
2026-01-08T02:36:25:   #st-2 .st-btn:hover > span {
2026-01-08T02:36:25:     display: none;
2026-01-08T02:36:25:   }
2026-01-08T02:36:25: }@media (max-width: 1024px) {
2026-01-08T02:36:25:   #st-2 {
2026-01-08T02:36:25:   bottom: 0;
2026-01-08T02:36:25:   display: none;
2026-01-08T02:36:25:   left: 0;
2026-01-08T02:36:25:   right: 0;
2026-01-08T02:36:25:   top: auto;
2026-01-08T02:36:25:   width: 100%;
2026-01-08T02:36:25: }
2026-01-08T02:36:25: #st-2.st-hidden {
2026-01-08T02:36:25:   bottom: -48px;
2026-01-08T02:36:25:   width: 100%;
2026-01-08T02:36:25: }
2026-01-08T02:36:25: #st-2.st-hidden.st-left {
2026-01-08T02:36:25:   left: 0;
2026-01-08T02:36:25: }
2026-01-08T02:36:25: #st-2.st-hidden.st-right {
2026-01-08T02:36:25:   right: 0;
2026-01-08T02:36:25: }
2026-01-08T02:36:25: #st-2 > div {
2026-01-08T02:36:25:   -moz-flex: 1;
2026-01-08T02:36:25:   -ms-flex: 1;
2026-01-08T02:36:25:   -webkit-flex: 1;
2026-01-08T02:36:25:   clear: none;
2026-01-08T02:36:25:   flex: 1;
2026-01-08T02:36:25:   float: none;
2026-01-08T02:36:25: }
2026-01-08T02:36:25: #st-2 .st-total {
2026-01-08T02:36:25:   background: #fff;
2026-01-08T02:36:25:   padding: 6px 8px;
2026-01-08T02:36:25: }
2026-01-08T02:36:25: #st-2 .st-btn {
2026-01-08T02:36:25:   -moz-border-radius: 0 !important;
2026-01-08T02:36:25: -webkit-border-radius: 0 !important;
2026-01-08T02:36:25: border-radius: 0 !important;
2026-01-08T02:36:25:   text-align: center;
2026-01-08T02:36:25:   width: auto;
2026-01-08T02:36:25: }
2026-01-08T02:36:25: #st-2 .st-btn > span {
2026-01-08T02:36:25:   display: none;
2026-01-08T02:36:25: }
2026-01-08T02:36:25: #st-2 .st-toggle {
2026-01-08T02:36:25:   display: none;
2026-01-08T02:36:25: }
2026-01-08T02:36:25: }#st-2 .st-btn[data-network='facebook'] {
2026-01-08T02:36:25:   background-color: #4267B2
2026-01-08T02:36:25: }
2026-01-08T02:36:25: #st-2 .st-btn[data-network='facebook'] img {
2026-01-08T02:36:25:   filter: 
2026-01-08T02:36:25: }
2026-01-08T02:36:25: #st-2 .st-btn[data-network='facebook'] > span {
2026-01-08T02:36:25:   color: #fff
2026-01-08T02:36:25: }
2026-01-08T02:36:25: #st-2 .st-btn[data-network='twitter'] {
2026-01-08T02:36:25:   background-color: #000000
2026-01-08T02:36:25: }
2026-01-08T02:36:25: #st-2 .st-btn[data-network='twitter'] img {
2026-01-08T02:36:25:   filter: 
2026-01-08T02:36:25: }
2026-01-08T02:36:25: #st-2 .st-btn[data-network='twitter'] > span {
2026-01-08T02:36:25:   color: #fff
2026-01-08T02:36:25: }
2026-01-08T02:36:25: #st-2 .st-btn[data-network='whatsapp'] {
2026-01-08T02:36:25:   background-color: #25d366
2026-01-08T02:36:25: }
2026-01-08T02:36:25: #st-2 .st-btn[data-network='whatsapp'] img {
2026-01-08T02:36:25:   filter: 
2026-01-08T02:36:25: }
2026-01-08T02:36:25: #st-2 .st-btn[data-network='whatsapp'] > span {
2026-01-08T02:36:25:   color: #fff
2026-01-08T02:36:25: }
2026-01-08T02:36:25: #st-2 .st-btn[data-network='email'] {
2026-01-08T02:36:25:   background-color: #7d7d7d
2026-01-08T02:36:25: }
2026-01-08T02:36:25: #st-2 .st-btn[data-network='email'] img {
2026-01-08T02:36:25:   filter: 
2026-01-08T02:36:25: }
2026-01-08T02:36:25: #st-2 .st-btn[data-network='email'] > span {
2026-01-08T02:36:25:   color: #fff
2026-01-08T02:36:25: }
2026-01-08T02:36:25: #st-2 .st-btn[data-network='sharethis'] {
2026-01-08T02:36:25:   background-color: #95D03A
2026-01-08T02:36:25: }
2026-01-08T02:36:25: #st-2 .st-btn[data-network='sharethis'] img {
2026-01-08T02:36:25:   filter: 
2026-01-08T02:36:25: }
2026-01-08T02:36:25: #st-2 .st-btn[data-network='sharethis'] > span {
2026-01-08T02:36:25:   color: #fff
2026-01-08T02:36:25: }#st-2 .st-btn[data-network='snapchat'] > span {
2026-01-08T02:36:25:   color: #333};
2026-01-08T02:36:25: }#st-2 .st-btn[data-network='copy']:hover {
2026-01-08T02:36:25:   width: max-content;
2026-01-08T02:36:25: }
2026-01-08T02:36:26: scraper > isProbablyReaderable: true
2026-01-08T02:36:26: scraper > Readability parse OK. content length: 1523
2026-01-08T02:36:26: scraper > Lines from Readability: 96
2026-01-08T02:36:26: 
2026-01-08T02:36:26: ──────── FALLBACK #1 (DENSE BLOCK) ────────
2026-01-08T02:36:26: 
2026-01-08T02:36:26: ──────── FALLBACK #2 (SITE-AWARE) ────────
2026-01-08T02:36:26: 
2026-01-08T02:36:26: ──────── RESULT ────────
2026-01-08T02:36:26: scraper > Used Readability: true Useful: true
2026-01-08T02:36:26: scraper > Final URL: https://songsofpraise.in/aasman-pe-nazar-aaye/
2026-01-08T02:36:26: scraper > Total lines: 96
2026-01-08T02:36:26: scraper > Preview: Gm                Eb |  | Aasman pe nazar aaye |  | Gm         Eb |  | Tera jalaal khuda |  | F |  | Aur zameen pe |  | Dm |  | Tere haathon ka |  | Eb         Gm |  | Hai kamaal khuda |  | Gm       Eb         F |  | Tera kanoon bhala hai |  | Gm |  | Jo akl deta hai |  | Bb         F |  | Tera kano…
2026-01-08T02:36:26: scraper > Browser context closed.
2026-01-08T02:36:47: 
2026-01-08T02:36:47: ──────── REQUEST ────────
2026-01-08T02:36:47: scraper > songName: najeek bimbakaash
2026-01-08T02:36:47: scraper > linkIndex (raw): 0
2026-01-08T02:36:47: 
2026-01-08T02:36:47: ──────── GOOGLE SEARCH ────────
2026-01-08T02:36:47: scraper > Searching Google for: najeek bimbakaash
2026-01-08T02:36:47: scraper > Using API Key: AIza****3tvo
2026-01-08T02:36:47: scraper > Final query sent: "najeek bimbakaash lyrics and chords"
2026-01-08T02:36:47: scraper > Using GOOGLE_NOBILLING_API_KEY_2: AIza****sgEQ
2026-01-08T02:36:47: scraper > Using SEARCHENGINE_ID_2: 055c81ad25228427a
2026-01-08T02:36:48: scraper > Google returned 2 results
2026-01-08T02:36:48: scraper > [0] Bimbaakash | Bartika Eam Rai | Lyrics, Chords, MP3 | TunesNepal :: https://www.tunesnepal.com/bartika-eam-rai/bimbaakash
2026-01-08T02:36:48: scraper > [1] Bimbaakash Lyrics and Music Video By Bartika Eam Rai | Music ... :: https://lyrics.musiccafenepal.com/bartika-eam-rai/bimbaakash
2026-01-08T02:36:48: scraper > Sorted by (lyrics/chords) score.
2026-01-08T02:36:48: scraper > Chosen URL: https://www.tunesnepal.com/bartika-eam-rai/bimbaakash
2026-01-08T02:36:48: scraper > Chosen Title: Bimbaakash | Bartika Eam Rai | Lyrics, Chords, MP3 | TunesNepal
2026-01-08T02:36:48: 
2026-01-08T02:36:48: ──────── NAVIGATE ────────
2026-01-08T02:36:51: scraper > page.goto done. Final URL: https://www.tunesnepal.com/bartika-eam-rai/bimbaakash
2026-01-08T02:36:51: scraper > HTTP status: 200
2026-01-08T02:36:55: scraper > Page title: Bimbaakash | Bartika Eam Rai | Lyrics, Chords, MP3 | TunesNepal
2026-01-08T02:36:55: scraper > HTML length: 84154
2026-01-08T02:36:55: 
2026-01-08T02:36:55: ──────── READABILITY ────────
2026-01-08T02:36:55: scraper > isProbablyReaderable: true
2026-01-08T02:36:55: scraper > Readability parse OK. content length: 2837
2026-01-08T02:36:56: scraper > Lines from Readability: 101
2026-01-08T02:36:56: 
2026-01-08T02:36:56: ──────── FALLBACK #1 (DENSE BLOCK) ────────
2026-01-08T02:36:56: 
2026-01-08T02:36:56: ──────── FALLBACK #2 (SITE-AWARE) ────────
2026-01-08T02:36:56: 
2026-01-08T02:36:56: ──────── RESULT ────────
2026-01-08T02:36:56: scraper > Used Readability: true Useful: true
2026-01-08T02:36:56: scraper > Final URL: https://www.tunesnepal.com/bartika-eam-rai/bimbaakash
2026-01-08T02:36:56: scraper > Total lines: 101
2026-01-08T02:36:56: scraper > Preview: Ekaichin Abhinaya Garau Na | Bhanau Na Mero Timi | Timi Mero Chau Re | Harr Sajh Chiso rahena Bihani | Parkhna Ko Nimti Layak Vayou Re | Purana Sathi Haru Barey Bhanana | Kati Khushi Chau Ta Malai Sodhana | Timra Sapana Haru Ko Kura Sunau | Mera Sapana Haru Ma Timlai Sunauchu | Magdina Timro Sara Ju…
2026-01-08T02:36:56: scraper > Browser context closed.
2026-01-08T02:38:14: 
2026-01-08T02:38:14: ──────── REQUEST ────────
2026-01-08T02:38:14: scraper > songName: najeek bimbakaash
2026-01-08T02:38:14: scraper > linkIndex (raw): 1
2026-01-08T02:38:14: 
2026-01-08T02:38:14: ──────── GOOGLE SEARCH ────────
2026-01-08T02:38:14: scraper > Searching Google for: najeek bimbakaash
2026-01-08T02:38:14: scraper > Using API Key: AIza****3tvo
2026-01-08T02:38:14: scraper > Final query sent: "najeek bimbakaash lyrics and chords"
2026-01-08T02:38:14: scraper > Using GOOGLE_NOBILLING_API_KEY_2: AIza****sgEQ
2026-01-08T02:38:14: scraper > Using SEARCHENGINE_ID_2: 055c81ad25228427a
2026-01-08T02:38:14: scraper > Google returned 2 results
2026-01-08T02:38:14: scraper > [0] Bimbaakash | Bartika Eam Rai | Lyrics, Chords, MP3 | TunesNepal :: https://www.tunesnepal.com/bartika-eam-rai/bimbaakash
2026-01-08T02:38:14: scraper > [1] Bimbaakash Lyrics and Music Video By Bartika Eam Rai | Music ... :: https://lyrics.musiccafenepal.com/bartika-eam-rai/bimbaakash
2026-01-08T02:38:14: scraper > Sorted by (lyrics/chords) score.
2026-01-08T02:38:14: scraper > Chosen URL: https://lyrics.musiccafenepal.com/bartika-eam-rai/bimbaakash
2026-01-08T02:38:14: scraper > Chosen Title: Bimbaakash Lyrics and Music Video By Bartika Eam Rai | Music ...
2026-01-08T02:38:14: 
2026-01-08T02:38:14: ──────── NAVIGATE ────────
2026-01-08T02:38:19: scraper > page.goto done. Final URL: https://lyrics.musiccafenepal.com/bartika-eam-rai/bimbaakash
2026-01-08T02:38:19: scraper > HTTP status: 200
2026-01-08T02:38:25: scraper > Page title: Bimbaakash Lyrics and Music Video By Bartika Eam Rai | Music Cafe Nepal
2026-01-08T02:38:25: scraper > HTML length: 188925
2026-01-08T02:38:25: 
2026-01-08T02:38:25: ──────── READABILITY ────────
2026-01-08T02:38:25: scraper > isProbablyReaderable: true
2026-01-08T02:38:25: scraper > Readability parse OK. content length: 1857
2026-01-08T02:38:25: scraper > Lines from Readability: 2
2026-01-08T02:38:25: 
2026-01-08T02:38:25: ──────── FALLBACK #1 (DENSE BLOCK) ────────
2026-01-08T02:38:25: 
2026-01-08T02:38:25: ──────── FALLBACK #2 (SITE-AWARE) ────────
2026-01-08T02:38:25: 
2026-01-08T02:38:25: ──────── RESULT ────────
2026-01-08T02:38:25: scraper > Used Readability: true Useful: true
2026-01-08T02:38:25: scraper > Final URL: https://lyrics.musiccafenepal.com/bartika-eam-rai/bimbaakash
2026-01-08T02:38:25: scraper > Total lines: 2
2026-01-08T02:38:25: scraper > Preview: Ekaichin abhinaya garau na
2026-01-08T02:38:25: bhanau na mero timi,
2026-01-08T02:38:25: timi mero chau re
2026-01-08T02:38:25: harr sajh chiso
2026-01-08T02:38:25: rahena bihani
2026-01-08T02:38:25: parkhna ko nimti layak vayou re
2026-01-08T02:38:25: purana sathi haru barey bhana na
2026-01-08T02:38:25: kati khushi chau ta
2026-01-08T02:38:25: malai sodhana 
2026-01-08T02:38:25: timra sapana haru ko kura sunau
2026-01-08T02:38:25: mera sapana haru ma timlai sunauchu
2026-01-08T02:38:25: 
2026-01-08T02:38:25: magdina timro sara juni
2026-01-08T02:38:25: matra ekaic…
2026-01-08T02:38:26: scraper > Browser context closed.
2026-01-08T02:40:51: 
2026-01-08T02:40:51: ──────── REQUEST ────────
2026-01-08T02:40:51: scraper > songName: najeek bimbakaash
2026-01-08T02:40:51: scraper > linkIndex (raw): 1
2026-01-08T02:40:51: 
2026-01-08T02:40:51: ──────── GOOGLE SEARCH ────────
2026-01-08T02:40:51: scraper > Searching Google for: najeek bimbakaash
2026-01-08T02:40:51: scraper > Using API Key: AIza****3tvo
2026-01-08T02:40:51: scraper > Final query sent: "najeek bimbakaash lyrics and chords"
2026-01-08T02:40:51: scraper > Using GOOGLE_NOBILLING_API_KEY_2: AIza****sgEQ
2026-01-08T02:40:51: scraper > Using SEARCHENGINE_ID_2: 055c81ad25228427a
2026-01-08T02:40:51: scraper > Google returned 2 results
2026-01-08T02:40:51: scraper > [0] Bimbaakash | Bartika Eam Rai | Lyrics, Chords, MP3 | TunesNepal :: https://www.tunesnepal.com/bartika-eam-rai/bimbaakash
2026-01-08T02:40:51: scraper > [1] Bimbaakash Lyrics and Music Video By Bartika Eam Rai | Music ... :: https://lyrics.musiccafenepal.com/bartika-eam-rai/bimbaakash
2026-01-08T02:40:51: scraper > Sorted by (lyrics/chords) score.
2026-01-08T02:40:51: scraper > Chosen URL: https://lyrics.musiccafenepal.com/bartika-eam-rai/bimbaakash
2026-01-08T02:40:51: scraper > Chosen Title: Bimbaakash Lyrics and Music Video By Bartika Eam Rai | Music ...
2026-01-08T02:40:51: 
2026-01-08T02:40:51: ──────── NAVIGATE ────────
2026-01-08T02:40:53: scraper > page.goto done. Final URL: https://lyrics.musiccafenepal.com/bartika-eam-rai/bimbaakash
2026-01-08T02:40:53: scraper > HTTP status: 200
2026-01-08T02:40:58: scraper > Page title: Bimbaakash Lyrics and Music Video By Bartika Eam Rai | Music Cafe Nepal
2026-01-08T02:40:58: scraper > HTML length: 189357
2026-01-08T02:40:58: 
2026-01-08T02:40:58: ──────── READABILITY ────────
2026-01-08T02:40:59: scraper > isProbablyReaderable: true
2026-01-08T02:40:59: scraper > Readability parse OK. content length: 1857
2026-01-08T02:40:59: scraper > Lines from Readability: 2
2026-01-08T02:40:59: 
2026-01-08T02:40:59: ──────── FALLBACK #1 (DENSE BLOCK) ────────
2026-01-08T02:40:59: 
2026-01-08T02:40:59: ──────── FALLBACK #2 (SITE-AWARE) ────────
2026-01-08T02:40:59: 
2026-01-08T02:40:59: ──────── RESULT ────────
2026-01-08T02:40:59: scraper > Used Readability: true Useful: true
2026-01-08T02:40:59: scraper > Final URL: https://lyrics.musiccafenepal.com/bartika-eam-rai/bimbaakash
2026-01-08T02:40:59: scraper > Total lines: 2
2026-01-08T02:40:59: scraper > Preview: Ekaichin abhinaya garau na
2026-01-08T02:40:59: bhanau na mero timi,
2026-01-08T02:40:59: timi mero chau re
2026-01-08T02:40:59: harr sajh chiso
2026-01-08T02:40:59: rahena bihani
2026-01-08T02:40:59: parkhna ko nimti layak vayou re
2026-01-08T02:40:59: purana sathi haru barey bhana na
2026-01-08T02:40:59: kati khushi chau ta
2026-01-08T02:40:59: malai sodhana 
2026-01-08T02:40:59: timra sapana haru ko kura sunau
2026-01-08T02:40:59: mera sapana haru ma timlai sunauchu
2026-01-08T02:40:59: 
2026-01-08T02:40:59: magdina timro sara juni
2026-01-08T02:40:59: matra ekaic…
2026-01-08T02:40:59: scraper > Browser context closed.
2026-01-08T02:41:13: 
2026-01-08T02:41:13: ──────── REQUEST ────────
2026-01-08T02:41:13: scraper > songName: najeek bimbakaash
2026-01-08T02:41:13: scraper > linkIndex (raw): 1
2026-01-08T02:41:13: 
2026-01-08T02:41:13: ──────── GOOGLE SEARCH ────────
2026-01-08T02:41:13: scraper > Searching Google for: najeek bimbakaash
2026-01-08T02:41:13: scraper > Using API Key: AIza****3tvo
2026-01-08T02:41:13: scraper > Final query sent: "najeek bimbakaash lyrics and chords"
2026-01-08T02:41:13: scraper > Using GOOGLE_NOBILLING_API_KEY_2: AIza****sgEQ
2026-01-08T02:41:13: scraper > Using SEARCHENGINE_ID_2: 055c81ad25228427a
2026-01-08T02:41:13: scraper > Google returned 2 results
2026-01-08T02:41:13: scraper > [0] Bimbaakash | Bartika Eam Rai | Lyrics, Chords, MP3 | TunesNepal :: https://www.tunesnepal.com/bartika-eam-rai/bimbaakash
2026-01-08T02:41:13: scraper > [1] Bimbaakash Lyrics and Music Video By Bartika Eam Rai | Music ... :: https://lyrics.musiccafenepal.com/bartika-eam-rai/bimbaakash
2026-01-08T02:41:13: scraper > Sorted by (lyrics/chords) score.
2026-01-08T02:41:13: scraper > Chosen URL: https://lyrics.musiccafenepal.com/bartika-eam-rai/bimbaakash
2026-01-08T02:41:13: scraper > Chosen Title: Bimbaakash Lyrics and Music Video By Bartika Eam Rai | Music ...
2026-01-08T02:41:13: 
2026-01-08T02:41:13: ──────── NAVIGATE ────────
2026-01-08T02:41:15: scraper > page.goto done. Final URL: https://lyrics.musiccafenepal.com/bartika-eam-rai/bimbaakash
2026-01-08T02:41:15: scraper > HTTP status: 200
2026-01-08T02:41:27: scraper > networkidle wait skipped/timeout
2026-01-08T02:41:27: scraper > Page title: Bimbaakash Lyrics and Music Video By Bartika Eam Rai | Music Cafe Nepal
2026-01-08T02:41:27: scraper > HTML length: 189213
2026-01-08T02:41:27: 
2026-01-08T02:41:27: ──────── READABILITY ────────
2026-01-08T02:41:27: scraper > isProbablyReaderable: true
2026-01-08T02:41:27: scraper > Readability parse OK. content length: 1857
2026-01-08T02:41:27: scraper > Lines from Readability: 2
2026-01-08T02:41:27: 
2026-01-08T02:41:27: ──────── FALLBACK #1 (DENSE BLOCK) ────────
2026-01-08T02:41:27: 
2026-01-08T02:41:27: ──────── FALLBACK #2 (SITE-AWARE) ────────
2026-01-08T02:41:27: 
2026-01-08T02:41:27: ──────── RESULT ────────
2026-01-08T02:41:27: scraper > Used Readability: true Useful: true
2026-01-08T02:41:27: scraper > Final URL: https://lyrics.musiccafenepal.com/bartika-eam-rai/bimbaakash
2026-01-08T02:41:27: scraper > Total lines: 2
2026-01-08T02:41:27: scraper > Preview: Ekaichin abhinaya garau na
2026-01-08T02:41:27: bhanau na mero timi,
2026-01-08T02:41:27: timi mero chau re
2026-01-08T02:41:27: harr sajh chiso
2026-01-08T02:41:27: rahena bihani
2026-01-08T02:41:27: parkhna ko nimti layak vayou re
2026-01-08T02:41:27: purana sathi haru barey bhana na
2026-01-08T02:41:27: kati khushi chau ta
2026-01-08T02:41:27: malai sodhana 
2026-01-08T02:41:27: timra sapana haru ko kura sunau
2026-01-08T02:41:27: mera sapana haru ma timlai sunauchu
2026-01-08T02:41:27: 
2026-01-08T02:41:27: magdina timro sara juni
2026-01-08T02:41:27: matra ekaic…
2026-01-08T02:41:27: scraper > Browser context closed.
2026-01-08T02:41:39: 
2026-01-08T02:41:39: ──────── REQUEST ────────
2026-01-08T02:41:39: scraper > songName: arthur gunn ma
2026-01-08T02:41:39: scraper > linkIndex (raw): 0
2026-01-08T02:41:39: 
2026-01-08T02:41:39: ──────── GOOGLE SEARCH ────────
2026-01-08T02:41:39: scraper > Searching Google for: arthur gunn ma
2026-01-08T02:41:39: scraper > Using API Key: AIza****3tvo
2026-01-08T02:41:39: scraper > Final query sent: "arthur gunn ma lyrics and chords"
2026-01-08T02:41:39: scraper > Using GOOGLE_NOBILLING_API_KEY_2: AIza****sgEQ
2026-01-08T02:41:39: scraper > Using SEARCHENGINE_ID_2: 055c81ad25228427a
2026-01-08T02:41:39: scraper > Google returned 8 results
2026-01-08T02:41:39: scraper > [0] Dibesh Pokharel / Arthur Gunn - MA Chords - Chordify :: https://chordify.net/chords/dibesh-pokharel-arthur-gunn-ma-official-release-arthur-gunn
2026-01-08T02:41:39: scraper > [1] NYANO GHAR CHORDS by Arthur Gunn feat. Dibesh Pokharel ... :: https://tabs.ultimate-guitar.com/tab/arthur-gunn/nyano-ghar-chords-2959730
2026-01-08T02:41:39: scraper > [2] Arthur Gunn Chords & Tabs for Guitar, Ukulele, Bass, Drums at ... :: https://www.ultimate-guitar.com/artist/arthur_gunn_506837
2026-01-08T02:41:39: scraper > [3] JALAI MAI CHORDS by Arthur Gunn , Dibesh Pokhrel @ Ultimate ... :: https://tabs.ultimate-guitar.com/tab/arthur-gunn/jalai-mai-chords-3500681
2026-01-08T02:41:39: scraper > [4] Pralaya Uke tab by Arthur Gunn - Ukulele Tabs :: https://www.ukulele-tabs.com/uke-songs/arthur-gunn/pralaya-uke-tab-81430.html
2026-01-08T02:41:39: scraper > [5] PRALAYA CHORDS by Arthur Gunn @ Ultimate-Guitar.Com :: https://tabs.ultimate-guitar.com/tab/arthur-gunn/pralaya-chords-3629921
2026-01-08T02:41:39: scraper > [6] Nyano Ghar chords by Arthur Gunn - Mye Guitar :: https://www.mye-guitar.com/song/nyano-ghar
2026-01-08T02:41:39: scraper > [7] Nyano Ghar Chords, Lyrics and Music Video By Arthur Gunn ... :: https://tabs.musiccafenepal.com/arthur-gunn/nyano-ghar
2026-01-08T02:41:39: scraper > Sorted by (lyrics/chords) score.
2026-01-08T02:41:39: scraper > Chosen URL: https://tabs.musiccafenepal.com/arthur-gunn/nyano-ghar
2026-01-08T02:41:39: scraper > Chosen Title: Nyano Ghar Chords, Lyrics and Music Video By Arthur Gunn ...
2026-01-08T02:41:39: 
2026-01-08T02:41:39: ──────── NAVIGATE ────────
2026-01-08T02:41:41: scraper > page.goto done. Final URL: https://tabs.musiccafenepal.com/arthur-gunn/nyano-ghar
2026-01-08T02:41:41: scraper > HTTP status: 200
2026-01-08T02:41:53: scraper > networkidle wait skipped/timeout
2026-01-08T02:41:53: scraper > Page title: Nyano Ghar Chords, Lyrics and Music Video By Arthur Gunn - Deebesh Pokhrel | Music Cafe Nepal
2026-01-08T02:41:53: scraper > HTML length: 187135
2026-01-08T02:41:53: 
2026-01-08T02:41:53: ──────── READABILITY ────────
2026-01-08T02:41:53: scraper > isProbablyReaderable: true
2026-01-08T02:41:53: scraper > Readability parse OK. content length: 1933
2026-01-08T02:41:53: scraper > Lines from Readability: 2
2026-01-08T02:41:53: 
2026-01-08T02:41:53: ──────── FALLBACK #1 (DENSE BLOCK) ────────
2026-01-08T02:41:53: 
2026-01-08T02:41:53: ──────── FALLBACK #2 (SITE-AWARE) ────────
2026-01-08T02:41:53: 
2026-01-08T02:41:53: ──────── RESULT ────────
2026-01-08T02:41:53: scraper > Used Readability: true Useful: true
2026-01-08T02:41:53: scraper > Final URL: https://tabs.musiccafenepal.com/arthur-gunn/nyano-ghar
2026-01-08T02:41:53: scraper > Total lines: 2
2026-01-08T02:41:53: scraper > Preview: Intro: C Am Em G
2026-01-08T02:41:53: 
2026-01-08T02:41:53:    C     Am      Em     G
2026-01-08T02:41:53: Laayeko maya bhulauna garo chha
2026-01-08T02:41:53:   C           Am    Em   G
2026-01-08T02:41:53: Thaha hola timilai nai
2026-01-08T02:41:53:     C      Am          Em
2026-01-08T02:41:53: Chahanchhu ma dherei timilai
2026-01-08T02:41:53:   G           C         Em     G
2026-01-08T02:41:53: Hijo jhai, bholi pani tesari nai
2026-01-08T02:41:53:    C         Am    Em     G
2026-01-08T02:41:53: Bityo kehi samaye hami ta…
2026-01-08T02:41:54: scraper > Browser context closed.
2026-01-08T02:42:39: 
2026-01-08T02:42:39: ──────── REQUEST ────────
2026-01-08T02:42:39: scraper > songName: arthur gunn ma khoj
2026-01-08T02:42:39: scraper > linkIndex (raw): 0
2026-01-08T02:42:39: 
2026-01-08T02:42:39: ──────── GOOGLE SEARCH ────────
2026-01-08T02:42:39: scraper > Searching Google for: arthur gunn ma khoj
2026-01-08T02:42:39: scraper > Using API Key: AIza****3tvo
2026-01-08T02:42:39: scraper > Final query sent: "arthur gunn ma khoj lyrics and chords"
2026-01-08T02:42:39: scraper > Using GOOGLE_NOBILLING_API_KEY_2: AIza****sgEQ
2026-01-08T02:42:39: scraper > Using SEARCHENGINE_ID_2: 055c81ad25228427a
2026-01-08T02:42:39: scraper > Google returned 8 results
2026-01-08T02:42:39: scraper > [0] NYANO GHAR CHORDS by Arthur Gunn feat. Dibesh Pokharel ... :: https://tabs.ultimate-guitar.com/tab/arthur-gunn/nyano-ghar-chords-2959730
2026-01-08T02:42:39: scraper > [1] Arthur Gunn – Khoj Lyrics | Genius Lyrics :: https://genius.com/Arthur-gunn-khoj-lyrics
2026-01-08T02:42:39: scraper > [2] Pralaya A Lyrics and Music Video By Arthur Gunn - Deebesh Pokhrel :: https://lyrics.musiccafenepal.com/arthur-gunn/pralaya-a
2026-01-08T02:42:39: scraper > [3] Arthur Gunn – Pralaya Lyrics | Genius Lyrics :: https://genius.com/Arthur-gunn-pralaya-lyrics
2026-01-08T02:42:39: scraper > [4] मुटु देखिन - Mutu Dekhin Guitar Chords And Lyrics :: https://songschord.com/mutu-dekhin-guitar-chords-and-lyrics/
2026-01-08T02:42:39: scraper > [5] Khoj Lyrics - Arthur Gunn (Dibesh Pokharel) :: https://www.purnathapa.com.np/2020/07/khoj-lyrics-arthur-gunn-dibesh-pokharel.html
2026-01-08T02:42:39: scraper > [6] DEHA RA AATMA Lyrics in English – Arthur Gunn (Dibesh Pokharel ... :: https://geetkolyrics.com/deha-ra-aatma-lyrics-arthur-gunn-dibesh-pokharel/
2026-01-08T02:42:39: scraper > [7] List of Authors & Other Owners-for Disclosure Report as on 31st Dec ... :: https://iprs.org/wp-content/uploads/2024/01/List_of%20Authors_Other_Owners_for_Disclosure_Report_31st_Dec_2023.pdf
2026-01-08T02:42:39: scraper > Sorted by (lyrics/chords) score.
2026-01-08T02:42:39: scraper > Chosen URL: https://songschord.com/mutu-dekhin-guitar-chords-and-lyrics/
2026-01-08T02:42:39: scraper > Chosen Title: मुटु देखिन - Mutu Dekhin Guitar Chords And Lyrics
2026-01-08T02:42:39: 
2026-01-08T02:42:39: ──────── NAVIGATE ────────
2026-01-08T02:42:40: scraper > page.goto done. Final URL: https://songschord.com/mutu-dekhin-guitar-chords-and-lyrics/
2026-01-08T02:42:40: scraper > HTTP status: 200
2026-01-08T02:42:41: scraper > Page title: मुटु देखिन - Mutu Dekhin Guitar Chords And Lyrics
2026-01-08T02:42:41: scraper > HTML length: 270225
2026-01-08T02:42:41: 
2026-01-08T02:42:41: ──────── READABILITY ────────
2026-01-08T02:42:42: scraper > isProbablyReaderable: true
2026-01-08T02:42:42: scraper > Readability parse OK. content length: 6291
2026-01-08T02:42:42: scraper > Lines from Readability: 119
2026-01-08T02:42:42: 
2026-01-08T02:42:42: ──────── FALLBACK #1 (DENSE BLOCK) ────────
2026-01-08T02:42:42: 
2026-01-08T02:42:42: ──────── FALLBACK #2 (SITE-AWARE) ────────
2026-01-08T02:42:42: 
2026-01-08T02:42:42: ──────── RESULT ────────
2026-01-08T02:42:42: scraper > Used Readability: true Useful: true
2026-01-08T02:42:42: scraper > Final URL: https://songschord.com/mutu-dekhin-guitar-chords-and-lyrics/
2026-01-08T02:42:42: scraper > Total lines: 119
2026-01-08T02:42:42: scraper > Preview: Song Details |  | SongMutu DekhinArtistJohn Chamling RaiTuningStandardCapo2nd Fret | Verse |  | Asus2                 E |  | Daudai Hidne Yo Samaya Le |  | Asus2            E |  | Lagi Kata Kaha Chadne Ho |  | Asus2              E |  | Maya Garchu Bhanne Mayalu |  | Asus2                 E |  | K Ma…
2026-01-08T02:42:42: scraper > Browser context closed.
2026-01-08T02:42:49: 
2026-01-08T02:42:49: ──────── REQUEST ────────
2026-01-08T02:42:49: scraper > songName: arthur gunn ma khoj
2026-01-08T02:42:49: scraper > linkIndex (raw): 1
2026-01-08T02:42:49: 
2026-01-08T02:42:49: ──────── GOOGLE SEARCH ────────
2026-01-08T02:42:49: scraper > Searching Google for: arthur gunn ma khoj
2026-01-08T02:42:49: scraper > Using API Key: AIza****3tvo
2026-01-08T02:42:49: scraper > Final query sent: "arthur gunn ma khoj lyrics and chords"
2026-01-08T02:42:49: scraper > Using GOOGLE_NOBILLING_API_KEY_2: AIza****sgEQ
2026-01-08T02:42:49: scraper > Using SEARCHENGINE_ID_2: 055c81ad25228427a
2026-01-08T02:42:49: scraper > Google returned 8 results
2026-01-08T02:42:49: scraper > [0] NYANO GHAR CHORDS by Arthur Gunn feat. Dibesh Pokharel ... :: https://tabs.ultimate-guitar.com/tab/arthur-gunn/nyano-ghar-chords-2959730
2026-01-08T02:42:49: scraper > [1] Arthur Gunn – Khoj Lyrics | Genius Lyrics :: https://genius.com/Arthur-gunn-khoj-lyrics
2026-01-08T02:42:49: scraper > [2] Pralaya A Lyrics and Music Video By Arthur Gunn - Deebesh Pokhrel :: https://lyrics.musiccafenepal.com/arthur-gunn/pralaya-a
2026-01-08T02:42:49: scraper > [3] Arthur Gunn – Pralaya Lyrics | Genius Lyrics :: https://genius.com/Arthur-gunn-pralaya-lyrics
2026-01-08T02:42:49: scraper > [4] मुटु देखिन - Mutu Dekhin Guitar Chords And Lyrics :: https://songschord.com/mutu-dekhin-guitar-chords-and-lyrics/
2026-01-08T02:42:49: scraper > [5] Khoj Lyrics - Arthur Gunn (Dibesh Pokharel) :: https://www.purnathapa.com.np/2020/07/khoj-lyrics-arthur-gunn-dibesh-pokharel.html
2026-01-08T02:42:49: scraper > [6] DEHA RA AATMA Lyrics in English – Arthur Gunn (Dibesh Pokharel ... :: https://geetkolyrics.com/deha-ra-aatma-lyrics-arthur-gunn-dibesh-pokharel/
2026-01-08T02:42:49: scraper > [7] List of Authors & Other Owners-for Disclosure Report as on 31st Dec ... :: https://iprs.org/wp-content/uploads/2024/01/List_of%20Authors_Other_Owners_for_Disclosure_Report_31st_Dec_2023.pdf
2026-01-08T02:42:49: scraper > Sorted by (lyrics/chords) score.
2026-01-08T02:42:49: scraper > Chosen URL: https://genius.com/Arthur-gunn-khoj-lyrics
2026-01-08T02:42:49: scraper > Chosen Title: Arthur Gunn – Khoj Lyrics | Genius Lyrics
2026-01-08T02:42:49: 
2026-01-08T02:42:49: ──────── NAVIGATE ────────
2026-01-08T02:42:52: scraper > page.goto done. Final URL: https://genius.com/Arthur-gunn-khoj-lyrics
2026-01-08T02:42:52: scraper > HTTP status: 200
2026-01-08T02:43:04: scraper > networkidle wait skipped/timeout
2026-01-08T02:43:04: scraper > Page title: Arthur Gunn – Khoj Lyrics | Genius Lyrics
2026-01-08T02:43:04: scraper > HTML length: 788334
2026-01-08T02:43:04: 
2026-01-08T02:43:04: ──────── READABILITY ────────
2026-01-08T02:43:04: scraper > isProbablyReaderable: true
2026-01-08T02:43:05: scraper > Readability parse OK. content length: 2135
2026-01-08T02:43:05: scraper > Lines from Readability: 59
2026-01-08T02:43:05: 
2026-01-08T02:43:05: ──────── FALLBACK #1 (DENSE BLOCK) ────────
2026-01-08T02:43:05: 
2026-01-08T02:43:05: ──────── FALLBACK #2 (SITE-AWARE) ────────
2026-01-08T02:43:05: 
2026-01-08T02:43:05: ──────── RESULT ────────
2026-01-08T02:43:05: scraper > Used Readability: true Useful: true
2026-01-08T02:43:05: scraper > Final URL: https://genius.com/Arthur-gunn-khoj-lyrics
2026-01-08T02:43:05: scraper > Total lines: 59
2026-01-08T02:43:05: scraper > Preview: आउ सुनाउ तिम्रो जिवनी | यो अध्यारो हटाउने सुर्योदय | जाउ, गुनगुनाउ तिम्रै जित | यो बिहानीमा बलेको आगो |  | जाउ संसारको हरेक कुनामा | यो हावामा उडने हवाइजहाजमा | अपनाउ जीवनको नयाँ पललाई | फेरिने मौसमलाई अपनाए झै |  | खोज आफैमा रहेको रहस्य | जीवनलाई मात्र काफी छ जिउन | आफैमा हुनेछ त्यो वरदान अब | नपरो…
2026-01-08T02:43:05: scraper > Browser context closed.
2026-01-08T02:44:30: 
2026-01-08T02:44:30: ──────── REQUEST ────────
2026-01-08T02:44:30: scraper > songName: arthur gunn ma kantipur
2026-01-08T02:44:30: scraper > linkIndex (raw): 0
2026-01-08T02:44:30: 
2026-01-08T02:44:30: ──────── GOOGLE SEARCH ────────
2026-01-08T02:44:30: scraper > Searching Google for: arthur gunn ma kantipur
2026-01-08T02:44:30: scraper > Using API Key: AIza****3tvo
2026-01-08T02:44:30: scraper > Final query sent: "arthur gunn ma kantipur lyrics and chords"
2026-01-08T02:44:30: scraper > Using GOOGLE_NOBILLING_API_KEY_2: AIza****sgEQ
2026-01-08T02:44:30: scraper > Using SEARCHENGINE_ID_2: 055c81ad25228427a
2026-01-08T02:44:30: scraper > Google returned 8 results
2026-01-08T02:44:30: scraper > [0] #arthurgunn | TikTok :: https://www.tiktok.com/tag/arthurgunn
2026-01-08T02:44:30: scraper > [1] Untitled :: https://discovery.ucl.ac.uk/10076047/1/Ruptures.pdf
2026-01-08T02:44:30: scraper > [2] Untitled :: https://web.mit.edu/~ecprice/Public/wordlist.ranked
2026-01-08T02:44:30: scraper > [3] Untitled :: https://downloads.cs.stanford.edu/nlp/data/jiwei/data/vocab_wiki.txt
2026-01-08T02:44:30: scraper > [4] Untitled :: https://worksheets.codalab.org/rest/bundles/0xadf98bb30a99476ab56ebff3e462d4fa/contents/blob/glove.6B.100d.txt-vocab.txt
2026-01-08T02:44:30: scraper > [5] Readability-Resources/cyberDictionary.txt at master · SP2-MC2 ... :: https://github.com/SP2-MC2/Readability-Resources/blob/master/cyberDictionary.txt
2026-01-08T02:44:30: scraper > [6] Position of Women in Society – A Study of Autobiographies of Women :: https://www.rjoe.org.in/Files/specialv2i2/final%20book-2.pdf
2026-01-08T02:44:30: scraper > [7] Untitled :: http://data.gdeltproject.org/api/v2/guides/LOOKUP-IMAGEWEBTAGS.TXT
2026-01-08T02:44:30: scraper > Sorted by (lyrics/chords) score.
2026-01-08T02:44:30: scraper > Chosen URL: https://www.tiktok.com/tag/arthurgunn
2026-01-08T02:44:30: scraper > Chosen Title: #arthurgunn | TikTok
2026-01-08T02:44:30: 
2026-01-08T02:44:30: ──────── NAVIGATE ────────
2026-01-08T02:44:31: scraper > page.goto done. Final URL: https://www.tiktok.com/tag/arthurgunn
2026-01-08T02:44:31: scraper > HTTP status: 200
2026-01-08T02:44:35: scraper > Page title: TikTok - Make Your Day
2026-01-08T02:44:35: scraper > HTML length: 299009
2026-01-08T02:44:35: 
2026-01-08T02:44:35: ──────── READABILITY ────────
2026-01-08T02:44:35: scraper > isProbablyReaderable: false
2026-01-08T02:44:35: scraper > Readability parse OK. content length: 186
2026-01-08T02:44:35: scraper > Lines from Readability: 4
2026-01-08T02:44:35: 
2026-01-08T02:44:35: ──────── FALLBACK #1 (DENSE BLOCK) ────────
2026-01-08T02:44:35: 
2026-01-08T02:44:35: ──────── FALLBACK #2 (SITE-AWARE) ────────
2026-01-08T02:44:35: 
2026-01-08T02:44:35: ──────── RESULT ────────
2026-01-08T02:44:35: scraper > Used Readability: true Useful: true
2026-01-08T02:44:35: scraper > Final URL: https://www.tiktok.com/tag/arthurgunn
2026-01-08T02:44:35: scraper > Total lines: 4
2026-01-08T02:44:35: scraper > Preview: Something went wrong |  | Sorry about that! Please try again later. | 
2026-01-08T02:44:35: scraper > Browser context closed.
2026-01-08T02:45:07: 
2026-01-08T02:45:07: ──────── REQUEST ────────
2026-01-08T02:45:07: scraper > songName: arthur gunn "ma"
2026-01-08T02:45:07: scraper > linkIndex (raw): 0
2026-01-08T02:45:07: 
2026-01-08T02:45:07: ──────── GOOGLE SEARCH ────────
2026-01-08T02:45:07: scraper > Searching Google for: arthur gunn "ma"
2026-01-08T02:45:07: scraper > Using API Key: AIza****3tvo
2026-01-08T02:45:07: scraper > Final query sent: "arthur gunn "ma" lyrics and chords"
2026-01-08T02:45:07: scraper > Using GOOGLE_NOBILLING_API_KEY_2: AIza****sgEQ
2026-01-08T02:45:07: scraper > Using SEARCHENGINE_ID_2: 055c81ad25228427a
2026-01-08T02:45:07: scraper > Google returned 8 results
2026-01-08T02:45:07: scraper > [0] Dibesh Pokharel / Arthur Gunn - MA Chords - Chordify :: https://chordify.net/chords/dibesh-pokharel-arthur-gunn-ma-official-release-arthur-gunn
2026-01-08T02:45:07: scraper > [1] NYANO GHAR CHORDS by Arthur Gunn feat. Dibesh Pokharel ... :: https://tabs.ultimate-guitar.com/tab/arthur-gunn/nyano-ghar-chords-2959730
2026-01-08T02:45:07: scraper > [2] Pralaya Uke tab by Arthur Gunn - Ukulele Tabs :: https://www.ukulele-tabs.com/uke-songs/arthur-gunn/pralaya-uke-tab-81430.html
2026-01-08T02:45:07: scraper > [3] JALAI MAI CHORDS by Arthur Gunn , Dibesh Pokhrel @ Ultimate ... :: https://tabs.ultimate-guitar.com/tab/arthur-gunn/jalai-mai-chords-3500681
2026-01-08T02:45:07: scraper > [4] Nyano Ghar chords by Arthur Gunn - Mye Guitar :: https://www.mye-guitar.com/song/nyano-ghar
2026-01-08T02:45:07: scraper > [5] PRALAYA CHORDS by Arthur Gunn @ Ultimate-Guitar.Com :: https://tabs.ultimate-guitar.com/tab/arthur-gunn/pralaya-chords-3629921
2026-01-08T02:45:07: scraper > [6] Nyano Ghar Chords, Lyrics and Music Video By Arthur Gunn ... :: https://tabs.musiccafenepal.com/arthur-gunn/nyano-ghar
2026-01-08T02:45:07: scraper > [7] IRISH SONG LYRICS - Irish & Celtic Songs & Lyrics, MP3s, Sheet ... :: http://www.irish-song-lyrics.com/
2026-01-08T02:45:07: scraper > Sorted by (lyrics/chords) score.
2026-01-08T02:45:07: scraper > Chosen URL: https://tabs.musiccafenepal.com/arthur-gunn/nyano-ghar
2026-01-08T02:45:07: scraper > Chosen Title: Nyano Ghar Chords, Lyrics and Music Video By Arthur Gunn ...
2026-01-08T02:45:07: 
2026-01-08T02:45:07: ──────── NAVIGATE ────────
2026-01-08T02:45:09: scraper > page.goto done. Final URL: https://tabs.musiccafenepal.com/arthur-gunn/nyano-ghar
2026-01-08T02:45:09: scraper > HTTP status: 200
2026-01-08T02:45:21: scraper > networkidle wait skipped/timeout
2026-01-08T02:45:21: scraper > Page title: Nyano Ghar Chords, Lyrics and Music Video By Arthur Gunn - Deebesh Pokhrel | Music Cafe Nepal
2026-01-08T02:45:21: scraper > HTML length: 51024
2026-01-08T02:45:21: 
2026-01-08T02:45:21: ──────── READABILITY ────────
2026-01-08T02:45:21: scraper > isProbablyReaderable: true
2026-01-08T02:45:21: scraper > Readability parse OK. content length: 1933
2026-01-08T02:45:21: scraper > Lines from Readability: 2
2026-01-08T02:45:21: 
2026-01-08T02:45:21: ──────── FALLBACK #1 (DENSE BLOCK) ────────
2026-01-08T02:45:21: 
2026-01-08T02:45:21: ──────── FALLBACK #2 (SITE-AWARE) ────────
2026-01-08T02:45:21: 
2026-01-08T02:45:21: ──────── RESULT ────────
2026-01-08T02:45:21: scraper > Used Readability: true Useful: true
2026-01-08T02:45:21: scraper > Final URL: https://tabs.musiccafenepal.com/arthur-gunn/nyano-ghar
2026-01-08T02:45:21: scraper > Total lines: 2
2026-01-08T02:45:21: scraper > Preview: Intro: C Am Em G
2026-01-08T02:45:21: 
2026-01-08T02:45:21:    C     Am      Em     G
2026-01-08T02:45:21: Laayeko maya bhulauna garo chha
2026-01-08T02:45:21:   C           Am    Em   G
2026-01-08T02:45:21: Thaha hola timilai nai
2026-01-08T02:45:21:     C      Am          Em
2026-01-08T02:45:21: Chahanchhu ma dherei timilai
2026-01-08T02:45:21:   G           C         Em     G
2026-01-08T02:45:21: Hijo jhai, bholi pani tesari nai
2026-01-08T02:45:21:    C         Am    Em     G
2026-01-08T02:45:21: Bityo kehi samaye hami ta…
2026-01-08T02:45:21: scraper > Browser context closed.
2026-01-08T02:48:25: 
2026-01-08T02:48:25: ──────── REQUEST ────────
2026-01-08T02:48:25: scraper > songName: bagsicha ma
2026-01-08T02:48:25: scraper > linkIndex (raw): 0
2026-01-08T02:48:25: 
2026-01-08T02:48:25: ──────── GOOGLE SEARCH ────────
2026-01-08T02:48:25: scraper > Searching Google for: bagsicha ma
2026-01-08T02:48:25: scraper > Using API Key: AIza****3tvo
2026-01-08T02:48:25: scraper > Final query sent: "bagsicha ma lyrics and chords"
2026-01-08T02:48:25: scraper > Using GOOGLE_NOBILLING_API_KEY_2: AIza****sgEQ
2026-01-08T02:48:25: scraper > Using SEARCHENGINE_ID_2: 055c81ad25228427a
2026-01-08T02:48:26: scraper > Google returned 0 results
2026-01-08T02:48:26: scraper > Error in scrapeLyrisc: No search results found for the song
2026-01-08T02:48:26: scraper > Browser context closed.
2026-01-08T02:48:36: 
2026-01-08T02:48:36: ──────── REQUEST ────────
2026-01-08T02:48:36: scraper > songName: bagsicha ma
2026-01-08T02:48:36: scraper > linkIndex (raw): 0
2026-01-08T02:48:36: 
2026-01-08T02:48:36: ──────── GOOGLE SEARCH ────────
2026-01-08T02:48:36: scraper > Searching Google for: bagsicha ma
2026-01-08T02:48:36: scraper > Using API Key: AIza****3tvo
2026-01-08T02:48:36: scraper > Final query sent: "bagsicha ma lyrics and chords"
2026-01-08T02:48:36: scraper > Using GOOGLE_NOBILLING_API_KEY_2: AIza****sgEQ
2026-01-08T02:48:36: scraper > Using SEARCHENGINE_ID_2: 055c81ad25228427a
2026-01-08T02:48:36: scraper > Google returned 0 results
2026-01-08T02:48:36: scraper > Error in scrapeLyrisc: No search results found for the song
2026-01-08T02:48:36: scraper > Browser context closed.
2026-01-08T02:48:44: 
2026-01-08T02:48:44: ──────── REQUEST ────────
2026-01-08T02:48:44: scraper > songName: bagsicha ma najau
2026-01-08T02:48:44: scraper > linkIndex (raw): 0
2026-01-08T02:48:44: 
2026-01-08T02:48:44: ──────── GOOGLE SEARCH ────────
2026-01-08T02:48:44: scraper > Searching Google for: bagsicha ma najau
2026-01-08T02:48:44: scraper > Using API Key: AIza****3tvo
2026-01-08T02:48:44: scraper > Final query sent: "bagsicha ma najau lyrics and chords"
2026-01-08T02:48:44: scraper > Using GOOGLE_NOBILLING_API_KEY_2: AIza****sgEQ
2026-01-08T02:48:44: scraper > Using SEARCHENGINE_ID_2: 055c81ad25228427a
2026-01-08T02:48:45: scraper > Google returned 0 results
2026-01-08T02:48:45: scraper > Error in scrapeLyrisc: No search results found for the song
2026-01-08T02:48:45: scraper > Browser context closed.
2026-01-08T02:48:46: 
2026-01-08T02:48:46: ──────── REQUEST ────────
2026-01-08T02:48:46: scraper > songName: arthur gunn "ma"
2026-01-08T02:48:46: scraper > linkIndex (raw): 1
2026-01-08T02:48:46: 
2026-01-08T02:48:46: ──────── GOOGLE SEARCH ────────
2026-01-08T02:48:46: scraper > Searching Google for: arthur gunn "ma"
2026-01-08T02:48:46: scraper > Using API Key: AIza****3tvo
2026-01-08T02:48:46: scraper > Final query sent: "arthur gunn "ma" lyrics and chords"
2026-01-08T02:48:46: scraper > Using GOOGLE_NOBILLING_API_KEY_2: AIza****sgEQ
2026-01-08T02:48:46: scraper > Using SEARCHENGINE_ID_2: 055c81ad25228427a
2026-01-08T02:48:46: scraper > Google returned 8 results
2026-01-08T02:48:46: scraper > [0] Dibesh Pokharel / Arthur Gunn - MA Chords - Chordify :: https://chordify.net/chords/dibesh-pokharel-arthur-gunn-ma-official-release-arthur-gunn
2026-01-08T02:48:46: scraper > [1] NYANO GHAR CHORDS by Arthur Gunn feat. Dibesh Pokharel ... :: https://tabs.ultimate-guitar.com/tab/arthur-gunn/nyano-ghar-chords-2959730
2026-01-08T02:48:46: scraper > [2] Pralaya Uke tab by Arthur Gunn - Ukulele Tabs :: https://www.ukulele-tabs.com/uke-songs/arthur-gunn/pralaya-uke-tab-81430.html
2026-01-08T02:48:46: scraper > [3] JALAI MAI CHORDS by Arthur Gunn , Dibesh Pokhrel @ Ultimate ... :: https://tabs.ultimate-guitar.com/tab/arthur-gunn/jalai-mai-chords-3500681
2026-01-08T02:48:46: scraper > [4] Nyano Ghar chords by Arthur Gunn - Mye Guitar :: https://www.mye-guitar.com/song/nyano-ghar
2026-01-08T02:48:46: scraper > [5] PRALAYA CHORDS by Arthur Gunn @ Ultimate-Guitar.Com :: https://tabs.ultimate-guitar.com/tab/arthur-gunn/pralaya-chords-3629921
2026-01-08T02:48:46: scraper > [6] Nyano Ghar Chords, Lyrics and Music Video By Arthur Gunn ... :: https://tabs.musiccafenepal.com/arthur-gunn/nyano-ghar
2026-01-08T02:48:46: scraper > [7] IRISH SONG LYRICS - Irish & Celtic Songs & Lyrics, MP3s, Sheet ... :: http://www.irish-song-lyrics.com/
2026-01-08T02:48:46: scraper > Sorted by (lyrics/chords) score.
2026-01-08T02:48:46: scraper > Chosen URL: http://www.irish-song-lyrics.com/
2026-01-08T02:48:46: scraper > Chosen Title: IRISH SONG LYRICS - Irish & Celtic Songs & Lyrics, MP3s, Sheet ...
2026-01-08T02:48:46: 
2026-01-08T02:48:46: ──────── NAVIGATE ────────
2026-01-08T02:48:48: scraper > page.goto done. Final URL: http://www.irish-song-lyrics.com/
2026-01-08T02:48:48: scraper > HTTP status: 200
2026-01-08T02:48:52: scraper > Page title: IRISH SONG LYRICS - Irish & Celtic Songs & Lyrics, MP3s, Sheet Music
2026-01-08T02:48:52: scraper > HTML length: 26310
2026-01-08T02:48:52: 
2026-01-08T02:48:52: ──────── READABILITY ────────
2026-01-08T02:48:52: scraper > isProbablyReaderable: true
2026-01-08T02:48:52: scraper > Readability parse OK. content length: 23502
2026-01-08T02:48:52: scraper > Lines from Readability: 282
2026-01-08T02:48:52: 
2026-01-08T02:48:52: ──────── FALLBACK #1 (DENSE BLOCK) ────────
2026-01-08T02:48:52: 
2026-01-08T02:48:52: ──────── FALLBACK #2 (SITE-AWARE) ────────
2026-01-08T02:48:52: 
2026-01-08T02:48:52: ──────── RESULT ────────
2026-01-08T02:48:52: scraper > Used Readability: true Useful: true
2026-01-08T02:48:52: scraper > Final URL: http://www.irish-song-lyrics.com/
2026-01-08T02:48:52: scraper > Total lines: 282
2026-01-08T02:48:52: scraper > Preview: Irish songs, lyrics, streaming MP3s, and chords. Listen to Irish & Celtic songs. Learn Celtic songs by ear! |  | Welcome to Marc Gunn's Irish & Celtic Songs Lyrics presented by the Celtic Music Magazine and the Irish & Celtic Music Podcast. The British Isles are full of great music. I fell in love w…
2026-01-08T02:48:52: scraper > Browser context closed.
2026-01-08T02:49:18: 
2026-01-08T02:49:18: ──────── REQUEST ────────
2026-01-08T02:49:18: scraper > songName: bagaicha ma najaub
2026-01-08T02:49:18: scraper > linkIndex (raw): 0
2026-01-08T02:49:19: 
2026-01-08T02:49:19: ──────── GOOGLE SEARCH ────────
2026-01-08T02:49:19: scraper > Searching Google for: bagaicha ma najaub
2026-01-08T02:49:19: scraper > Using API Key: AIza****3tvo
2026-01-08T02:49:19: scraper > Final query sent: "bagaicha ma najaub lyrics and chords"
2026-01-08T02:49:19: scraper > Using GOOGLE_NOBILLING_API_KEY_2: AIza****sgEQ
2026-01-08T02:49:19: scraper > Using SEARCHENGINE_ID_2: 055c81ad25228427a
2026-01-08T02:49:19: scraper > Google returned 0 results
2026-01-08T02:49:19: scraper > Error in scrapeLyrisc: No search results found for the song
2026-01-08T02:49:19: scraper > Browser context closed.
2026-01-08T02:49:20: 
2026-01-08T02:49:20: ──────── REQUEST ────────
2026-01-08T02:49:20: scraper > songName: bagaicha ma najau
2026-01-08T02:49:20: scraper > linkIndex (raw): 0
2026-01-08T02:49:20: 
2026-01-08T02:49:20: ──────── GOOGLE SEARCH ────────
2026-01-08T02:49:20: scraper > Searching Google for: bagaicha ma najau
2026-01-08T02:49:20: scraper > Using API Key: AIza****3tvo
2026-01-08T02:49:20: scraper > Final query sent: "bagaicha ma najau lyrics and chords"
2026-01-08T02:49:20: scraper > Using GOOGLE_NOBILLING_API_KEY_2: AIza****sgEQ
2026-01-08T02:49:20: scraper > Using SEARCHENGINE_ID_2: 055c81ad25228427a
2026-01-08T02:49:20: scraper > Google returned 8 results
2026-01-08T02:49:20: scraper > [0] SPARSHA SANGEET CHORDS by Purna Rai for guitar, ukulele and ... :: https://tabs.ultimate-guitar.com/tab/purna-rai/sparsha-sangeet-chords-5348088
2026-01-08T02:49:20: scraper > [1] Bagaichama Najau Timi - Subodh KC | Guitar Lesson | Chords :: https://chordify.net/chords/bagaichama-najau-timi-subodh-kc-guitar-lesson-plucking-chords-udit-narayan-kush-plays
2026-01-08T02:49:20: scraper > [2] Bagaichama Najau Timi (Cover) | Sansic Records Chords :: https://chordu.com/chords-tabs-bagaichama-najau-timi-cover-subodh-kc-sansic-records-id_Cn2yL2AwWdA
2026-01-08T02:49:20: scraper > [3] Bagaichama Najau Timi (Cover) | Sansic Records Chords :: https://chordify.net/chords/bagaichama-najau-timi-cover-subodh-kc-sansic-records-sansic-productions
2026-01-08T02:49:20: scraper > [4] Bagaichama Najau Timi (चलचित्र सुख-दुःख) [HD] - Song Lyrics and ... :: https://www.smule.com/song/udit-narayan-sadhana-sargam-bagaichama-najau-timi-%E0%A4%9A%E0%A4%B2%E0%A4%9A-%E0%A4%A4-%E0%A…
2026-01-08T02:49:20: scraper > [5] Bagaicha Ma Najau Timi by Benup Chhetri Chords - Chordify :: https://chordify.net/chords/bagaicha-ma-najau-timi-by-benup-chhetri-benup-chettri
2026-01-08T02:49:20: scraper > [6] Sparsha Sangeet - Purna Rai and Dajubhaiharu Lyrics and Chords :: https://chordsnepal.com/lyrics/sparsha-sangeet/
2026-01-08T02:49:20: scraper > [7] Boli Le Timro Satayo Full Song Lyric | TikTok :: https://www.tiktok.com/discover/boli-le-timro-satayo-full-song-lyric
2026-01-08T02:49:20: scraper > Sorted by (lyrics/chords) score.
2026-01-08T02:49:20: scraper > Chosen URL: https://chordsnepal.com/lyrics/sparsha-sangeet/
2026-01-08T02:49:20: scraper > Chosen Title: Sparsha Sangeet - Purna Rai and Dajubhaiharu Lyrics and Chords
2026-01-08T02:49:20: 
2026-01-08T02:49:20: ──────── NAVIGATE ────────
2026-01-08T02:49:21: scraper > page.goto done. Final URL: https://chordsnepal.com/lyrics/sparsha-sangeet/
2026-01-08T02:49:21: scraper > HTTP status: 200
2026-01-08T02:49:24: scraper > Page title: Sparsha Sangeet - Purna Rai and Dajubhaiharu Lyrics and Chords
2026-01-08T02:49:24: scraper > HTML length: 96598
2026-01-08T02:49:24: 
2026-01-08T02:49:24: ──────── READABILITY ────────
2026-01-08T02:49:24: scraper > isProbablyReaderable: true
2026-01-08T02:49:24: scraper > Readability parse OK. content length: 5081
2026-01-08T02:49:24: scraper > Lines from Readability: 160
2026-01-08T02:49:24: 
2026-01-08T02:49:24: ──────── FALLBACK #1 (DENSE BLOCK) ────────
2026-01-08T02:49:24: 
2026-01-08T02:49:24: ──────── FALLBACK #2 (SITE-AWARE) ────────
2026-01-08T02:49:24: 
2026-01-08T02:49:24: ──────── RESULT ────────
2026-01-08T02:49:24: scraper > Used Readability: true Useful: true
2026-01-08T02:49:24: scraper > Final URL: https://chordsnepal.com/lyrics/sparsha-sangeet/
2026-01-08T02:49:24: scraper > Total lines: 160
2026-01-08T02:49:24: scraper > Preview: Key: F | BPM: 65 |  | Gaajalu Timra Aakha | Lajalu Bhakaa Timra | Adhkal Nai Garna Gaaro | Bayaanai Garu Kaa Bata | Kesha Ko Laya Samau Ki | Ootha Maa Lali Sajauni | Ujyaalo Muskaan Batau Ki | Manai Suddha Jhalkaauchin |  | Tadhiyera Najau Timi Hera | Biswaas Gara Malai Ek Fera | Sahajhai Kaataula Y…
2026-01-08T02:49:24: scraper > Browser context closed.
2026-01-08T02:49:28: 
2026-01-08T02:49:28: ──────── REQUEST ────────
2026-01-08T02:49:28: scraper > songName: bagaicha ma najau
2026-01-08T02:49:28: scraper > linkIndex (raw): 1
2026-01-08T02:49:28: 
2026-01-08T02:49:28: ──────── GOOGLE SEARCH ────────
2026-01-08T02:49:28: scraper > Searching Google for: bagaicha ma najau
2026-01-08T02:49:28: scraper > Using API Key: AIza****3tvo
2026-01-08T02:49:28: scraper > Final query sent: "bagaicha ma najau lyrics and chords"
2026-01-08T02:49:28: scraper > Using GOOGLE_NOBILLING_API_KEY_2: AIza****sgEQ
2026-01-08T02:49:28: scraper > Using SEARCHENGINE_ID_2: 055c81ad25228427a
2026-01-08T02:49:28: scraper > Google returned 8 results
2026-01-08T02:49:28: scraper > [0] SPARSHA SANGEET CHORDS by Purna Rai for guitar, ukulele and ... :: https://tabs.ultimate-guitar.com/tab/purna-rai/sparsha-sangeet-chords-5348088
2026-01-08T02:49:28: scraper > [1] Bagaichama Najau Timi - Subodh KC | Guitar Lesson | Chords :: https://chordify.net/chords/bagaichama-najau-timi-subodh-kc-guitar-lesson-plucking-chords-udit-narayan-kush-plays
2026-01-08T02:49:28: scraper > [2] Bagaichama Najau Timi (Cover) | Sansic Records Chords :: https://chordu.com/chords-tabs-bagaichama-najau-timi-cover-subodh-kc-sansic-records-id_Cn2yL2AwWdA
2026-01-08T02:49:28: scraper > [3] Bagaichama Najau Timi (Cover) | Sansic Records Chords :: https://chordify.net/chords/bagaichama-najau-timi-cover-subodh-kc-sansic-records-sansic-productions
2026-01-08T02:49:28: scraper > [4] Bagaichama Najau Timi (चलचित्र सुख-दुःख) [HD] - Song Lyrics and ... :: https://www.smule.com/song/udit-narayan-sadhana-sargam-bagaichama-najau-timi-%E0%A4%9A%E0%A4%B2%E0%A4%9A-%E0%A4%A4-%E0%A…
2026-01-08T02:49:28: scraper > [5] Bagaicha Ma Najau Timi by Benup Chhetri Chords - Chordify :: https://chordify.net/chords/bagaicha-ma-najau-timi-by-benup-chhetri-benup-chettri
2026-01-08T02:49:28: scraper > [6] Sparsha Sangeet - Purna Rai and Dajubhaiharu Lyrics and Chords :: https://chordsnepal.com/lyrics/sparsha-sangeet/
2026-01-08T02:49:28: scraper > [7] Boli Le Timro Satayo Full Song Lyric | TikTok :: https://www.tiktok.com/discover/boli-le-timro-satayo-full-song-lyric
2026-01-08T02:49:28: scraper > Sorted by (lyrics/chords) score.
2026-01-08T02:49:28: scraper > Chosen URL: https://www.smule.com/song/udit-narayan-sadhana-sargam-bagaichama-najau-timi-%E0%A4%9A%E0%A4%B2%E0%A4%9A-%E0%A4%A4-%E0%A4%B0-%E0%A4%B8-%E0%A4%96-%E0%A4%A6-%E0%A4%96-hd-karaoke-lyrics/5120040_5120040/arrangement
2026-01-08T02:49:28: scraper > Chosen Title: Bagaichama Najau Timi (चलचित्र सुख-दुःख) [HD] - Song Lyrics and ...
2026-01-08T02:49:28: 
2026-01-08T02:49:28: ──────── NAVIGATE ────────
2026-01-08T02:49:29: scraper > page.goto done. Final URL: https://www.smule.com/song/udit-narayan-sadhana-sargam-bagaichama-najau-timi-%E0%A4%9A%E0%A4%B2%E0%A4%9A-%E0%A4%A4-%E0%A4%B0-%E0%A4%B8-%E0%A4%96-%E0%A4%A6-%E0%A4%96-hd-karaoke-lyrics/5120040_5120040/arrangement
2026-01-08T02:49:29: scraper > HTTP status: 200
2026-01-08T02:49:30: scraper > Page title: Bagaichama Najau Timi (चलचित्र सुख-दुःख) [HD] - Song Lyrics and Music by Udit Narayan/Sadhana Sargam arranged by MK_Shrestha on Smule Social Singing app
2026-01-08T02:49:30: scraper > HTML length: 75188
2026-01-08T02:49:30: 
2026-01-08T02:49:30: ──────── READABILITY ────────
2026-01-08T02:49:30: scraper > isProbablyReaderable: false
2026-01-08T02:49:31: scraper > Readability parse OK. content length: 3666
2026-01-08T02:49:31: scraper > Lines from Readability: 132
2026-01-08T02:49:31: 
2026-01-08T02:49:31: ──────── FALLBACK #1 (DENSE BLOCK) ────────
2026-01-08T02:49:31: 
2026-01-08T02:49:31: ──────── FALLBACK #2 (SITE-AWARE) ────────
2026-01-08T02:49:31: 
2026-01-08T02:49:31: ──────── RESULT ────────
2026-01-08T02:49:31: scraper > Used Readability: true Useful: true
2026-01-08T02:49:31: scraper > Final URL: https://www.smule.com/song/udit-narayan-sadhana-sargam-bagaichama-najau-timi-%E0%A4%9A%E0%A4%B2%E0%A4%9A-%E0%A4%A4-%E0%A4%B0-%E0%A4%B8-%E0%A4%96-%E0%A4%A6-%E0%A4%96-hd-karaoke-lyrics/5120040_5120040/arrangement
2026-01-08T02:49:31: scraper > Total lines: 132
2026-01-08T02:49:31: scraper > Preview: Udit Narayan/Sadhana Sargam |  | Share |  | Sing |  | Lyrics |  | Recordings |  | चलचित्र :- सुख-दुःख |  | Director/Writer :- Shiva Regmi |  | Music Track Remake by: |  | @MK_Shrestha |  | बगैंचामा नजाउ तिमी |  | भँमराले चुमिदेला |  | बगैंचामा नजाउ तिमी |  | भँमराले चुमिदेला |  | फूल सोचेर तिमीलाई |…
2026-01-08T02:49:31: scraper > Browser context closed.
2026-01-08T02:49:46: 
2026-01-08T02:49:46: ──────── REQUEST ────────
2026-01-08T02:49:46: scraper > songName: bagaicha ma najau
2026-01-08T02:49:46: scraper > linkIndex (raw): 2
2026-01-08T02:49:46: 
2026-01-08T02:49:46: ──────── GOOGLE SEARCH ────────
2026-01-08T02:49:46: scraper > Searching Google for: bagaicha ma najau
2026-01-08T02:49:46: scraper > Using API Key: AIza****3tvo
2026-01-08T02:49:46: scraper > Final query sent: "bagaicha ma najau lyrics and chords"
2026-01-08T02:49:46: scraper > Using GOOGLE_NOBILLING_API_KEY_2: AIza****sgEQ
2026-01-08T02:49:46: scraper > Using SEARCHENGINE_ID_2: 055c81ad25228427a
2026-01-08T02:49:46: scraper > Google returned 8 results
2026-01-08T02:49:46: scraper > [0] SPARSHA SANGEET CHORDS by Purna Rai for guitar, ukulele and ... :: https://tabs.ultimate-guitar.com/tab/purna-rai/sparsha-sangeet-chords-5348088
2026-01-08T02:49:46: scraper > [1] Bagaichama Najau Timi - Subodh KC | Guitar Lesson | Chords :: https://chordify.net/chords/bagaichama-najau-timi-subodh-kc-guitar-lesson-plucking-chords-udit-narayan-kush-plays
2026-01-08T02:49:46: scraper > [2] Bagaichama Najau Timi (Cover) | Sansic Records Chords :: https://chordu.com/chords-tabs-bagaichama-najau-timi-cover-subodh-kc-sansic-records-id_Cn2yL2AwWdA
2026-01-08T02:49:46: scraper > [3] Bagaichama Najau Timi (Cover) | Sansic Records Chords :: https://chordify.net/chords/bagaichama-najau-timi-cover-subodh-kc-sansic-records-sansic-productions
2026-01-08T02:49:46: scraper > [4] Bagaichama Najau Timi (चलचित्र सुख-दुःख) [HD] - Song Lyrics and ... :: https://www.smule.com/song/udit-narayan-sadhana-sargam-bagaichama-najau-timi-%E0%A4%9A%E0%A4%B2%E0%A4%9A-%E0%A4%A4-%E0%A…
2026-01-08T02:49:46: scraper > [5] Bagaicha Ma Najau Timi by Benup Chhetri Chords - Chordify :: https://chordify.net/chords/bagaicha-ma-najau-timi-by-benup-chhetri-benup-chettri
2026-01-08T02:49:46: scraper > [6] Sparsha Sangeet - Purna Rai and Dajubhaiharu Lyrics and Chords :: https://chordsnepal.com/lyrics/sparsha-sangeet/
2026-01-08T02:49:46: scraper > [7] Boli Le Timro Satayo Full Song Lyric | TikTok :: https://www.tiktok.com/discover/boli-le-timro-satayo-full-song-lyric
2026-01-08T02:49:46: scraper > Sorted by (lyrics/chords) score.
2026-01-08T02:49:46: scraper > Chosen URL: https://tabs.ultimate-guitar.com/tab/purna-rai/sparsha-sangeet-chords-5348088
2026-01-08T02:49:46: scraper > Chosen Title: SPARSHA SANGEET CHORDS by Purna Rai for guitar, ukulele and ...
2026-01-08T02:49:46: 
2026-01-08T02:49:46: ──────── NAVIGATE ────────
2026-01-08T02:49:47: scraper > page.goto done. Final URL: https://tabs.ultimate-guitar.com/tab/purna-rai/sparsha-sangeet-chords-5348088
2026-01-08T02:49:47: scraper > HTTP status: 200
2026-01-08T02:49:59: scraper > networkidle wait skipped/timeout
2026-01-08T02:49:59: scraper > Page title: SPARSHA SANGEET CHORDS by Purna Rai for guitar, ukulele and piano @ Ultimate-Guitar.Com
2026-01-08T02:49:59: scraper > HTML length: 340952
2026-01-08T02:49:59: 
2026-01-08T02:49:59: ──────── READABILITY ────────
2026-01-08T02:49:59: scraper > isProbablyReaderable: true
2026-01-08T02:50:00: scraper > Readability parse OK. content length: 7087
2026-01-08T02:50:00: scraper > Lines from Readability: 73
2026-01-08T02:50:00: 
2026-01-08T02:50:00: ──────── FALLBACK #1 (DENSE BLOCK) ────────
2026-01-08T02:50:00: 
2026-01-08T02:50:00: ──────── FALLBACK #2 (SITE-AWARE) ────────
2026-01-08T02:50:00: 
2026-01-08T02:50:00: ──────── RESULT ────────
2026-01-08T02:50:00: scraper > Used Readability: true Useful: true
2026-01-08T02:50:00: scraper > Final URL: https://tabs.ultimate-guitar.com/tab/purna-rai/sparsha-sangeet-chords-5348088
2026-01-08T02:50:00: scraper > Total lines: 73
2026-01-08T02:50:00: scraper > Preview: by Purna Rai |  | 326,236 views813 saves2 comments |  | Author: KaleyBhai [a] 383Difficulty: beginner |  | Chords of the extended original release transposed to play on 5th fret with Open Cmaj family progression. |  | Speed: 0.2 |  | Transpose |  | ************************************
2026-01-08T02:50:00: Capo on 5th Fr…
2026-01-08T02:50:00: scraper > Browser context closed.
2026-01-08T02:50:13: 
2026-01-08T02:50:13: ──────── REQUEST ────────
2026-01-08T02:50:13: scraper > songName: bagaicha ma najau sudho
2026-01-08T02:50:13: scraper > linkIndex (raw): 0
2026-01-08T02:50:13: 
2026-01-08T02:50:13: ──────── GOOGLE SEARCH ────────
2026-01-08T02:50:13: scraper > Searching Google for: bagaicha ma najau sudho
2026-01-08T02:50:13: scraper > Using API Key: AIza****3tvo
2026-01-08T02:50:13: scraper > Final query sent: "bagaicha ma najau sudho lyrics and chords"
2026-01-08T02:50:13: scraper > Using GOOGLE_NOBILLING_API_KEY_2: AIza****sgEQ
2026-01-08T02:50:13: scraper > Using SEARCHENGINE_ID_2: 055c81ad25228427a
2026-01-08T02:50:13: scraper > Google returned 0 results
2026-01-08T02:50:13: scraper > Error in scrapeLyrisc: No search results found for the song
2026-01-08T02:50:13: scraper > Browser context closed.
2026-01-08T02:50:17: 
2026-01-08T02:50:17: ──────── REQUEST ────────
2026-01-08T02:50:17: scraper > songName: bagaicha ma najau
2026-01-08T02:50:17: scraper > linkIndex (raw): 1
2026-01-08T02:50:17: 
2026-01-08T02:50:17: ──────── GOOGLE SEARCH ────────
2026-01-08T02:50:17: scraper > Searching Google for: bagaicha ma najau
2026-01-08T02:50:17: scraper > Using API Key: AIza****3tvo
2026-01-08T02:50:17: scraper > Final query sent: "bagaicha ma najau lyrics and chords"
2026-01-08T02:50:17: scraper > Using GOOGLE_NOBILLING_API_KEY_2: AIza****sgEQ
2026-01-08T02:50:17: scraper > Using SEARCHENGINE_ID_2: 055c81ad25228427a
2026-01-08T02:50:17: scraper > Google returned 8 results
2026-01-08T02:50:17: scraper > [0] SPARSHA SANGEET CHORDS by Purna Rai for guitar, ukulele and ... :: https://tabs.ultimate-guitar.com/tab/purna-rai/sparsha-sangeet-chords-5348088
2026-01-08T02:50:17: scraper > [1] Bagaichama Najau Timi - Subodh KC | Guitar Lesson | Chords :: https://chordify.net/chords/bagaichama-najau-timi-subodh-kc-guitar-lesson-plucking-chords-udit-narayan-kush-plays
2026-01-08T02:50:17: scraper > [2] Bagaichama Najau Timi (Cover) | Sansic Records Chords :: https://chordu.com/chords-tabs-bagaichama-najau-timi-cover-subodh-kc-sansic-records-id_Cn2yL2AwWdA
2026-01-08T02:50:17: scraper > [3] Bagaichama Najau Timi (Cover) | Sansic Records Chords :: https://chordify.net/chords/bagaichama-najau-timi-cover-subodh-kc-sansic-records-sansic-productions
2026-01-08T02:50:17: scraper > [4] Bagaichama Najau Timi (चलचित्र सुख-दुःख) [HD] - Song Lyrics and ... :: https://www.smule.com/song/udit-narayan-sadhana-sargam-bagaichama-najau-timi-%E0%A4%9A%E0%A4%B2%E0%A4%9A-%E0%A4%A4-%E0%A…
2026-01-08T02:50:17: scraper > [5] Bagaicha Ma Najau Timi by Benup Chhetri Chords - Chordify :: https://chordify.net/chords/bagaicha-ma-najau-timi-by-benup-chhetri-benup-chettri
2026-01-08T02:50:17: scraper > [6] Sparsha Sangeet - Purna Rai and Dajubhaiharu Lyrics and Chords :: https://chordsnepal.com/lyrics/sparsha-sangeet/
2026-01-08T02:50:17: scraper > [7] Boli Le Timro Satayo Full Song Lyric | TikTok :: https://www.tiktok.com/discover/boli-le-timro-satayo-full-song-lyric
2026-01-08T02:50:17: scraper > Sorted by (lyrics/chords) score.
2026-01-08T02:50:17: scraper > Chosen URL: https://www.smule.com/song/udit-narayan-sadhana-sargam-bagaichama-najau-timi-%E0%A4%9A%E0%A4%B2%E0%A4%9A-%E0%A4%A4-%E0%A4%B0-%E0%A4%B8-%E0%A4%96-%E0%A4%A6-%E0%A4%96-hd-karaoke-lyrics/5120040_5120040/arrangement
2026-01-08T02:50:17: scraper > Chosen Title: Bagaichama Najau Timi (चलचित्र सुख-दुःख) [HD] - Song Lyrics and ...
2026-01-08T02:50:17: 
2026-01-08T02:50:17: ──────── NAVIGATE ────────
2026-01-08T02:50:18: scraper > page.goto done. Final URL: https://www.smule.com/song/udit-narayan-sadhana-sargam-bagaichama-najau-timi-%E0%A4%9A%E0%A4%B2%E0%A4%9A-%E0%A4%A4-%E0%A4%B0-%E0%A4%B8-%E0%A4%96-%E0%A4%A6-%E0%A4%96-hd-karaoke-lyrics/5120040_5120040/arrangement
2026-01-08T02:50:18: scraper > HTTP status: 200
2026-01-08T02:50:19: scraper > Page title: Bagaichama Najau Timi (चलचित्र सुख-दुःख) [HD] - Song Lyrics and Music by Udit Narayan/Sadhana Sargam arranged by MK_Shrestha on Smule Social Singing app
2026-01-08T02:50:19: scraper > HTML length: 75188
2026-01-08T02:50:19: 
2026-01-08T02:50:19: ──────── READABILITY ────────
2026-01-08T02:50:19: scraper > isProbablyReaderable: false
2026-01-08T02:50:19: scraper > Readability parse OK. content length: 3666
2026-01-08T02:50:19: scraper > Lines from Readability: 132
2026-01-08T02:50:19: 
2026-01-08T02:50:19: ──────── FALLBACK #1 (DENSE BLOCK) ────────
2026-01-08T02:50:19: 
2026-01-08T02:50:19: ──────── FALLBACK #2 (SITE-AWARE) ────────
2026-01-08T02:50:19: 
2026-01-08T02:50:19: ──────── RESULT ────────
2026-01-08T02:50:19: scraper > Used Readability: true Useful: true
2026-01-08T02:50:19: scraper > Final URL: https://www.smule.com/song/udit-narayan-sadhana-sargam-bagaichama-najau-timi-%E0%A4%9A%E0%A4%B2%E0%A4%9A-%E0%A4%A4-%E0%A4%B0-%E0%A4%B8-%E0%A4%96-%E0%A4%A6-%E0%A4%96-hd-karaoke-lyrics/5120040_5120040/arrangement
2026-01-08T02:50:19: scraper > Total lines: 132
2026-01-08T02:50:19: scraper > Preview: Udit Narayan/Sadhana Sargam |  | Share |  | Sing |  | Lyrics |  | Recordings |  | चलचित्र :- सुख-दुःख |  | Director/Writer :- Shiva Regmi |  | Music Track Remake by: |  | @MK_Shrestha |  | बगैंचामा नजाउ तिमी |  | भँमराले चुमिदेला |  | बगैंचामा नजाउ तिमी |  | भँमराले चुमिदेला |  | फूल सोचेर तिमीलाई |…
2026-01-08T02:50:19: scraper > Browser context closed.
2026-01-08T02:51:27: 
2026-01-08T02:51:27: ──────── REQUEST ────────
2026-01-08T02:51:27: scraper > songName: maili
2026-01-08T02:51:27: scraper > linkIndex (raw): 0
2026-01-08T02:51:27: 
2026-01-08T02:51:27: ──────── GOOGLE SEARCH ────────
2026-01-08T02:51:27: scraper > Searching Google for: maili
2026-01-08T02:51:27: scraper > Using API Key: AIza****3tvo
2026-01-08T02:51:27: scraper > Final query sent: "maili lyrics and chords"
2026-01-08T02:51:27: scraper > Using GOOGLE_NOBILLING_API_KEY_2: AIza****sgEQ
2026-01-08T02:51:27: scraper > Using SEARCHENGINE_ID_2: 055c81ad25228427a
2026-01-08T02:51:27: scraper > Google returned 8 results
2026-01-08T02:51:27: scraper > [0] MAILI CHORDS by Ankita Pun @ Ultimate-Guitar.Com :: https://tabs.ultimate-guitar.com/tab/ankita-pun/maili-chords-4386071
2026-01-08T02:51:27: scraper > [1] Maili Uke tab by Ankita Pun - Ukulele Tabs :: https://www.ukulele-tabs.com/uke-songs/ankita-pun/maili-uke-tab-84993.html
2026-01-08T02:51:27: scraper > [2] Saili Ra Maili Chords & Lyrics by Dipesh Kishor Bhattarai ... :: https://hamrochords.com/dipesh-kishor-bhattarai/saaili-ra-malili
2026-01-08T02:51:27: scraper > [3] Maili | The Outsiders | Lyrics, Chords, MP3 | TunesNepal :: https://www.tunesnepal.com/remove-from-playlist/1467
2026-01-08T02:51:27: scraper > [4] Ankita Pun - Maili Chords - Gitagram :: https://www.gitagram.com/chords/maili/
2026-01-08T02:51:27: scraper > [5] Saili Ra Maili | Deepesh Kishor Bhattarai | Lyrics, Chords, MP3 ... :: https://www.tunesnepal.com/deepesh-kishor-bhattarai/saili-ra-maili-1
2026-01-08T02:51:27: scraper > [6] Maili- Ankita Pun || guitar chords || capo 6 || Chords - Chordify :: https://chordify.net/chords/maili-ankita-pun-guitar-chords-capo-6-jamming
2026-01-08T02:51:27: scraper > [7] Maili | The Outsiders | Lyrics, Chords, MP3 | TunesNepal :: https://tunesnepal.com/public/index.php/the-outsiders/maili
2026-01-08T02:51:27: scraper > Sorted by (lyrics/chords) score.
2026-01-08T02:51:27: scraper > Chosen URL: https://hamrochords.com/dipesh-kishor-bhattarai/saaili-ra-malili
2026-01-08T02:51:27: scraper > Chosen Title: Saili Ra Maili Chords & Lyrics by Dipesh Kishor Bhattarai ...
2026-01-08T02:51:27: 
2026-01-08T02:51:27: ──────── NAVIGATE ────────
2026-01-08T02:51:29: scraper > page.goto done. Final URL: https://hamrochords.com/dipesh-kishor-bhattarai/saaili-ra-malili
2026-01-08T02:51:29: scraper > HTTP status: 200
2026-01-08T02:51:34: scraper > Page title: Saili Ra Maili Chords & Lyrics by Dipesh Kishor Bhattarai | Hamrochords.com
2026-01-08T02:51:34: scraper > HTML length: 65261
2026-01-08T02:51:34: 
2026-01-08T02:51:34: ──────── READABILITY ────────
2026-01-08T02:51:34: scraper > isProbablyReaderable: true
2026-01-08T02:51:34: scraper > Readability parse OK. content length: 3087
2026-01-08T02:51:34: scraper > Lines from Readability: 118
2026-01-08T02:51:34: 
2026-01-08T02:51:34: ──────── FALLBACK #1 (DENSE BLOCK) ────────
2026-01-08T02:51:34: 
2026-01-08T02:51:34: ──────── FALLBACK #2 (SITE-AWARE) ────────
2026-01-08T02:51:34: 
2026-01-08T02:51:34: ──────── RESULT ────────
2026-01-08T02:51:34: scraper > Used Readability: true Useful: true
2026-01-08T02:51:34: scraper > Final URL: https://hamrochords.com/dipesh-kishor-bhattarai/saaili-ra-malili
2026-01-08T02:51:34: scraper > Total lines: 118
2026-01-08T02:51:34: scraper > Preview: Rhythm : |  | Root Chord : |  | Download PDF |  | INTRO: |  | Am........................G... |  | Saaili Ra Malili Poilo Gayechan |  | F..............G.........Am |  | Gaun Ghara Nai Sunya Parera |  | .......................F. |  | Hamilai Jhukkai Bhagechan |  | ............G........Am. |  | Baau Ba…
2026-01-08T02:51:34: scraper > Browser context closed.
2026-01-08T02:51:37: 
2026-01-08T02:51:37: ──────── REQUEST ────────
2026-01-08T02:51:37: scraper > songName: maili ankits lun
2026-01-08T02:51:37: scraper > linkIndex (raw): 0
2026-01-08T02:51:37: 
2026-01-08T02:51:37: ──────── GOOGLE SEARCH ────────
2026-01-08T02:51:37: scraper > Searching Google for: maili ankits lun
2026-01-08T02:51:37: scraper > Using API Key: AIza****3tvo
2026-01-08T02:51:37: scraper > Final query sent: "maili ankits lun lyrics and chords"
2026-01-08T02:51:37: scraper > Using GOOGLE_NOBILLING_API_KEY_2: AIza****sgEQ
2026-01-08T02:51:37: scraper > Using SEARCHENGINE_ID_2: 055c81ad25228427a
2026-01-08T02:51:37: scraper > Google returned 8 results
2026-01-08T02:51:37: scraper > [0] Future Audio Workshop :: https://www.futureaudioworkshop.com/
2026-01-08T02:51:37: scraper > [1] General Synthesizers/Keyboards Forum - Nord User Forum :: https://www.norduserforum.com/viewforum.php?f=6
2026-01-08T02:51:37: scraper > [2] Untitled :: ftp://ftp.cs.princeton.edu/pub/cs226/autocomplete/bing.txt
2026-01-08T02:51:37: scraper > [3] display/node_modules/zxcvbn/dist/zxcvbn.js.map ... :: https://forge.inrae.fr/eabx-public/collec-science/-/blob/02bf3892b622907974cc1f664531940b89c355e4/display/node_modules/z…
2026-01-08T02:51:37: scraper > [4] Floor Testing Equipment Sales and Hire - CoGri Engineering Ltd :: https://cogri-engineering.com/
2026-01-08T02:51:37: scraper > [5] Gallery of Final Projects - CS50x 2023 :: https://cs50.harvard.edu/x/2023/gallery/
2026-01-08T02:51:37: scraper > [6] New Applications_January_2025.xlsx :: https://copyright.gov.in/Documents/New_Applications/New_Applications_January_2025.pdf
2026-01-08T02:51:37: scraper > [7] Honoring the Class of 2021 :: https://commencement.umich.edu/wp-content/uploads/2022/05/SpringCommencement2021_final.pdf
2026-01-08T02:51:37: scraper > Sorted by (lyrics/chords) score.
2026-01-08T02:51:37: scraper > Chosen URL: https://www.futureaudioworkshop.com/
2026-01-08T02:51:37: scraper > Chosen Title: Future Audio Workshop
2026-01-08T02:51:37: 
2026-01-08T02:51:37: ──────── NAVIGATE ────────
2026-01-08T02:51:38: scraper > page.goto done. Final URL: https://futureaudioworkshop.com/
2026-01-08T02:51:38: scraper > HTTP status: 200
2026-01-08T02:51:49: scraper > Page title: Future Audio Workshop
2026-01-08T02:51:49: scraper > HTML length: 163360
2026-01-08T02:51:49: 
2026-01-08T02:51:49: ──────── READABILITY ────────
2026-01-08T02:51:49: scraper > isProbablyReaderable: false
2026-01-08T02:51:50: scraper > Readability parse OK. content length: 31447
2026-01-08T02:51:50: scraper > Lines from Readability: 208
2026-01-08T02:51:50: 
2026-01-08T02:51:50: ──────── FALLBACK #1 (DENSE BLOCK) ────────
2026-01-08T02:51:50: 
2026-01-08T02:51:50: ──────── FALLBACK #2 (SITE-AWARE) ────────
2026-01-08T02:51:50: 
2026-01-08T02:51:50: ──────── RESULT ────────
2026-01-08T02:51:50: scraper > Used Readability: true Useful: true
2026-01-08T02:51:50: scraper > Final URL: https://futureaudioworkshop.com/
2026-01-08T02:51:50: scraper > Total lines: 208
2026-01-08T02:51:50: scraper > Preview: Notes |  | Instruments | Notes |  | Sublab XL |  | SubLab |  | Circle² |  | Shop |  | Resources | Blog |  | Support |  | Community |  | NotesBuy Now |  | Sublab XL |  | SubLab |  | Circle² |  | Shop |  | Blog |  | Support |  | Community |  | My Account |  | $0 |  | ×
2026-01-08T02:51:50:         × |  | Try circle² today…
2026-01-08T02:51:50: scraper > Browser context closed.
2026-01-08T02:51:54: 
2026-01-08T02:51:54: ──────── REQUEST ────────
2026-01-08T02:51:54: scraper > songName: maili ankita pun
2026-01-08T02:51:54: scraper > linkIndex (raw): 0
2026-01-08T02:51:54: 
2026-01-08T02:51:54: ──────── GOOGLE SEARCH ────────
2026-01-08T02:51:54: scraper > Searching Google for: maili ankita pun
2026-01-08T02:51:54: scraper > Using API Key: AIza****3tvo
2026-01-08T02:51:54: scraper > Final query sent: "maili ankita pun lyrics and chords"
2026-01-08T02:51:54: scraper > Using GOOGLE_NOBILLING_API_KEY_2: AIza****sgEQ
2026-01-08T02:51:54: scraper > Using SEARCHENGINE_ID_2: 055c81ad25228427a
2026-01-08T02:51:54: scraper > Google returned 8 results
2026-01-08T02:51:54: scraper > [0] MAILI CHORDS by Ankita Pun @ Ultimate-Guitar.Com :: https://tabs.ultimate-guitar.com/tab/ankita-pun/maili-chords-4386071
2026-01-08T02:51:54: scraper > [1] Maili Uke tab by Ankita Pun - Ukulele Tabs :: https://www.ukulele-tabs.com/uke-songs/ankita-pun/maili-uke-tab-84993.html
2026-01-08T02:51:54: scraper > [2] Maili- Ankita Pun || guitar chords || capo 6 || Chords - Chordify :: https://chordify.net/chords/maili-ankita-pun-guitar-chords-capo-6-jamming
2026-01-08T02:51:54: scraper > [3] Ankita Pun - Maili Chords - Gitagram :: https://www.gitagram.com/chords/maili/
2026-01-08T02:51:54: scraper > [4] Maili - Ankita Pun | Guitar Lesson | Easy Chords | Chords - Chordify :: https://chordify.net/chords/maili-ma-ili-ankita-pun-guitar-lesson-easy-chords-live-version-kush-plays
2026-01-08T02:51:54: scraper > [5] Ankita Pun | Nepali Songs Videos, MP3 with Lyrics and Chords ... :: https://www.tunesnepal.com/ankita-pun-singer
2026-01-08T02:51:54: scraper > [6] Ankita Pun Chords & Tabs for Guitar, Ukulele, Bass, Drums at ... :: https://www.ultimate-guitar.com/artist/ankita_pun_1750229
2026-01-08T02:51:54: scraper > [7] Ankita Pun | Lyrics | Songs, Videos, MP3 with Lyrics and Chords ... :: https://www.tunesnepal.com/ankita-pun-singer/lyrics
2026-01-08T02:51:54: scraper > Sorted by (lyrics/chords) score.
2026-01-08T02:51:54: scraper > Chosen URL: https://www.tunesnepal.com/ankita-pun-singer
2026-01-08T02:51:54: scraper > Chosen Title: Ankita Pun | Nepali Songs Videos, MP3 with Lyrics and Chords ...
2026-01-08T02:51:54: 
2026-01-08T02:51:54: ──────── NAVIGATE ────────
2026-01-08T02:51:58: scraper > page.goto done. Final URL: https://www.tunesnepal.com/ankita-pun-singer
2026-01-08T02:51:58: scraper > HTTP status: 200
2026-01-08T02:52:02: scraper > Page title: Ankita Pun | Nepali Songs Videos, MP3 with Lyrics and Chords | TunesNepal
2026-01-08T02:52:02: scraper > HTML length: 177754
2026-01-08T02:52:02: 
2026-01-08T02:52:02: ──────── READABILITY ────────
2026-01-08T02:52:02: scraper > isProbablyReaderable: false
2026-01-08T02:52:04: scraper > Readability parse OK. content length: 1704
2026-01-08T02:52:04: scraper > Lines from Readability: 20
2026-01-08T02:52:04: 
2026-01-08T02:52:04: ──────── FALLBACK #1 (DENSE BLOCK) ────────
2026-01-08T02:52:04: 
2026-01-08T02:52:04: ──────── FALLBACK #2 (SITE-AWARE) ────────
2026-01-08T02:52:04: 
2026-01-08T02:52:04: ──────── RESULT ────────
2026-01-08T02:52:04: scraper > Used Readability: true Useful: true
2026-01-08T02:52:04: scraper > Final URL: https://www.tunesnepal.com/ankita-pun-singer
2026-01-08T02:52:04: scraper > Total lines: 20
2026-01-08T02:52:04: scraper > Preview: create new account |  | Create your very own TunesNepal account |  | SignUp with Social Media |  | Facebook
2026-01-08T02:52:04:                                 
2026-01-08T02:52:04:                                 
2026-01-08T02:52:04:                                      Twitter
2026-01-08T02:52:04:                                 
2026-01-08T02:52:04:                                 
2026-01-08T02:52:04:                …
2026-01-08T02:52:04: scraper > Browser context closed.
2026-01-08T02:52:10: 
2026-01-08T02:52:10: ──────── REQUEST ────────
2026-01-08T02:52:10: scraper > songName: maili ankita pun
2026-01-08T02:52:10: scraper > linkIndex (raw): 1
2026-01-08T02:52:10: 
2026-01-08T02:52:10: ──────── GOOGLE SEARCH ────────
2026-01-08T02:52:10: scraper > Searching Google for: maili ankita pun
2026-01-08T02:52:10: scraper > Using API Key: AIza****3tvo
2026-01-08T02:52:10: scraper > Final query sent: "maili ankita pun lyrics and chords"
2026-01-08T02:52:10: scraper > Using GOOGLE_NOBILLING_API_KEY_2: AIza****sgEQ
2026-01-08T02:52:10: scraper > Using SEARCHENGINE_ID_2: 055c81ad25228427a
2026-01-08T02:52:10: scraper > Google returned 8 results
2026-01-08T02:52:10: scraper > [0] MAILI CHORDS by Ankita Pun @ Ultimate-Guitar.Com :: https://tabs.ultimate-guitar.com/tab/ankita-pun/maili-chords-4386071
2026-01-08T02:52:10: scraper > [1] Maili Uke tab by Ankita Pun - Ukulele Tabs :: https://www.ukulele-tabs.com/uke-songs/ankita-pun/maili-uke-tab-84993.html
2026-01-08T02:52:10: scraper > [2] Maili- Ankita Pun || guitar chords || capo 6 || Chords - Chordify :: https://chordify.net/chords/maili-ankita-pun-guitar-chords-capo-6-jamming
2026-01-08T02:52:10: scraper > [3] Ankita Pun - Maili Chords - Gitagram :: https://www.gitagram.com/chords/maili/
2026-01-08T02:52:10: scraper > [4] Maili - Ankita Pun | Guitar Lesson | Easy Chords | Chords - Chordify :: https://chordify.net/chords/maili-ma-ili-ankita-pun-guitar-lesson-easy-chords-live-version-kush-plays
2026-01-08T02:52:10: scraper > [5] Ankita Pun | Nepali Songs Videos, MP3 with Lyrics and Chords ... :: https://www.tunesnepal.com/ankita-pun-singer
2026-01-08T02:52:10: scraper > [6] Ankita Pun Chords & Tabs for Guitar, Ukulele, Bass, Drums at ... :: https://www.ultimate-guitar.com/artist/ankita_pun_1750229
2026-01-08T02:52:10: scraper > [7] Ankita Pun | Lyrics | Songs, Videos, MP3 with Lyrics and Chords ... :: https://www.tunesnepal.com/ankita-pun-singer/lyrics
2026-01-08T02:52:10: scraper > Sorted by (lyrics/chords) score.
2026-01-08T02:52:10: scraper > Chosen URL: https://www.tunesnepal.com/ankita-pun-singer/lyrics
2026-01-08T02:52:10: scraper > Chosen Title: Ankita Pun | Lyrics | Songs, Videos, MP3 with Lyrics and Chords ...
2026-01-08T02:52:10: 
2026-01-08T02:52:10: ──────── NAVIGATE ────────
2026-01-08T02:52:14: scraper > page.goto done. Final URL: https://www.tunesnepal.com/ankita-pun-singer/lyrics
2026-01-08T02:52:14: scraper > HTTP status: 200
2026-01-08T02:52:17: scraper > Page title: Ankita Pun | Lyrics | Songs, Videos, MP3 with Lyrics and Chords | TunesNepal
2026-01-08T02:52:17: scraper > HTML length: 59018
2026-01-08T02:52:17: 
2026-01-08T02:52:17: ──────── READABILITY ────────
2026-01-08T02:52:18: scraper > isProbablyReaderable: false
2026-01-08T02:52:18: scraper > Readability parse OK. content length: 1704
2026-01-08T02:52:19: scraper > Lines from Readability: 20
2026-01-08T02:52:19: 
2026-01-08T02:52:19: ──────── FALLBACK #1 (DENSE BLOCK) ────────
2026-01-08T02:52:19: 
2026-01-08T02:52:19: ──────── FALLBACK #2 (SITE-AWARE) ────────
2026-01-08T02:52:19: 
2026-01-08T02:52:19: ──────── RESULT ────────
2026-01-08T02:52:19: scraper > Used Readability: true Useful: true
2026-01-08T02:52:19: scraper > Final URL: https://www.tunesnepal.com/ankita-pun-singer/lyrics
2026-01-08T02:52:19: scraper > Total lines: 20
2026-01-08T02:52:19: scraper > Preview: create new account |  | Create your very own TunesNepal account |  | SignUp with Social Media |  | Facebook
2026-01-08T02:52:19:                                 
2026-01-08T02:52:19:                                 
2026-01-08T02:52:19:                                      Twitter
2026-01-08T02:52:19:                                 
2026-01-08T02:52:19:                                 
2026-01-08T02:52:19:                …
2026-01-08T02:52:19: scraper > Browser context closed.
2026-01-08T02:52:21: 
2026-01-08T02:52:21: ──────── REQUEST ────────
2026-01-08T02:52:21: scraper > songName: maili ankita pun
2026-01-08T02:52:21: scraper > linkIndex (raw): 2
2026-01-08T02:52:21: 
2026-01-08T02:52:21: ──────── GOOGLE SEARCH ────────
2026-01-08T02:52:21: scraper > Searching Google for: maili ankita pun
2026-01-08T02:52:21: scraper > Using API Key: AIza****3tvo
2026-01-08T02:52:21: scraper > Final query sent: "maili ankita pun lyrics and chords"
2026-01-08T02:52:21: scraper > Using GOOGLE_NOBILLING_API_KEY_2: AIza****sgEQ
2026-01-08T02:52:21: scraper > Using SEARCHENGINE_ID_2: 055c81ad25228427a
2026-01-08T02:52:21: scraper > Google returned 8 results
2026-01-08T02:52:21: scraper > [0] MAILI CHORDS by Ankita Pun @ Ultimate-Guitar.Com :: https://tabs.ultimate-guitar.com/tab/ankita-pun/maili-chords-4386071
2026-01-08T02:52:21: scraper > [1] Maili Uke tab by Ankita Pun - Ukulele Tabs :: https://www.ukulele-tabs.com/uke-songs/ankita-pun/maili-uke-tab-84993.html
2026-01-08T02:52:21: scraper > [2] Maili- Ankita Pun || guitar chords || capo 6 || Chords - Chordify :: https://chordify.net/chords/maili-ankita-pun-guitar-chords-capo-6-jamming
2026-01-08T02:52:21: scraper > [3] Ankita Pun - Maili Chords - Gitagram :: https://www.gitagram.com/chords/maili/
2026-01-08T02:52:21: scraper > [4] Maili - Ankita Pun | Guitar Lesson | Easy Chords | Chords - Chordify :: https://chordify.net/chords/maili-ma-ili-ankita-pun-guitar-lesson-easy-chords-live-version-kush-plays
2026-01-08T02:52:21: scraper > [5] Ankita Pun | Nepali Songs Videos, MP3 with Lyrics and Chords ... :: https://www.tunesnepal.com/ankita-pun-singer
2026-01-08T02:52:21: scraper > [6] Ankita Pun Chords & Tabs for Guitar, Ukulele, Bass, Drums at ... :: https://www.ultimate-guitar.com/artist/ankita_pun_1750229
2026-01-08T02:52:21: scraper > [7] Ankita Pun | Lyrics | Songs, Videos, MP3 with Lyrics and Chords ... :: https://www.tunesnepal.com/ankita-pun-singer/lyrics
2026-01-08T02:52:21: scraper > Sorted by (lyrics/chords) score.
2026-01-08T02:52:21: scraper > Chosen URL: https://tabs.ultimate-guitar.com/tab/ankita-pun/maili-chords-4386071
2026-01-08T02:52:21: scraper > Chosen Title: MAILI CHORDS by Ankita Pun @ Ultimate-Guitar.Com
2026-01-08T02:52:21: 
2026-01-08T02:52:21: ──────── NAVIGATE ────────
2026-01-08T02:52:22: scraper > page.goto done. Final URL: https://tabs.ultimate-guitar.com/tab/ankita-pun/maili-chords-4386071
2026-01-08T02:52:22: scraper > HTTP status: 200
2026-01-08T02:52:34: scraper > networkidle wait skipped/timeout
2026-01-08T02:52:34: scraper > Page title: MAILI CHORDS by Ankita Pun @ Ultimate-Guitar.Com
2026-01-08T02:52:34: scraper > HTML length: 334681
2026-01-08T02:52:34: 
2026-01-08T02:52:34: ──────── READABILITY ────────
2026-01-08T02:52:35: scraper > isProbablyReaderable: true
2026-01-08T02:52:35: scraper > Readability parse OK. content length: 4790
2026-01-08T02:52:35: scraper > Lines from Readability: 65
2026-01-08T02:52:35: 
2026-01-08T02:52:35: ──────── FALLBACK #1 (DENSE BLOCK) ────────
2026-01-08T02:52:35: 
2026-01-08T02:52:35: ──────── FALLBACK #2 (SITE-AWARE) ────────
2026-01-08T02:52:35: 
2026-01-08T02:52:35: ──────── RESULT ────────
2026-01-08T02:52:35: scraper > Used Readability: true Useful: true
2026-01-08T02:52:35: scraper > Final URL: https://tabs.ultimate-guitar.com/tab/ankita-pun/maili-chords-4386071
2026-01-08T02:52:35: scraper > Total lines: 65
2026-01-08T02:52:35: scraper > Preview: by Ankita Pun |  | 167,299 views374 saves |  | Author: sagun15851 [a] 221Difficulty: beginner |  | This version is easy and suitable for both beginners and intermediate players. |  | Speed: 0.2 |  | Transpose |  | [Verse 1]
2026-01-08T02:52:35: C         G            F
2026-01-08T02:52:35:   Tadha tadha meri mayalu
2026-01-08T02:52:35:       G
2026-01-08T02:52:35: Baato herdai holi…
2026-01-08T02:52:35: scraper > Browser context closed.
2026-01-08T02:57:01: 
2026-01-08T02:57:01: ──────── REQUEST ────────
2026-01-08T02:57:01: scraper > songName: aakha le anurag khadkga
2026-01-08T02:57:01: scraper > linkIndex (raw): 0
2026-01-08T02:57:01: 
2026-01-08T02:57:01: ──────── GOOGLE SEARCH ────────
2026-01-08T02:57:01: scraper > Searching Google for: aakha le anurag khadkga
2026-01-08T02:57:01: scraper > Using API Key: AIza****3tvo
2026-01-08T02:57:01: scraper > Final query sent: "aakha le anurag khadkga lyrics and chords"
2026-01-08T02:57:01: scraper > Using GOOGLE_NOBILLING_API_KEY_2: AIza****sgEQ
2026-01-08T02:57:01: scraper > Using SEARCHENGINE_ID_2: 055c81ad25228427a
2026-01-08T02:57:02: scraper > Google returned 0 results
2026-01-08T02:57:02: scraper > Error in scrapeLyrisc: No search results found for the song
2026-01-08T02:57:02: scraper > Browser context closed.
2026-01-08T02:57:08: 
2026-01-08T02:57:08: ──────── REQUEST ────────
2026-01-08T02:57:08: scraper > songName: aakha le anurag khadkha
2026-01-08T02:57:08: scraper > linkIndex (raw): 0
2026-01-08T02:57:08: 
2026-01-08T02:57:08: ──────── GOOGLE SEARCH ────────
2026-01-08T02:57:08: scraper > Searching Google for: aakha le anurag khadkha
2026-01-08T02:57:08: scraper > Using API Key: AIza****3tvo
2026-01-08T02:57:08: scraper > Final query sent: "aakha le anurag khadkha lyrics and chords"
2026-01-08T02:57:08: scraper > Using GOOGLE_NOBILLING_API_KEY_2: AIza****sgEQ
2026-01-08T02:57:08: scraper > Using SEARCHENGINE_ID_2: 055c81ad25228427a
2026-01-08T02:57:08: scraper > Google returned 8 results
2026-01-08T02:57:08: scraper > [0] Aakha Le (Gajalu Ti Timra Aankha) | Grish Khadka, Anurag Khadka ... :: https://www.tunesnepal.com/grish-khadka-singer/aakha-le-gajalu-ti-timra-aankha
2026-01-08T02:57:08: scraper > [1] Anurag Khadka - Aakha Le (Raw) Chords - Chordify :: https://chordify.net/chords/aakha-le-raw-anurag-khadka-topic
2026-01-08T02:57:08: scraper > [2] Anurag Khadka | Lyrics | Songs, Videos, MP3 with Lyrics and Chords :: https://tunesnepal.com/public/index.php/anurag-khadka-singer/lyrics
2026-01-08T02:57:08: scraper > [3] Aakha le (Gajalu ti timra aakha) - Grish Shrestha X Anurag Khadka ... :: https://chordify.net/chords/aakha-le-anurag-khadka-x-grish-shrestha-audio-grish-shrestha
2026-01-08T02:57:08: scraper > [4] Gajalu Ti Timra Aakha Guitar Chord | TikTok :: https://www.tiktok.com/discover/gajalu-ti-timra-aakha-guitar-chord
2026-01-08T02:57:08: scraper > [5] Aakhale - Anurag Khadka | Guitar Lesson | Plucking & Chords ... :: https://chordify.net/chords/aakhale-anurag-khadka-guitar-lesson-plucking-chords-unreleased-song-kush-plays
2026-01-08T02:57:08: scraper > [6] Kina Dukhcha Lyrics and Chords | Shiva Lamichhane :: https://anysongchord.com/kina-dukhcha-lyrics-and-chords/
2026-01-08T02:57:08: scraper > [7] timi samu - Song Lyrics and Music by dream movie arranged by ... :: https://www.smule.com/song/dream-movie-timi-samu-karaoke-lyrics/630873330_492532/arrangement
2026-01-08T02:57:08: scraper > Sorted by (lyrics/chords) score.
2026-01-08T02:57:08: scraper > Chosen URL: https://tunesnepal.com/public/index.php/anurag-khadka-singer/lyrics
2026-01-08T02:57:08: scraper > Chosen Title: Anurag Khadka | Lyrics | Songs, Videos, MP3 with Lyrics and Chords
2026-01-08T02:57:08: 
2026-01-08T02:57:08: ──────── NAVIGATE ────────
2026-01-08T02:57:11: scraper > page.goto done. Final URL: https://tunesnepal.com/public/index.php/anurag-khadka-singer/lyrics
2026-01-08T02:57:11: scraper > HTTP status: 200
2026-01-08T02:57:23: scraper > Timeout hit. Closing context and returning fallback.
2026-01-08T02:57:23: scraper > networkidle wait skipped/timeout
2026-01-08T02:57:23: scraper > Error in scrapeLyrisc: page.title: Target page, context or browser has been closed
2026-01-08T02:57:23: scraper > Browser context closed.
2026-01-08T02:57:36: 
2026-01-08T02:57:36: ──────── REQUEST ────────
2026-01-08T02:57:36: scraper > songName: aakha le anurag khadkha
2026-01-08T02:57:36: scraper > linkIndex (raw): 1
2026-01-08T02:57:36: 
2026-01-08T02:57:36: ──────── GOOGLE SEARCH ────────
2026-01-08T02:57:36: scraper > Searching Google for: aakha le anurag khadkha
2026-01-08T02:57:36: scraper > Using API Key: AIza****3tvo
2026-01-08T02:57:36: scraper > Final query sent: "aakha le anurag khadkha lyrics and chords"
2026-01-08T02:57:36: scraper > Using GOOGLE_NOBILLING_API_KEY_2: AIza****sgEQ
2026-01-08T02:57:36: scraper > Using SEARCHENGINE_ID_2: 055c81ad25228427a
2026-01-08T02:57:37: scraper > Google returned 8 results
2026-01-08T02:57:37: scraper > [0] Aakha Le (Gajalu Ti Timra Aankha) | Grish Khadka, Anurag Khadka ... :: https://www.tunesnepal.com/grish-khadka-singer/aakha-le-gajalu-ti-timra-aankha
2026-01-08T02:57:37: scraper > [1] Anurag Khadka - Aakha Le (Raw) Chords - Chordify :: https://chordify.net/chords/aakha-le-raw-anurag-khadka-topic
2026-01-08T02:57:37: scraper > [2] Anurag Khadka | Lyrics | Songs, Videos, MP3 with Lyrics and Chords :: https://tunesnepal.com/public/index.php/anurag-khadka-singer/lyrics
2026-01-08T02:57:37: scraper > [3] Aakha le (Gajalu ti timra aakha) - Grish Shrestha X Anurag Khadka ... :: https://chordify.net/chords/aakha-le-anurag-khadka-x-grish-shrestha-audio-grish-shrestha
2026-01-08T02:57:37: scraper > [4] Gajalu Ti Timra Aakha Guitar Chord | TikTok :: https://www.tiktok.com/discover/gajalu-ti-timra-aakha-guitar-chord
2026-01-08T02:57:37: scraper > [5] Aakhale - Anurag Khadka | Guitar Lesson | Plucking & Chords ... :: https://chordify.net/chords/aakhale-anurag-khadka-guitar-lesson-plucking-chords-unreleased-song-kush-plays
2026-01-08T02:57:37: scraper > [6] Kina Dukhcha Lyrics and Chords | Shiva Lamichhane :: https://anysongchord.com/kina-dukhcha-lyrics-and-chords/
2026-01-08T02:57:37: scraper > [7] timi samu - Song Lyrics and Music by dream movie arranged by ... :: https://www.smule.com/song/dream-movie-timi-samu-karaoke-lyrics/630873330_492532/arrangement
2026-01-08T02:57:37: scraper > Sorted by (lyrics/chords) score.
2026-01-08T02:57:37: scraper > Chosen URL: https://anysongchord.com/kina-dukhcha-lyrics-and-chords/
2026-01-08T02:57:37: scraper > Chosen Title: Kina Dukhcha Lyrics and Chords | Shiva Lamichhane
2026-01-08T02:57:37: 
2026-01-08T02:57:37: ──────── NAVIGATE ────────
2026-01-08T02:57:39: scraper > page.goto done. Final URL: https://anysongchord.com/kina-dukhcha-lyrics-and-chords/
2026-01-08T02:57:39: scraper > HTTP status: 200
2026-01-08T02:57:41: scraper > Page title: Kina Dukhcha Lyrics and Chords | Shiva Lamichhane
2026-01-08T02:57:41: scraper > HTML length: 166801
2026-01-08T02:57:41: 
2026-01-08T02:57:41: ──────── READABILITY ────────
2026-01-08T02:57:41: scraper > isProbablyReaderable: true
2026-01-08T02:57:42: scraper > Readability parse OK. content length: 3479
2026-01-08T02:57:42: scraper > Lines from Readability: 89
2026-01-08T02:57:42: 
2026-01-08T02:57:42: ──────── FALLBACK #1 (DENSE BLOCK) ────────
2026-01-08T02:57:42: 
2026-01-08T02:57:42: ──────── FALLBACK #2 (SITE-AWARE) ────────
2026-01-08T02:57:42: 
2026-01-08T02:57:42: ──────── RESULT ────────
2026-01-08T02:57:42: scraper > Used Readability: true Useful: true
2026-01-08T02:57:42: scraper > Final URL: https://anysongchord.com/kina-dukhcha-lyrics-and-chords/
2026-01-08T02:57:42: scraper > Total lines: 89
2026-01-08T02:57:42: scraper > Preview: Kina Dukhcha Lyrics and Chords |  | Before you start playing, make sure your instrument is perfectly tuned. | Use our built-in Tuner for the best sound. |  | Transpose to: |  | ChordFret PatternDmxx0231A#x13331Cx32010Ax02220F133211 |  | Album: Kripa |  | Dm       A#      C    A# | …Woo .. woo … oo o…
2026-01-08T02:57:42: scraper > Browser context closed.
2026-01-08T03:00:41: 
2026-01-08T03:00:41: ──────── REQUEST ────────
2026-01-08T03:00:41: scraper > songName: kasari yabesh
2026-01-08T03:00:41: scraper > linkIndex (raw): 0
2026-01-08T03:00:41: 
2026-01-08T03:00:41: ──────── GOOGLE SEARCH ────────
2026-01-08T03:00:41: scraper > Searching Google for: kasari yabesh
2026-01-08T03:00:41: scraper > Using API Key: AIza****3tvo
2026-01-08T03:00:41: scraper > Final query sent: "kasari yabesh lyrics and chords"
2026-01-08T03:00:41: scraper > Using GOOGLE_NOBILLING_API_KEY_2: AIza****sgEQ
2026-01-08T03:00:41: scraper > Using SEARCHENGINE_ID_2: 055c81ad25228427a
2026-01-08T03:00:41: scraper > Google returned 8 results
2026-01-08T03:00:41: scraper > [0] KASARI CHORDS by Yabesh Thapa for guitar, ukulele and piano ... :: https://tabs.ultimate-guitar.com/tab/yabesh-thapa/kasari-chords-5175325
2026-01-08T03:00:41: scraper > [1] Kasari Chords - Yabesh Thapa | Wrytin :: https://wrytin.com/dhruvi1/kasari-chords-yabesh-thapa-matuc24z
2026-01-08T03:00:41: scraper > [2] Yabesh Thapa - Kasari / कसरी Chords - Chordify :: https://chordify.net/chords/yabesh-thapa-kasari-kasari-yabesh-thapa
2026-01-08T03:00:41: scraper > [3] Yabesh Thapa Chords & Tabs for Guitar, Ukulele, Bass, Drums at ... :: https://www.ultimate-guitar.com/artist/yabesh_thapa_507278
2026-01-08T03:00:41: scraper > [4] Kasari - Yabesh Lyrics and Chords :: https://chordsnepal.com/lyrics/kasari-2/
2026-01-08T03:00:41: scraper > [5] Kasari - Yabesh Thapa | Guitar Lesson | Intro & Chords | (Strumming ... :: https://chordify.net/chords/kasari-yabesh-thapa-guitar-lesson-intro-chords-strumming-kush-plays
2026-01-08T03:00:41: scraper > [6] Kasari | Yabesh Thapa | Lyrics, Chords, MP3 | TunesNepal :: https://www.tunesnepal.com/yabesh-thapa-singer/kasari-6
2026-01-08T03:00:41: scraper > [7] Kasari / कसरी - Lyrics ~ Nepali Lyrics :: https://www.nepali-songslyrics.com/2024/04/kasari-lyrics.html
2026-01-08T03:00:41: scraper > Sorted by (lyrics/chords) score.
2026-01-08T03:00:41: scraper > Chosen URL: https://chordsnepal.com/lyrics/kasari-2/
2026-01-08T03:00:41: scraper > Chosen Title: Kasari - Yabesh Lyrics and Chords
2026-01-08T03:00:41: 
2026-01-08T03:00:41: ──────── NAVIGATE ────────
2026-01-08T03:00:42: scraper > page.goto done. Final URL: https://chordsnepal.com/lyrics/kasari-2/
2026-01-08T03:00:42: scraper > HTTP status: 200
2026-01-08T03:00:45: scraper > Page title: Kasari - Yabesh Lyrics and Chords
2026-01-08T03:00:45: scraper > HTML length: 94920
2026-01-08T03:00:45: 
2026-01-08T03:00:45: ──────── READABILITY ────────
2026-01-08T03:00:45: scraper > isProbablyReaderable: true
2026-01-08T03:00:45: scraper > Readability parse OK. content length: 4019
2026-01-08T03:00:46: scraper > Lines from Readability: 122
2026-01-08T03:00:46: 
2026-01-08T03:00:46: ──────── FALLBACK #1 (DENSE BLOCK) ────────
2026-01-08T03:00:46: 
2026-01-08T03:00:46: ──────── FALLBACK #2 (SITE-AWARE) ────────
2026-01-08T03:00:46: 
2026-01-08T03:00:46: ──────── RESULT ────────
2026-01-08T03:00:46: scraper > Used Readability: true Useful: true
2026-01-08T03:00:46: scraper > Final URL: https://chordsnepal.com/lyrics/kasari-2/
2026-01-08T03:00:46: scraper > Total lines: 122
2026-01-08T03:00:46: scraper > Preview: Key: Ab | BPM: 167 |  | Malai Aaudainan Shabda | Bhanu Timi Lai K | Malai Aaudaina Guffa | Laaunu Timilai K | Malai Thaha Chaina Kati Kura | Sikaai Deu Na Hea | Timi Risai Baseko Dekhi | Paagal Bhaisake |  | Malai Aaudaina Fakaauna Timi Lai | Malai Aaunna Jaadu Tuna | Malai Aauchan Kewal | Saadhaara…
2026-01-08T03:00:46: scraper > Browser context closed.
2026-01-08T03:05:30: 
2026-01-08T03:05:30: ──────── REQUEST ────────
2026-01-08T03:05:30: scraper > songName: nihata
2026-01-08T03:05:30: scraper > linkIndex (raw): 0
2026-01-08T03:05:30: 
2026-01-08T03:05:30: ──────── GOOGLE SEARCH ────────
2026-01-08T03:05:30: scraper > Searching Google for: nihata
2026-01-08T03:05:30: scraper > Using API Key: AIza****3tvo
2026-01-08T03:05:30: scraper > Final query sent: "nihata lyrics and chords"
2026-01-08T03:05:30: scraper > Using GOOGLE_NOBILLING_API_KEY_2: AIza****sgEQ
2026-01-08T03:05:30: scraper > Using SEARCHENGINE_ID_2: 055c81ad25228427a
2026-01-08T03:05:30: scraper > Google returned 8 results
2026-01-08T03:05:30: scraper > [0] NIHITA CHORDS by John Chamling Rai @ Ultimate-Guitar.Com :: https://tabs.ultimate-guitar.com/tab/john-chamling-rai/nihita-chords-5115088
2026-01-08T03:05:30: scraper > [1] Nihita chords by John Chambling Rai - Mye Guitar :: https://www.mye-guitar.com/song/nihita
2026-01-08T03:05:30: scraper > [2] Nihita - John Chamling Rai, ukulele chords :: https://guitar-uke.com/en/ukulele/song/john_chamling_rai_nihita/12406.html
2026-01-08T03:05:30: scraper > [3] John Rai Nihita Lyrics | Boomplay :: https://www.boomplay.com/lyrics/149120875
2026-01-08T03:05:30: scraper > [4] Bambara Naade Guitar Chords by Artist Bachi Susan :: https://guitar.lk/artist/b/Bachi%20Susan/Bambara%20Naade/1
2026-01-08T03:05:30: scraper > [5] Final Project | PDF :: https://www.scribd.com/document/906070914/Final-Project-Doc
2026-01-08T03:05:30: scraper > [6] Shree Vasudev mahatmyam - Bhuj :: https://www.swaminarayan.faith/media/3834/vasudev-mahatmya-english.pdf
2026-01-08T03:05:30: scraper > [7] fÜ| `âà{âáãtÅ| W|~á{|àtÜ :: http://www.ibiblio.org/guruguha/MusicResearchLibrary/Books-English/BkE-Ravi-Sridhar-compld-Sri-Muthuswamy-Dikshitar-0169…
2026-01-08T03:05:30: scraper > Sorted by (lyrics/chords) score.
2026-01-08T03:05:30: scraper > Chosen URL: https://www.boomplay.com/lyrics/149120875
2026-01-08T03:05:30: scraper > Chosen Title: John Rai Nihita Lyrics | Boomplay
2026-01-08T03:05:30: 
2026-01-08T03:05:30: ──────── NAVIGATE ────────
2026-01-08T03:05:31: scraper > page.goto done. Final URL: https://www.boomplay.com/lyrics/149120875
2026-01-08T03:05:31: scraper > HTTP status: 200
2026-01-08T03:05:36: scraper > Page title: John Rai Nihita Lyrics | Boomplay
2026-01-08T03:05:36: scraper > HTML length: 161330
2026-01-08T03:05:36: 
2026-01-08T03:05:36: ──────── READABILITY ────────
2026-01-08T03:05:36: scraper > isProbablyReaderable: true
2026-01-08T03:05:37: scraper > Readability parse OK. content length: 617
2026-01-08T03:05:37: scraper > Lines from Readability: 32
2026-01-08T03:05:37: 
2026-01-08T03:05:37: ──────── FALLBACK #1 (DENSE BLOCK) ────────
2026-01-08T03:05:37: 
2026-01-08T03:05:37: ──────── FALLBACK #2 (SITE-AWARE) ────────
2026-01-08T03:05:37: 
2026-01-08T03:05:37: ──────── RESULT ────────
2026-01-08T03:05:37: scraper > Used Readability: true Useful: true
2026-01-08T03:05:37: scraper > Final URL: https://www.boomplay.com/lyrics/149120875
2026-01-08T03:05:37: scraper > Total lines: 32
2026-01-08T03:05:37: scraper > Preview: Raata kahile katcha hola |  | Bholi kahile huncha ni |  | Sutnai sake ko chaina ma |  | Kahile timlai bhetchu ni |  | Thaha chaina k chahanchau |  | Manchau ki ya mandainau |  | Ankha mai herna nasake ni |  | Antai heri lajai dinu |  | Cheumai huda na boleni |  | Farki Farki herdinu |  | Bhandeuna t…
2026-01-08T03:05:37: scraper > Browser context closed.
2026-01-08T03:26:34: 
2026-01-08T03:26:34: ──────── REQUEST ────────
2026-01-08T03:26:34: scraper > songName: lalaja
2026-01-08T03:26:34: scraper > linkIndex (raw): 0
2026-01-08T03:26:34: 
2026-01-08T03:26:34: ──────── GOOGLE SEARCH ────────
2026-01-08T03:26:34: scraper > Searching Google for: lalaja
2026-01-08T03:26:34: scraper > Using API Key: AIza****3tvo
2026-01-08T03:26:34: scraper > Final query sent: "lalaja lyrics and chords"
2026-01-08T03:26:34: scraper > Using GOOGLE_NOBILLING_API_KEY_2: AIza****sgEQ
2026-01-08T03:26:34: scraper > Using SEARCHENGINE_ID_2: 055c81ad25228427a
2026-01-08T03:26:35: scraper > Google returned 8 results
2026-01-08T03:26:35: scraper > [0] How Great Is Our God Guitar Chords | TikTok :: https://www.tiktok.com/discover/how-great-is-our-god-guitar-chords
2026-01-08T03:26:35: scraper > [1] Der Freischütz = (The free-shooter) : a lyric folk-drama :: https://archive.org/download/ldpd_10827261_000/ldpd_10827261_000.pdf
2026-01-08T03:26:35: scraper > [2] Will Wood Guitar Tutorial Tomcat Disposables | TikTok :: https://www.tiktok.com/discover/will-wood-guitar-tutorial-tomcat-disposables
2026-01-08T03:26:35: scraper > [3] Dialect Poetry of Northern and Central Italy: Texts and Criticism ... :: http://userhome.brooklyn.cuny.edu/bonaffini/DP/central.pdf
2026-01-08T03:26:35: scraper > [4] Moonlight Kali Uchis Piano Tutorial | TikTok :: https://www.tiktok.com/discover/moonlight-kali-uchis-piano-tutorial
2026-01-08T03:26:35: scraper > [5] JUAN REYNOSOj JUAN REYNOSO_ :: https://folkways-media.si.edu/docs/folkways/artwork/ARH00509.pdf
2026-01-08T03:26:35: scraper > [6] Non-Members -Oct to Dec'22-for disclosure report-forReview_Arun ... :: https://iprs.org/wp-content/uploads/2024/01/List_of_Authors_Other_Owners_for_Disclosure_Report_31_Dec_2022_170523.pdf
2026-01-08T03:26:35: scraper > [7] Victims by Song Title $1,000+.xlsx :: https://www.justice.gov/d9/2023-06/batista_teran_song_titles.pdf
2026-01-08T03:26:35: scraper > Sorted by (lyrics/chords) score.
2026-01-08T03:26:35: scraper > Chosen URL: https://www.tiktok.com/discover/how-great-is-our-god-guitar-chords
2026-01-08T03:26:35: scraper > Chosen Title: How Great Is Our God Guitar Chords | TikTok
2026-01-08T03:26:35: 
2026-01-08T03:26:35: ──────── NAVIGATE ────────
2026-01-08T03:26:36: scraper > page.goto done. Final URL: https://www.tiktok.com/discover/how-great-is-our-god-guitar-chords
2026-01-08T03:26:36: scraper > HTTP status: 200
2026-01-08T03:26:45: scraper > Page title: How Great Is Our God Guitar Chords | TikTok
2026-01-08T03:26:45: scraper > HTML length: 488587
2026-01-08T03:26:45: 
2026-01-08T03:26:45: ──────── READABILITY ────────
2026-01-08T03:26:45: scraper > isProbablyReaderable: false
2026-01-08T03:26:45: scraper > Readability parse OK. content length: 27251
2026-01-08T03:26:45: scraper > Lines from Readability: 32
2026-01-08T03:26:45: 
2026-01-08T03:26:45: ──────── FALLBACK #1 (DENSE BLOCK) ────────
2026-01-08T03:26:45: 
2026-01-08T03:26:45: ──────── FALLBACK #2 (SITE-AWARE) ────────
2026-01-08T03:26:45: 
2026-01-08T03:26:45: ──────── RESULT ────────
2026-01-08T03:26:45: scraper > Used Readability: true Useful: true
2026-01-08T03:26:45: scraper > Final URL: https://www.tiktok.com/discover/how-great-is-our-god-guitar-chords
2026-01-08T03:26:45: scraper > Total lines: 32
2026-01-08T03:26:45: scraper > Preview: How great is our God Guitar tutorial with chords and lyrics: playthrough #howgreatisourGod #ghguitartutorial #tiktok #fyp # #worshipsong #chordsandlyrics  How Great Is Our God - Guitar Tutorial and Lyrics. Learn to play 'How Great Is Our God' with this detailed guitar tutorial, including chords and …
2026-01-08T03:26:45: scraper > Browser context closed.
2026-01-08T03:45:28: 
2026-01-08T03:45:28: ──────── REQUEST ────────
2026-01-08T03:45:28: scraper > songName: sabin rai jau ki basa
2026-01-08T03:45:28: scraper > linkIndex (raw): 0
2026-01-08T03:45:28: 
2026-01-08T03:45:28: ──────── GOOGLE SEARCH ────────
2026-01-08T03:45:28: scraper > Searching Google for: sabin rai jau ki basa
2026-01-08T03:45:28: scraper > Using API Key: AIza****3tvo
2026-01-08T03:45:28: scraper > Final query sent: "sabin rai jau ki basa lyrics and chords"
2026-01-08T03:45:28: scraper > Using GOOGLE_NOBILLING_API_KEY_2: AIza****sgEQ
2026-01-08T03:45:28: scraper > Using SEARCHENGINE_ID_2: 055c81ad25228427a
2026-01-08T03:45:28: scraper > Google returned 8 results
2026-01-08T03:45:28: scraper > [0] JAU KI BASU CHORDS by Sabin Rai & The Elektrix @ Ultimate ... :: https://tabs.ultimate-guitar.com/tab/sabin-rai-the-elektrix/jau-ki-basu-chords-2949230
2026-01-08T03:45:28: scraper > [1] Jau Ki Basu Chords, Lyrics and Music Video By Sabin Rai | Music ... :: https://tabs.musiccafenepal.com/sabin-rai/jau-ki-basu
2026-01-08T03:45:28: scraper > [2] Sabin Rai – Jau ki Basu Lyrics | Genius Lyrics :: https://genius.com/Sabin-rai-jau-ki-basu-lyrics
2026-01-08T03:45:28: scraper > [3] October 2017 - All Nepal Chords :: http://allnepalichords.blogspot.com/2017/10/
2026-01-08T03:45:28: scraper > [4] Magiraxu Thorai Maya Full Lyrics | TikTok :: https://www.tiktok.com/discover/magiraxu-thorai-maya-full-lyrics
2026-01-08T03:45:28: scraper > [5] 2014 - NEPALI SONGS LYRICS :: http://mohit-nepalilyrics.blogspot.com/2014/
2026-01-08T03:45:28: scraper > [6] Jau Ki Basu Lyrics and Music Video By Sabin Rai | Music Cafe Nepal :: https://lyrics.musiccafenepal.com/sabin-rai/jau-ki-basu
2026-01-08T03:45:28: scraper > [7] Untitled :: ftp://ftp.cs.princeton.edu/pub/cs226/autocomplete/bing.txt
2026-01-08T03:45:28: scraper > Sorted by (lyrics/chords) score.
2026-01-08T03:45:28: scraper > Chosen URL: https://tabs.musiccafenepal.com/sabin-rai/jau-ki-basu
2026-01-08T03:45:28: scraper > Chosen Title: Jau Ki Basu Chords, Lyrics and Music Video By Sabin Rai | Music ...
2026-01-08T03:45:28: 
2026-01-08T03:45:28: ──────── NAVIGATE ────────
2026-01-08T03:45:30: scraper > page.goto done. Final URL: https://tabs.musiccafenepal.com/sabin-rai/jau-ki-basu
2026-01-08T03:45:30: scraper > HTTP status: 200
2026-01-08T03:45:36: scraper > Page title: Jau Ki Basu Chords, Lyrics and Music Video By Sabin Rai | Music Cafe Nepal
2026-01-08T03:45:36: scraper > HTML length: 126600
2026-01-08T03:45:36: 
2026-01-08T03:45:36: ──────── READABILITY ────────
2026-01-08T03:45:36: scraper > isProbablyReaderable: true
2026-01-08T03:45:36: scraper > Readability parse OK. content length: 2451
2026-01-08T03:45:36: scraper > Lines from Readability: 2
2026-01-08T03:45:36: 
2026-01-08T03:45:36: ──────── FALLBACK #1 (DENSE BLOCK) ────────
2026-01-08T03:45:36: 
2026-01-08T03:45:36: ──────── FALLBACK #2 (SITE-AWARE) ────────
2026-01-08T03:45:36: 
2026-01-08T03:45:36: ──────── RESULT ────────
2026-01-08T03:45:36: scraper > Used Readability: true Useful: true
2026-01-08T03:45:36: scraper > Final URL: https://tabs.musiccafenepal.com/sabin-rai/jau-ki-basu
2026-01-08T03:45:36: scraper > Total lines: 2
2026-01-08T03:45:36: scraper > Preview: C#m            G#m          A           B
2026-01-08T03:45:36: maya timile kahile garey jasto malaai laagdaina
2026-01-08T03:45:36: E                C#m            A              B
2026-01-08T03:45:36: khaali dosh didai aayau malaai kina ho kahile bujhina
2026-01-08T03:45:36: C#m            G#m                A                    B
2026-01-08T03:45:36: jasto aapatti aaye pani haami maajh sangai hunchhu…
2026-01-08T03:45:36: scraper > Browser context closed.
2026-01-08T21:53:42: Scheduled browser restart
2026-01-08T21:53:42: Browser closed successfully
2026-01-08T21:53:42: Browser started successfully
2026-01-09T21:53:42: Scheduled browser restart
2026-01-09T21:53:42: Browser closed successfully
2026-01-09T21:53:42: Browser started successfully
2026-01-10T06:10:56: 
2026-01-10T06:10:56: ──────── REQUEST ────────
2026-01-10T06:10:56: scraper > songName: khusi dekchu timi aja
2026-01-10T06:10:56: scraper > linkIndex (raw): 0
2026-01-10T06:10:56: 
2026-01-10T06:10:56: ──────── GOOGLE SEARCH ────────
2026-01-10T06:10:56: scraper > Searching Google for: khusi dekchu timi aja
2026-01-10T06:10:56: scraper > Using API Key: AIza****3tvo
2026-01-10T06:10:56: scraper > Final query sent: "khusi dekchu timi aja lyrics and chords"
2026-01-10T06:10:56: scraper > Using GOOGLE_NOBILLING_API_KEY_2: AIza****sgEQ
2026-01-10T06:10:56: scraper > Using SEARCHENGINE_ID_2: 055c81ad25228427a
2026-01-10T06:10:56: scraper > Google returned 8 results
2026-01-10T06:10:56: scraper > [0] Khusi Dekhchu Timi Aja Chords | The Edge Band :: https://anysongchord.com/khusi-dekhchu-timi-aja-chords/
2026-01-10T06:10:56: scraper > [1] Khusi Dekhchhu Timi Aaja | The Edge Band | Lyrics, Chords, MP3 ... :: https://www.tunesnepal.com/the-edge-band/khusi-dekhchhu-timi-aaja
2026-01-10T06:10:56: scraper > [2] THAHA CHAINA CHORDS by The Edge Band @ Ultimate-Guitar.Com :: https://tabs.ultimate-guitar.com/tab/the-edge-band/thaha-chaina-chords-3758510
2026-01-10T06:10:56: scraper > [3] Napali Bhajan Copy in English From Bhajan Mala, Anupam AND ... :: https://www.scribd.com/document/324904433/Bajan
2026-01-10T06:10:56: scraper > [4] PRITHAVI - KHUSHI CHHU MA AJA CHORDS by Misc Soundtrack ... :: https://tabs.ultimate-guitar.com/tab/misc-soundtrack/prithavi-khushi-chhu-ma-aja-chords-4452320
2026-01-10T06:10:56: scraper > [5] 2010 - Nepali Songs And Chords :: http://nepali-songs-chords.blogspot.com/2010/
2026-01-10T06:10:56: scraper > [6] TOLAI BASCHU CHORDS by Sasheet feat. Darshana/Girish ... :: https://tabs.ultimate-guitar.com/tab/sasheet/tolai-baschu-chords-4658201
2026-01-10T06:10:56: scraper > [7] KHUSI DEYKHCHU TIMI AJA Lyrics in English – The Edge Band ... :: https://geetkolyrics.com/khusi-deykhchu-timi-aja-lyrics-the-edge-band/
2026-01-10T06:10:56: scraper > Sorted by (lyrics/chords) score.
2026-01-10T06:10:56: scraper > Chosen URL: https://www.tunesnepal.com/the-edge-band/khusi-dekhchhu-timi-aaja
2026-01-10T06:10:56: scraper > Chosen Title: Khusi Dekhchhu Timi Aaja | The Edge Band | Lyrics, Chords, MP3 ...
2026-01-10T06:10:56: 
2026-01-10T06:10:56: ──────── NAVIGATE ────────
2026-01-10T06:11:00: scraper > page.goto done. Final URL: https://www.tunesnepal.com/the-edge-band/khusi-dekhchhu-timi-aaja
2026-01-10T06:11:00: scraper > HTTP status: 200
2026-01-10T06:11:05: scraper > Page title: Khusi Dekhchhu Timi Aaja | The Edge Band | Lyrics, Chords, MP3 | TunesNepal
2026-01-10T06:11:05: scraper > HTML length: 78748
2026-01-10T06:11:05: 
2026-01-10T06:11:05: ──────── READABILITY ────────
2026-01-10T06:11:06: scraper > isProbablyReaderable: true
2026-01-10T06:11:06: scraper > Readability parse OK. content length: 1628
2026-01-10T06:11:06: scraper > Lines from Readability: 63
2026-01-10T06:11:06: 
2026-01-10T06:11:06: ──────── FALLBACK #1 (DENSE BLOCK) ────────
2026-01-10T06:11:06: 
2026-01-10T06:11:06: ──────── FALLBACK #2 (SITE-AWARE) ────────
2026-01-10T06:11:06: 
2026-01-10T06:11:06: ──────── RESULT ────────
2026-01-10T06:11:06: scraper > Used Readability: true Useful: true
2026-01-10T06:11:06: scraper > Final URL: https://www.tunesnepal.com/the-edge-band/khusi-dekhchhu-timi-aaja
2026-01-10T06:11:06: scraper > Total lines: 63
2026-01-10T06:11:06: scraper > Preview: Khusi dekhchhu timilai aaja | Aru nai sanga | Chaheko timile tehi pura bhoki | Sochina kahile maya garchhau | Antai kasailai | Chhutiyera yesari nai | Ma sanga… | Kati sadhai bhari | Samjhana ma timro eklai | Aanshu bagaau | Kasari… hasechhu.. | Tadpaune timro yaada lai | Kaha lukau… |  | Aghi tyo p…
2026-01-10T06:11:06: scraper > Browser context closed.
2026-01-10T21:53:42: Scheduled browser restart
2026-01-10T21:53:42: Browser closed successfully
2026-01-10T21:53:42: Browser started successfully
2026-01-11T21:53:42: Scheduled browser restart
2026-01-11T21:53:42: Browser closed successfully
2026-01-11T21:53:42: Browser started successfully
2026-01-12T00:33:18: 
2026-01-12T00:33:18: ──────── REQUEST ────────
2026-01-12T00:33:18: scraper > songName: maili
2026-01-12T00:33:18: scraper > linkIndex (raw): 0
2026-01-12T00:33:18: 
2026-01-12T00:33:18: ──────── GOOGLE SEARCH ────────
2026-01-12T00:33:18: scraper > Searching Google for: maili
2026-01-12T00:33:18: scraper > Using API Key: AIza****3tvo
2026-01-12T00:33:18: scraper > Final query sent: "maili lyrics and chords"
2026-01-12T00:33:18: scraper > Using GOOGLE_NOBILLING_API_KEY_2: AIza****sgEQ
2026-01-12T00:33:18: scraper > Using SEARCHENGINE_ID_2: 055c81ad25228427a
2026-01-12T00:33:18: scraper > Google returned 8 results
2026-01-12T00:33:18: scraper > [0] MAILI CHORDS by Ankita Pun @ Ultimate-Guitar.Com :: https://tabs.ultimate-guitar.com/tab/ankita-pun/maili-chords-4386071
2026-01-12T00:33:18: scraper > [1] Maili Uke tab by Ankita Pun - Ukulele Tabs :: https://www.ukulele-tabs.com/uke-songs/ankita-pun/maili-uke-tab-84993.html
2026-01-12T00:33:18: scraper > [2] Maili | The Outsiders | Lyrics, Chords, MP3 | TunesNepal :: https://www.tunesnepal.com/the-outsiders/maili
2026-01-12T00:33:18: scraper > [3] Saili Ra Maili Chords & Lyrics by Dipesh Kishor Bhattarai ... :: https://hamrochords.com/dipesh-kishor-bhattarai/saaili-ra-malili
2026-01-12T00:33:18: scraper > [4] Maili- Ankita Pun || guitar chords || capo 6 || Chords - Chordify :: https://chordify.net/chords/maili-ankita-pun-guitar-chords-capo-6-jamming
2026-01-12T00:33:18: scraper > [5] Ankita Pun - Maili Chords - Gitagram :: https://www.gitagram.com/chords/maili/
2026-01-12T00:33:18: scraper > [6] Maili | The Outsiders | Lyrics, Chords, MP3 | TunesNepal :: https://tunesnepal.com/public/index.php/the-outsiders/maili
2026-01-12T00:33:18: scraper > [7] john chamling rai - Maili (cover) / lyrics Chords - Chordify :: https://chordify.net/chords/john-chamling-rai-maili-cover-lyrics-yaad
2026-01-12T00:33:18: scraper > Sorted by (lyrics/chords) score.
2026-01-12T00:33:18: scraper > Chosen URL: https://www.tunesnepal.com/the-outsiders/maili
2026-01-12T00:33:18: scraper > Chosen Title: Maili | The Outsiders | Lyrics, Chords, MP3 | TunesNepal
2026-01-12T00:33:18: 
2026-01-12T00:33:18: ──────── NAVIGATE ────────
2026-01-12T00:33:21: scraper > page.goto done. Final URL: https://www.tunesnepal.com/the-outsiders/maili
2026-01-12T00:33:21: scraper > HTTP status: 200
2026-01-12T00:33:27: scraper > Page title: Maili | The Outsiders | Lyrics, Chords, MP3 | TunesNepal
2026-01-12T00:33:27: scraper > HTML length: 216539
2026-01-12T00:33:27: 
2026-01-12T00:33:27: ──────── READABILITY ────────
2026-01-12T00:33:27: scraper > isProbablyReaderable: true
2026-01-12T00:33:27: scraper > Readability parse OK. content length: 1204
2026-01-12T00:33:27: scraper > Lines from Readability: 47
2026-01-12T00:33:27: 
2026-01-12T00:33:27: ──────── FALLBACK #1 (DENSE BLOCK) ────────
2026-01-12T00:33:27: 
2026-01-12T00:33:27: ──────── FALLBACK #2 (SITE-AWARE) ────────
2026-01-12T00:33:27: 
2026-01-12T00:33:27: ──────── RESULT ────────
2026-01-12T00:33:27: scraper > Used Readability: true Useful: true
2026-01-12T00:33:27: scraper > Final URL: https://www.tunesnepal.com/the-outsiders/maili
2026-01-12T00:33:27: scraper > Total lines: 47
2026-01-12T00:33:27: scraper > Preview: (Timro lagi bhana matrai) x2 | Akasai ma udidiula | Tara tipi lyaidiula, Maili | Mai mari jaula | (Timro lagi bhana matrai) x2 | Ukali ni chadi diula | Orali ni jharidiula, Maili | Mai mari jaula | Verse:1 |  | Gham paani jhari ma ota banula | Sang sangai hasi khusima chot sahula | Chdke topi laidei…
2026-01-12T00:33:28: scraper > Browser context closed.
2026-01-12T00:56:44: 
2026-01-12T00:56:44: ──────── REQUEST ────────
2026-01-12T00:56:44: scraper > songName: khusi delchu
2026-01-12T00:56:44: scraper > linkIndex (raw): 0
2026-01-12T00:56:44: 
2026-01-12T00:56:44: ──────── GOOGLE SEARCH ────────
2026-01-12T00:56:44: scraper > Searching Google for: khusi delchu
2026-01-12T00:56:44: scraper > Using API Key: AIza****3tvo
2026-01-12T00:56:44: scraper > Final query sent: "khusi delchu lyrics and chords"
2026-01-12T00:56:44: scraper > Using GOOGLE_NOBILLING_API_KEY_2: AIza****sgEQ
2026-01-12T00:56:44: scraper > Using SEARCHENGINE_ID_2: 055c81ad25228427a
2026-01-12T00:56:44: scraper > Google returned 0 results
2026-01-12T00:56:44: scraper > Error in scrapeLyrisc: No search results found for the song
2026-01-12T00:56:44: scraper > Browser context closed.
2026-01-12T00:56:59: 
2026-01-12T00:56:59: ──────── REQUEST ────────
2026-01-12T00:56:59: scraper > songName: samjhine mutu
2026-01-12T00:56:59: scraper > linkIndex (raw): 0
2026-01-12T00:57:00: 
2026-01-12T00:57:00: ──────── GOOGLE SEARCH ────────
2026-01-12T00:57:00: scraper > Searching Google for: samjhine mutu
2026-01-12T00:57:00: scraper > Using API Key: AIza****3tvo
2026-01-12T00:57:00: scraper > Final query sent: "samjhine mutu lyrics and chords"
2026-01-12T00:57:00: scraper > Using GOOGLE_NOBILLING_API_KEY_2: AIza****sgEQ
2026-01-12T00:57:00: scraper > Using SEARCHENGINE_ID_2: 055c81ad25228427a
2026-01-12T00:57:00: scraper > Google returned 8 results
2026-01-12T00:57:00: scraper > [0] SAMJHINE MUTU CHORDS by The Edge Band @ Ultimate-Guitar ... :: https://tabs.ultimate-guitar.com/tab/the-edge-band/samjhine-mutu-chords-2534118
2026-01-12T00:57:00: scraper > [1] NepaliSongChord::Samjhine mutu by The Edge Band :: http://www.nepalisongchord.com/song/Samjhine_mutu
2026-01-12T00:57:00: scraper > [2] Samjhine Mutu - The Edge Band ~ Songs Chords :: http://songskord.blogspot.com/2015/08/samjhine-mutu-edge-band.html
2026-01-12T00:57:00: scraper > [3] Samjhine Mutu chords by The Edge Band - Mye Guitar :: https://www.mye-guitar.com/song/samjhine-mutu
2026-01-12T00:57:00: scraper > [4] Samjhine Mutu tab with lyrics by The Edge Band for guitar ... :: https://www.guitaretab.com/t/the-edge-band/363590.html
2026-01-12T00:57:00: scraper > [5] Samjhine Mutu | The Edge Band | Lyrics, Chords, MP3 | TunesNepal :: https://www.tunesnepal.com/the-edge-band/samjhine-mutu
2026-01-12T00:57:00: scraper > [6] The Edge Band - Samjhine Mutu - Chords ( Original Key - Lyrics :: https://uakor.com/en/chord/the-edge-band-samjhine-mutu-chords-akorlar
2026-01-12T00:57:00: scraper > [7] Samjhine Mutu Chords & Lyrics by The Edge Band | Hamrochords ... :: https://hamrochords.com/the-edge/samjhine-mutu
2026-01-12T00:57:00: scraper > Sorted by (lyrics/chords) score.
2026-01-12T00:57:00: scraper > Chosen URL: https://www.tunesnepal.com/the-edge-band/samjhine-mutu
2026-01-12T00:57:00: scraper > Chosen Title: Samjhine Mutu | The Edge Band | Lyrics, Chords, MP3 | TunesNepal
2026-01-12T00:57:00: 
2026-01-12T00:57:00: ──────── NAVIGATE ────────
2026-01-12T00:57:03: scraper > page.goto done. Final URL: https://www.tunesnepal.com/the-edge-band/samjhine-mutu
2026-01-12T00:57:03: scraper > HTTP status: 200
2026-01-12T00:57:07: scraper > Page title: Samjhine Mutu | The Edge Band | Lyrics, Chords, MP3 | TunesNepal
2026-01-12T00:57:07: scraper > HTML length: 68901
2026-01-12T00:57:07: 
2026-01-12T00:57:07: ──────── READABILITY ────────
2026-01-12T00:57:08: scraper > isProbablyReaderable: true
2026-01-12T00:57:08: scraper > Readability parse OK. content length: 1177
2026-01-12T00:57:08: scraper > Lines from Readability: 41
2026-01-12T00:57:08: 
2026-01-12T00:57:08: ──────── FALLBACK #1 (DENSE BLOCK) ────────
2026-01-12T00:57:08: 
2026-01-12T00:57:08: ──────── FALLBACK #2 (SITE-AWARE) ────────
2026-01-12T00:57:08: 
2026-01-12T00:57:08: ──────── RESULT ────────
2026-01-12T00:57:08: scraper > Used Readability: true Useful: true
2026-01-12T00:57:08: scraper > Final URL: https://www.tunesnepal.com/the-edge-band/samjhine-mutu
2026-01-12T00:57:08: scraper > Total lines: 41
2026-01-12T00:57:08: scraper > Preview: (Samjhine mutu ferna paye hunthyo) X2 | Dukhi rahane man ferna paye hunthyo | Verse:1 |  | Har raatma mitha sapana haru | Aankha bhari aauthyo | Jhaskera ti sapana haru | Tuti janthyo | (Tuteko sapana dekhne aankhalai | Chimlana paye hunthyo) X2 | Dukhi rahane man ferna paye hunthyo |  | Verse:2 |  …
2026-01-12T00:57:08: scraper > Browser context closed.
2026-01-12T00:57:47: 
2026-01-12T00:57:47: ──────── REQUEST ────────
2026-01-12T00:57:47: scraper > songName: samjhine mutu edge band
2026-01-12T00:57:47: scraper > linkIndex (raw): 0
2026-01-12T00:57:47: 
2026-01-12T00:57:47: ──────── GOOGLE SEARCH ────────
2026-01-12T00:57:47: scraper > Searching Google for: samjhine mutu edge band
2026-01-12T00:57:47: scraper > Using API Key: AIza****3tvo
2026-01-12T00:57:47: scraper > Final query sent: "samjhine mutu edge band lyrics and chords"
2026-01-12T00:57:47: scraper > Using GOOGLE_NOBILLING_API_KEY_2: AIza****sgEQ
2026-01-12T00:57:47: scraper > Using SEARCHENGINE_ID_2: 055c81ad25228427a
2026-01-12T00:57:47: scraper > Google returned 8 results
2026-01-12T00:57:47: scraper > [0] SAMJHINE MUTU CHORDS by The Edge Band @ Ultimate-Guitar ... :: https://tabs.ultimate-guitar.com/tab/the-edge-band/samjhine-mutu-chords-2534118
2026-01-12T00:57:47: scraper > [1] NepaliSongChord::Samjhine mutu by The Edge Band :: http://www.nepalisongchord.com/song/Samjhine_mutu
2026-01-12T00:57:47: scraper > [2] Samjhine Mutu - The Edge Band ~ Songs Chords :: http://songskord.blogspot.com/2015/08/samjhine-mutu-edge-band.html
2026-01-12T00:57:47: scraper > [3] Samjhine Mutu tab with lyrics by The Edge Band for guitar ... :: https://www.guitaretab.com/t/the-edge-band/363590.html
2026-01-12T00:57:47: scraper > [4] Samjhine Mutu Chords & Lyrics by The Edge Band | Hamrochords ... :: https://hamrochords.com/the-edge/samjhine-mutu
2026-01-12T00:57:47: scraper > [5] Samjhine Mutu | The Edge Band | Lyrics, Chords, MP3 | TunesNepal :: https://www.tunesnepal.com/the-edge-band/samjhine-mutu
2026-01-12T00:57:47: scraper > [6] The Edge Band Nepal : 'Samjhine Mutu...' Chords - Chordify :: https://chordify.net/chords/the-edge-band-nepal-samjhine-mutu-rajan-shrestha
2026-01-12T00:57:47: scraper > [7] The Edge Band - Samjhine Mutu - Chords ( Original Key - Lyrics :: https://uakor.com/en/chord/the-edge-band-samjhine-mutu-chords-akorlar
2026-01-12T00:57:47: scraper > Sorted by (lyrics/chords) score.
2026-01-12T00:57:47: scraper > Chosen URL: https://hamrochords.com/the-edge/samjhine-mutu
2026-01-12T00:57:47: scraper > Chosen Title: Samjhine Mutu Chords & Lyrics by The Edge Band | Hamrochords ...
2026-01-12T00:57:47: 
2026-01-12T00:57:47: ──────── NAVIGATE ────────
2026-01-12T00:57:49: scraper > page.goto done. Final URL: https://hamrochords.com/the-edge/samjhine-mutu
2026-01-12T00:57:49: scraper > HTTP status: 200
2026-01-12T00:58:01: scraper > networkidle wait skipped/timeout
2026-01-12T00:58:01: scraper > Page title: Samjhine Mutu Chords & Lyrics by The Edge Band | Hamrochords.com
2026-01-12T00:58:01: scraper > HTML length: 60720
2026-01-12T00:58:01: 
2026-01-12T00:58:01: ──────── READABILITY ────────
2026-01-12T00:58:02: scraper > isProbablyReaderable: true
2026-01-12T00:58:02: scraper > Readability parse OK. content length: 2639
2026-01-12T00:58:02: scraper > Lines from Readability: 66
2026-01-12T00:58:02: 
2026-01-12T00:58:02: ──────── FALLBACK #1 (DENSE BLOCK) ────────
2026-01-12T00:58:02: 
2026-01-12T00:58:02: ──────── FALLBACK #2 (SITE-AWARE) ────────
2026-01-12T00:58:02: 
2026-01-12T00:58:02: ──────── RESULT ────────
2026-01-12T00:58:02: scraper > Used Readability: true Useful: true
2026-01-12T00:58:02: scraper > Final URL: https://hamrochords.com/the-edge/samjhine-mutu
2026-01-12T00:58:02: scraper > Total lines: 66
2026-01-12T00:58:02: scraper > Preview: 9,226 views |  | English Content |  | Rhythm : |  | Root Chord : |  | Download PDF |  | Intro: |  | A..............C#m.....Bm.......A |  | Samjhine Mutu Ferna Paaye Hunthyo |  | A..............C#m.....Bm.......A |  | Samjhine Mutu Ferna Paaye Hunthyo |  | A.............F#m.....Bm...........D |  | Du…
2026-01-12T00:58:02: scraper > Browser context closed.
2026-01-12T01:03:36: 
2026-01-12T01:03:36: ──────── REQUEST ────────
2026-01-12T01:03:36: scraper > songName: timro mata
2026-01-12T01:03:36: scraper > linkIndex (raw): 0
2026-01-12T01:03:36: 
2026-01-12T01:03:36: ──────── GOOGLE SEARCH ────────
2026-01-12T01:03:36: scraper > Searching Google for: timro mata
2026-01-12T01:03:36: scraper > Using API Key: AIza****3tvo
2026-01-12T01:03:36: scraper > Final query sent: "timro mata lyrics and chords"
2026-01-12T01:03:36: scraper > Using GOOGLE_NOBILLING_API_KEY_2: AIza****sgEQ
2026-01-12T01:03:36: scraper > Using SEARCHENGINE_ID_2: 055c81ad25228427a
2026-01-12T01:03:36: scraper > Google returned 8 results
2026-01-12T01:03:36: scraper > [0] TIMRO MAYA TABS by Cobweb @ Ultimate-Guitar.Com :: https://tabs.ultimate-guitar.com/tab/cobweb/timro-maya-tabs-470880
2026-01-12T01:03:36: scraper > [1] Mata Timro Manchhe Banna Sakina | Anju Panta | Lyrics, Chords ... :: https://www.tunesnepal.com/anju-panta/mata-timro-manchhe-banna-sakina
2026-01-12T01:03:36: scraper > [2] MA TIMRO CHORDS by Swoopna Suman @ Ultimate-Guitar.Com :: https://tabs.ultimate-guitar.com/tab/swoopna-suman/ma-timro-chords-3659324
2026-01-12T01:03:36: scraper > [3] Ma Ta Harpal Hunchu | Pramod Kharel | Lyrics, Chords, MP3 ... :: https://www.tunesnepal.com/pramod-kharel/ma-ta-harpal-hunchu
2026-01-12T01:03:36: scraper > [4] KOMAL TYO TIMRO CHORDS by Sabin Rai @ Ultimate-Guitar.Com :: https://tabs.ultimate-guitar.com/tab/sabin-rai/komal-tyo-timro-chords-2555469
2026-01-12T01:03:36: scraper > [5] Ma ta dur dekhi aaye - Song Lyrics and Music by Deep Shrestha ... :: https://www.smule.com/song/deep-shrestha-ma-ta-dur-dekhi-aaye-karaoke-lyrics/7478624_7478624/arrangement
2026-01-12T01:03:36: scraper > [6] Aashish - Bipul chhetri Lyrics ... - Nepali All Song Lyrics with Chords :: http://songs-lyricsandchord.blogspot.com/2019/03/aashish-bipul-chhetri-g-indreni-rang-ko.html
2026-01-12T01:03:36: scraper > [7] Ma Timrai Nai Hu | BrideandWarrior :: https://brideandwarrior.com/ma-timrai-nai-hu/
2026-01-12T01:03:36: scraper > Sorted by (lyrics/chords) score.
2026-01-12T01:03:36: scraper > Chosen URL: https://www.tunesnepal.com/anju-panta/mata-timro-manchhe-banna-sakina
2026-01-12T01:03:36: scraper > Chosen Title: Mata Timro Manchhe Banna Sakina | Anju Panta | Lyrics, Chords ...
2026-01-12T01:03:36: 
2026-01-12T01:03:36: ──────── NAVIGATE ────────
2026-01-12T01:03:39: 
2026-01-12T01:03:39: ──────── REQUEST ────────
2026-01-12T01:03:39: scraper > songName: timro maya
2026-01-12T01:03:39: scraper > linkIndex (raw): 0
2026-01-12T01:03:39: 
2026-01-12T01:03:39: ──────── GOOGLE SEARCH ────────
2026-01-12T01:03:39: scraper > Searching Google for: timro maya
2026-01-12T01:03:39: scraper > Using API Key: AIza****3tvo
2026-01-12T01:03:39: scraper > Final query sent: "timro maya lyrics and chords"
2026-01-12T01:03:39: scraper > Using GOOGLE_NOBILLING_API_KEY_2: AIza****sgEQ
2026-01-12T01:03:39: scraper > Using SEARCHENGINE_ID_2: 055c81ad25228427a
2026-01-12T01:03:39: scraper > Google returned 8 results
2026-01-12T01:03:39: scraper > [0] TIMRO MAYA TABS by Cobweb @ Ultimate-Guitar.Com :: https://tabs.ultimate-guitar.com/tab/cobweb/timro-maya-tabs-470880
2026-01-12T01:03:39: scraper > [1] Timro Maya by cobweb | Chordograph :: https://chordograph.com/artists/cobweb/Timro-Maya
2026-01-12T01:03:39: scraper > [2] Timro maya :: http://www.nepalisongchord.com/song/Timro_maya
2026-01-12T01:03:39: scraper > [3] Timro Maya- Cobweb - Song Lyrics and Music by Cobweb arranged ... :: https://www.smule.com/song/cobweb-timro-maya-cobweb-karaoke-lyrics/9166976_9166976/arrangement
2026-01-12T01:03:39: scraper > [4] Timro Maya Chords, Lyrics & Guitar Tabs by Cobweb from album ... :: https://hamrochords.com/cobweb/timro-maya
2026-01-12T01:03:39: scraper > [5] Timro Maya Solo Tab by Cobweb | Songsterr Tabs with Rhythm :: https://www.songsterr.com/a/wsa/cobweb-timro-maya-tab-s28450
2026-01-12T01:03:39: scraper > [6] Aama Timro Maya | The Smriti Band | Lyrics, Chords, MP3 ... :: https://www.tunesnepal.com/the-smriti-band/aama-timro-maya-1
2026-01-12T01:03:39: scraper > [7] Timro Maya Ma Dubeko Guitar Chords | TikTok :: https://www.tiktok.com/discover/timro-maya-ma-dubeko-guitar-chords
2026-01-12T01:03:39: scraper > Sorted by (lyrics/chords) score.
2026-01-12T01:03:39: scraper > Chosen URL: https://hamrochords.com/cobweb/timro-maya
2026-01-12T01:03:39: scraper > Chosen Title: Timro Maya Chords, Lyrics & Guitar Tabs by Cobweb from album ...
2026-01-12T01:03:39: 
2026-01-12T01:03:39: ──────── NAVIGATE ────────
2026-01-12T01:03:40: scraper > page.goto done. Final URL: https://www.tunesnepal.com/anju-panta/mata-timro-manchhe-banna-sakina
2026-01-12T01:03:40: scraper > HTTP status: 200
2026-01-12T01:03:42: scraper > page.goto done. Final URL: https://hamrochords.com/cobweb/timro-maya
2026-01-12T01:03:42: scraper > HTTP status: 200
2026-01-12T01:03:47: scraper > Page title: Mata Timro Manchhe Banna Sakina | Anju Panta | Lyrics, Chords, MP3 | TunesNepal
2026-01-12T01:03:47: scraper > HTML length: 78746
2026-01-12T01:03:47: 
2026-01-12T01:03:47: ──────── READABILITY ────────
2026-01-12T01:03:47: scraper > isProbablyReaderable: true
2026-01-12T01:03:47: scraper > Readability parse OK. content length: 1910
2026-01-12T01:03:47: scraper > Lines from Readability: 59
2026-01-12T01:03:47: 
2026-01-12T01:03:47: ──────── FALLBACK #1 (DENSE BLOCK) ────────
2026-01-12T01:03:47: 
2026-01-12T01:03:47: ──────── FALLBACK #2 (SITE-AWARE) ────────
2026-01-12T01:03:47: 
2026-01-12T01:03:47: ──────── RESULT ────────
2026-01-12T01:03:47: scraper > Used Readability: true Useful: true
2026-01-12T01:03:47: scraper > Final URL: https://www.tunesnepal.com/anju-panta/mata-timro-manchhe-banna-sakina
2026-01-12T01:03:47: scraper > Total lines: 59
2026-01-12T01:03:47: scraper > Preview: (Ma ta timro manche banna sakina | Timlai aafno manche bhana sakina)x2 | (Tara timlai chokho maya gari rahanchu)x2 | Jati aarop lage pani hasdai sahanchu | Ma ta timro manche banna sakina | Verse:1 |  | (Malai eklo pare pani | Khusi nai chu hare pani)x2 | (Timrai balo chaanchu ma | Timle maya mare p…
2026-01-12T01:03:47: scraper > Browser context closed.
2026-01-12T01:03:48: scraper > Page title: Timro Maya Chords, Lyrics & Guitar Tabs by Cobweb from album Swing | Hamrochords.com
2026-01-12T01:03:48: scraper > HTML length: 169007
2026-01-12T01:03:48: 
2026-01-12T01:03:48: ──────── READABILITY ────────
2026-01-12T01:03:49: scraper > isProbablyReaderable: true
2026-01-12T01:03:49: scraper > Readability parse OK. content length: 3830
2026-01-12T01:03:49: scraper > Lines from Readability: 118
2026-01-12T01:03:49: 
2026-01-12T01:03:49: ──────── FALLBACK #1 (DENSE BLOCK) ────────
2026-01-12T01:03:49: 
2026-01-12T01:03:49: ──────── FALLBACK #2 (SITE-AWARE) ────────
2026-01-12T01:03:49: 
2026-01-12T01:03:49: ──────── RESULT ────────
2026-01-12T01:03:49: scraper > Used Readability: true Useful: true
2026-01-12T01:03:49: scraper > Final URL: https://hamrochords.com/cobweb/timro-maya
2026-01-12T01:03:49: scraper > Total lines: 118
2026-01-12T01:03:49: scraper > Preview: English Content |  | Rhythm : |  | Root Chord : |  | Download PDF |  | Intro: |  | E.................B....................E........B |  | Timro Tyo Aakhama Maile Dekhethe Sansarai Merai |  | E.................B....................E........B |  | Timro Tyo Aakhama Maile Dekhethe Sansarai Merai |  | A…
2026-01-12T01:03:49: scraper > Browser context closed.
2026-01-12T01:04:04: 
2026-01-12T01:04:04: ──────── REQUEST ────────
2026-01-12T01:04:04: scraper > songName: timro mata
2026-01-12T01:04:04: scraper > linkIndex (raw): 0
2026-01-12T01:04:04: 
2026-01-12T01:04:04: ──────── REQUEST ────────
2026-01-12T01:04:04: scraper > songName: timro maya
2026-01-12T01:04:04: scraper > linkIndex (raw): 0
2026-01-12T01:04:04: 
2026-01-12T01:04:04: ──────── GOOGLE SEARCH ────────
2026-01-12T01:04:04: scraper > Searching Google for: timro mata
2026-01-12T01:04:04: scraper > Using API Key: AIza****3tvo
2026-01-12T01:04:04: scraper > Final query sent: "timro mata lyrics and chords"
2026-01-12T01:04:04: scraper > Using GOOGLE_NOBILLING_API_KEY_2: AIza****sgEQ
2026-01-12T01:04:04: scraper > Using SEARCHENGINE_ID_2: 055c81ad25228427a
2026-01-12T01:04:04: 
2026-01-12T01:04:04: ──────── GOOGLE SEARCH ────────
2026-01-12T01:04:04: scraper > Searching Google for: timro maya
2026-01-12T01:04:04: scraper > Using API Key: AIza****3tvo
2026-01-12T01:04:04: scraper > Final query sent: "timro maya lyrics and chords"
2026-01-12T01:04:04: scraper > Using GOOGLE_NOBILLING_API_KEY_2: AIza****sgEQ
2026-01-12T01:04:04: scraper > Using SEARCHENGINE_ID_2: 055c81ad25228427a
2026-01-12T01:04:04: scraper > Google returned 8 results
2026-01-12T01:04:04: scraper > [0] TIMRO MAYA TABS by Cobweb @ Ultimate-Guitar.Com :: https://tabs.ultimate-guitar.com/tab/cobweb/timro-maya-tabs-470880
2026-01-12T01:04:04: scraper > [1] Timro Maya by cobweb | Chordograph :: https://chordograph.com/artists/cobweb/Timro-Maya
2026-01-12T01:04:04: scraper > [2] Timro maya :: http://www.nepalisongchord.com/song/Timro_maya
2026-01-12T01:04:04: scraper > [3] Timro Maya- Cobweb - Song Lyrics and Music by Cobweb arranged ... :: https://www.smule.com/song/cobweb-timro-maya-cobweb-karaoke-lyrics/9166976_9166976/arrangement
2026-01-12T01:04:04: scraper > [4] Timro Maya Chords, Lyrics & Guitar Tabs by Cobweb from album ... :: https://hamrochords.com/cobweb/timro-maya
2026-01-12T01:04:04: scraper > [5] Timro Maya Solo Tab by Cobweb | Songsterr Tabs with Rhythm :: https://www.songsterr.com/a/wsa/cobweb-timro-maya-tab-s28450
2026-01-12T01:04:04: scraper > [6] Aama Timro Maya | The Smriti Band | Lyrics, Chords, MP3 ... :: https://www.tunesnepal.com/the-smriti-band/aama-timro-maya-1
2026-01-12T01:04:04: scraper > [7] Timro Maya Ma Dubeko Guitar Chords | TikTok :: https://www.tiktok.com/discover/timro-maya-ma-dubeko-guitar-chords
2026-01-12T01:04:04: scraper > Sorted by (lyrics/chords) score.
2026-01-12T01:04:04: scraper > Chosen URL: https://hamrochords.com/cobweb/timro-maya
2026-01-12T01:04:04: scraper > Chosen Title: Timro Maya Chords, Lyrics & Guitar Tabs by Cobweb from album ...
2026-01-12T01:04:04: 
2026-01-12T01:04:04: ──────── NAVIGATE ────────
2026-01-12T01:04:04: scraper > Google returned 8 results
2026-01-12T01:04:04: scraper > [0] TIMRO MAYA TABS by Cobweb @ Ultimate-Guitar.Com :: https://tabs.ultimate-guitar.com/tab/cobweb/timro-maya-tabs-470880
2026-01-12T01:04:04: scraper > [1] Mata Timro Manchhe Banna Sakina | Anju Panta | Lyrics, Chords ... :: https://www.tunesnepal.com/anju-panta/mata-timro-manchhe-banna-sakina
2026-01-12T01:04:04: scraper > [2] MA TIMRO CHORDS by Swoopna Suman @ Ultimate-Guitar.Com :: https://tabs.ultimate-guitar.com/tab/swoopna-suman/ma-timro-chords-3659324
2026-01-12T01:04:04: scraper > [3] Ma Ta Harpal Hunchu | Pramod Kharel | Lyrics, Chords, MP3 ... :: https://www.tunesnepal.com/pramod-kharel/ma-ta-harpal-hunchu
2026-01-12T01:04:04: scraper > [4] KOMAL TYO TIMRO CHORDS by Sabin Rai @ Ultimate-Guitar.Com :: https://tabs.ultimate-guitar.com/tab/sabin-rai/komal-tyo-timro-chords-2555469
2026-01-12T01:04:04: scraper > [5] Ma ta dur dekhi aaye - Song Lyrics and Music by Deep Shrestha ... :: https://www.smule.com/song/deep-shrestha-ma-ta-dur-dekhi-aaye-karaoke-lyrics/7478624_7478624/arrangement
2026-01-12T01:04:04: scraper > [6] Aashish - Bipul chhetri Lyrics ... - Nepali All Song Lyrics with Chords :: http://songs-lyricsandchord.blogspot.com/2019/03/aashish-bipul-chhetri-g-indreni-rang-ko.html
2026-01-12T01:04:04: scraper > [7] Ma Timrai Nai Hu | BrideandWarrior :: https://brideandwarrior.com/ma-timrai-nai-hu/
2026-01-12T01:04:04: scraper > Sorted by (lyrics/chords) score.
2026-01-12T01:04:04: scraper > Chosen URL: https://www.tunesnepal.com/anju-panta/mata-timro-manchhe-banna-sakina
2026-01-12T01:04:04: scraper > Chosen Title: Mata Timro Manchhe Banna Sakina | Anju Panta | Lyrics, Chords ...
2026-01-12T01:04:04: 
2026-01-12T01:04:04: ──────── NAVIGATE ────────
2026-01-12T01:04:07: scraper > page.goto done. Final URL: https://hamrochords.com/cobweb/timro-maya
2026-01-12T01:04:07: scraper > HTTP status: 200
2026-01-12T01:04:08: scraper > page.goto done. Final URL: https://www.tunesnepal.com/anju-panta/mata-timro-manchhe-banna-sakina
2026-01-12T01:04:08: scraper > HTTP status: 200
2026-01-12T01:04:15: scraper > Page title: Timro Maya Chords, Lyrics & Guitar Tabs by Cobweb from album Swing | Hamrochords.com
2026-01-12T01:04:15: scraper > HTML length: 169154
2026-01-12T01:04:15: 
2026-01-12T01:04:15: ──────── READABILITY ────────
2026-01-12T01:04:15: scraper > isProbablyReaderable: true
2026-01-12T01:04:15: scraper > Readability parse OK. content length: 3830
2026-01-12T01:04:15: scraper > Lines from Readability: 118
2026-01-12T01:04:15: 
2026-01-12T01:04:15: ──────── FALLBACK #1 (DENSE BLOCK) ────────
2026-01-12T01:04:15: 
2026-01-12T01:04:15: ──────── FALLBACK #2 (SITE-AWARE) ────────
2026-01-12T01:04:15: 
2026-01-12T01:04:15: ──────── RESULT ────────
2026-01-12T01:04:15: scraper > Used Readability: true Useful: true
2026-01-12T01:04:15: scraper > Final URL: https://hamrochords.com/cobweb/timro-maya
2026-01-12T01:04:15: scraper > Total lines: 118
2026-01-12T01:04:15: scraper > Preview: English Content |  | Rhythm : |  | Root Chord : |  | Download PDF |  | Intro: |  | E.................B....................E........B |  | Timro Tyo Aakhama Maile Dekhethe Sansarai Merai |  | E.................B....................E........B |  | Timro Tyo Aakhama Maile Dekhethe Sansarai Merai |  | A…
2026-01-12T01:04:15: scraper > Browser context closed.
2026-01-12T01:04:15: scraper > Page title: Mata Timro Manchhe Banna Sakina | Anju Panta | Lyrics, Chords, MP3 | TunesNepal
2026-01-12T01:04:15: scraper > HTML length: 78574
2026-01-12T01:04:15: 
2026-01-12T01:04:15: ──────── READABILITY ────────
2026-01-12T01:04:16: scraper > isProbablyReaderable: true
2026-01-12T01:04:16: scraper > Readability parse OK. content length: 1910
2026-01-12T01:04:16: scraper > Lines from Readability: 59
2026-01-12T01:04:16: 
2026-01-12T01:04:16: ──────── FALLBACK #1 (DENSE BLOCK) ────────
2026-01-12T01:04:16: 
2026-01-12T01:04:16: ──────── FALLBACK #2 (SITE-AWARE) ────────
2026-01-12T01:04:16: 
2026-01-12T01:04:16: ──────── RESULT ────────
2026-01-12T01:04:16: scraper > Used Readability: true Useful: true
2026-01-12T01:04:16: scraper > Final URL: https://www.tunesnepal.com/anju-panta/mata-timro-manchhe-banna-sakina
2026-01-12T01:04:16: scraper > Total lines: 59
2026-01-12T01:04:16: scraper > Preview: (Ma ta timro manche banna sakina | Timlai aafno manche bhana sakina)x2 | (Tara timlai chokho maya gari rahanchu)x2 | Jati aarop lage pani hasdai sahanchu | Ma ta timro manche banna sakina | Verse:1 |  | (Malai eklo pare pani | Khusi nai chu hare pani)x2 | (Timrai balo chaanchu ma | Timle maya mare p…
2026-01-12T01:04:16: scraper > Browser context closed.
2026-01-12T01:16:36: 
2026-01-12T01:16:36: ──────── REQUEST ────────
2026-01-12T01:16:36: scraper > songName: mantramugndo
2026-01-12T01:16:36: scraper > linkIndex (raw): 0
2026-01-12T01:16:36: 
2026-01-12T01:16:36: ──────── GOOGLE SEARCH ────────
2026-01-12T01:16:36: scraper > Searching Google for: mantramugndo
2026-01-12T01:16:36: scraper > Using API Key: AIza****3tvo
2026-01-12T01:16:36: scraper > Final query sent: "mantramugndo lyrics and chords"
2026-01-12T01:16:36: scraper > Using GOOGLE_NOBILLING_API_KEY_2: AIza****sgEQ
2026-01-12T01:16:36: scraper > Using SEARCHENGINE_ID_2: 055c81ad25228427a
2026-01-12T01:16:37: scraper > Google returned 0 results
2026-01-12T01:16:37: scraper > Error in scrapeLyrisc: No search results found for the song
2026-01-12T01:16:37: scraper > Browser context closed.
2026-01-13T18:20:03: Browser will restart every 24 hours
2026-01-13T18:20:04: API up 3001
2026-01-13T18:20:04: Browser started successfully
2026-01-13T18:20:29: 
2026-01-13T18:20:29: ──────── REQUEST ────────
2026-01-13T18:20:29: scraper > songName: test
2026-01-13T18:20:29: scraper > linkIndex (raw): 0
2026-01-13T18:20:29: 
2026-01-13T18:20:29: ──────── GOOGLE SEARCH ────────
2026-01-13T18:20:29: scraper > Searching Google for: test
2026-01-13T18:20:29: scraper > Using API Key: AIza****3tvo
2026-01-13T18:20:29: scraper > Final query sent: "test lyrics and chords"
2026-01-13T18:20:29: scraper > Using GOOGLE_NOBILLING_API_KEY_2: AIza****sgEQ
2026-01-13T18:20:29: scraper > Using SEARCHENGINE_ID_2: 055c81ad25228427a
2026-01-13T18:20:30: scraper > Google returned 8 results
2026-01-13T18:20:30: scraper > [0] ALABAMA HIGH-TEST CHORDS by Old Crow Medicine Show ... :: https://tabs.ultimate-guitar.com/tab/old-crow-medicine-show/alabama-high-test-chords-777501
2026-01-13T18:20:30: scraper > [1] Online Guitar Tuner — Tune Fast, No Sign Up Required! :: https://guitartuna.com/online-guitar-tuner
2026-01-13T18:20:30: scraper > [2] ITS ONLY A TEST CHORDS by Bishop Larry D. Trotter @ Ultimate ... :: https://tabs.ultimate-guitar.com/tab/bishop-larry-d-trotter/its-only-a-test-chords-5201175
2026-01-13T18:20:30: scraper > [3] Fight Test - Guitar Chords/Lyrics | zZounds :: https://www.zzounds.com/item--HLS151200
2026-01-13T18:20:30: scraper > [4] Superman's Song Crash Test Dummies Chords and Lyrics for Guitar :: https://www.chordie.com/chord.pere/www.guitaretab.com/c/crash-test-dummies/4298.html
2026-01-13T18:20:30: scraper > [5] Rest On Us - UPPERROOM Lyrics and Chords | Worship Together :: https://www.worshiptogether.com/songs/rest-on-us-upperroom/
2026-01-13T18:20:30: scraper > [6] Alabama High-Test Old Crow Medicine Show Chords and Lyrics for ... :: https://www.chordie.com/chord.pere/www.allcountrytabs.com/tabs/old-crow-medicine-show/alabama-high-test-17367.html
2026-01-13T18:20:30: scraper > [7] Songwriter Personality Test — Brave Worship :: https://www.braveworship.com/blog/songwriter-personality-test
2026-01-13T18:20:30: scraper > Sorted by (lyrics/chords) score.
2026-01-13T18:20:30: scraper > Chosen URL: https://www.zzounds.com/item--HLS151200
2026-01-13T18:20:30: scraper > Chosen Title: Fight Test - Guitar Chords/Lyrics | zZounds
2026-01-13T18:20:30: 
2026-01-13T18:20:30: ──────── NAVIGATE ────────
2026-01-13T18:20:31: scraper > page.goto done. Final URL: https://www.zzounds.com/item--HLS151200
2026-01-13T18:20:31: scraper > HTTP status: 200
2026-01-13T18:20:43: scraper > networkidle wait skipped/timeout
2026-01-13T18:20:43: scraper > Page title: Fight Test - Guitar Chords/Lyrics | zZounds
2026-01-13T18:20:43: scraper > HTML length: 248622
2026-01-13T18:20:43: 
2026-01-13T18:20:43: ──────── READABILITY ────────
2026-01-13T18:20:44: scraper > isProbablyReaderable: false
2026-01-13T18:20:44: scraper > Readability parse OK. content length: 3907
2026-01-13T18:20:44: scraper > Lines from Readability: 37
2026-01-13T18:20:44: 
2026-01-13T18:20:44: ──────── FALLBACK #1 (DENSE BLOCK) ────────
2026-01-13T18:20:44: 
2026-01-13T18:20:44: ──────── FALLBACK #2 (SITE-AWARE) ────────
2026-01-13T18:20:44: 
2026-01-13T18:20:44: ──────── RESULT ────────
2026-01-13T18:20:44: scraper > Used Readability: true Useful: true
2026-01-13T18:20:44: scraper > Final URL: https://www.zzounds.com/item--HLS151200
2026-01-13T18:20:44: scraper > Total lines: 37
2026-01-13T18:20:44: scraper > Preview: This is a carousel with one large image and a track of thumbnails on the left side. Select any of the
2026-01-13T18:20:44:             thumbnail buttons to change the main image. You may also use the left and right arrow keys to navigate
2026-01-13T18:20:44:             between images. |  | zZounds Gear Experts Say... |  | Downloadable Shee…
2026-01-13T18:20:44: scraper > Browser context closed.
2026-01-13T18:20:50: 
2026-01-13T18:20:50: ──────── REQUEST ────────
2026-01-13T18:20:50: scraper > songName: albatross
2026-01-13T18:20:50: scraper > linkIndex (raw): 0
2026-01-13T18:20:50: 
2026-01-13T18:20:50: ──────── GOOGLE SEARCH ────────
2026-01-13T18:20:50: scraper > Searching Google for: albatross
2026-01-13T18:20:50: scraper > Using API Key: AIza****3tvo
2026-01-13T18:20:50: scraper > Final query sent: "albatross lyrics and chords"
2026-01-13T18:20:50: scraper > Using GOOGLE_NOBILLING_API_KEY_2: AIza****sgEQ
2026-01-13T18:20:50: scraper > Using SEARCHENGINE_ID_2: 055c81ad25228427a
2026-01-13T18:20:51: scraper > Google returned 8 results
2026-01-13T18:20:51: scraper > [0] THE ALBATROSS CHORDS by Taylor Swift @ Ultimate-Guitar.Com :: https://tabs.ultimate-guitar.com/tab/taylor-swift/the-albatross-chords-5233518
2026-01-13T18:20:51: scraper > [1] Albatross Chords & Tabs for Guitar, Ukulele, Bass, Drums at ... :: https://www.ultimate-guitar.com/artist/albatross_30279
2026-01-13T18:20:51: scraper > [2] ALBATROSS CHORDS by Fleetwood Mac @ Ultimate-Guitar.Com :: https://tabs.ultimate-guitar.com/tab/fleetwood-mac/albatross-chords-5403762
2026-01-13T18:20:51: scraper > [3] Abhiman - Albatross ~ Songs Chords :: http://songskord.blogspot.com/2015/08/gm-f-e-kahile-hasenau-gm-f-e-pani-kehi.html
2026-01-13T18:20:51: scraper > [4] NISCHAL CHORDS by Albatross @ Ultimate-Guitar.Com :: https://tabs.ultimate-guitar.com/tab/albatross/nischal-chords-2239527
2026-01-13T18:20:51: scraper > [5] The Albatross - Taylor Swift Sheet Music with Chords for Piano (Solo ... :: https://musescore.com/user/4367091/scores/16118062
2026-01-13T18:20:51: scraper > [6] Adhar by albatross | Chordograph :: https://chordograph.com/artists/albatross/Adhar
2026-01-13T18:20:51: scraper > [7] Nishcal - Albatross ~ Songs Chords :: http://songskord.blogspot.com/2015/08/nishcal-albatross.html
2026-01-13T18:20:51: scraper > Sorted by (lyrics/chords) score.
2026-01-13T18:20:51: scraper > Chosen URL: https://tabs.ultimate-guitar.com/tab/taylor-swift/the-albatross-chords-5233518
2026-01-13T18:20:51: scraper > Chosen Title: THE ALBATROSS CHORDS by Taylor Swift @ Ultimate-Guitar.Com
2026-01-13T18:20:51: 
2026-01-13T18:20:51: ──────── NAVIGATE ────────
2026-01-13T18:20:52: scraper > page.goto done. Final URL: https://tabs.ultimate-guitar.com/tab/taylor-swift/the-albatross-chords-5233518
2026-01-13T18:20:52: scraper > HTTP status: 200
2026-01-13T18:21:04: scraper > networkidle wait skipped/timeout
2026-01-13T18:21:04: scraper > Page title: THE ALBATROSS CHORDS by Taylor Swift @ Ultimate-Guitar.Com
2026-01-13T18:21:04: scraper > HTML length: 360090
2026-01-13T18:21:04: 
2026-01-13T18:21:04: ──────── READABILITY ────────
2026-01-13T18:21:04: scraper > isProbablyReaderable: true
2026-01-13T18:21:04: scraper > Readability parse OK. content length: 5287
2026-01-13T18:21:04: scraper > Lines from Readability: 49
2026-01-13T18:21:04: 
2026-01-13T18:21:04: ──────── FALLBACK #1 (DENSE BLOCK) ────────
2026-01-13T18:21:04: 
2026-01-13T18:21:04: ──────── FALLBACK #2 (SITE-AWARE) ────────
2026-01-13T18:21:04: 
2026-01-13T18:21:04: ──────── RESULT ────────
2026-01-13T18:21:04: scraper > Used Readability: true Useful: true
2026-01-13T18:21:04: scraper > Final URL: https://tabs.ultimate-guitar.com/tab/taylor-swift/the-albatross-chords-5233518
2026-01-13T18:21:04: scraper > Total lines: 49
2026-01-13T18:21:04: scraper > Preview: Speed: 0.2 |  | Transpose |  | [Verse 1]
2026-01-13T18:21:04:  Bm       D
2026-01-13T18:21:04:  Wise man once said
2026-01-13T18:21:04:   Gmaj7          A
2026-01-13T18:21:04:  "Wild winds are death to the candle"
2026-01-13T18:21:04:    Bm      D   Gmaj7 A
2026-01-13T18:21:04:  A rose by any other name is a scandal
2026-01-13T18:21:04:  Bm       D       Gmaj7
2026-01-13T18:21:04:  Cautions issued, he stood
2026-01-13T18:21:04:  A
2026-01-13T18:21:04:  Shooting the messengers
2026-01-13T18:21:04:  Bm            A         Gmaj…
2026-01-13T18:21:05: scraper > Browser context closed.
2026-01-13T18:22:19: 
2026-01-13T18:22:19: ──────── REQUEST ────────
2026-01-13T18:22:19: scraper > songName: best
2026-01-13T18:22:19: scraper > linkIndex (raw): 0
2026-01-13T18:22:20: 
2026-01-13T18:22:20: ──────── GOOGLE SEARCH ────────
2026-01-13T18:22:20: scraper > Searching Google for: best
2026-01-13T18:22:20: scraper > Using API Key: AIza****3tvo
2026-01-13T18:22:20: scraper > Final query sent: "best lyrics and chords"
2026-01-13T18:22:20: scraper > Using GOOGLE_NOBILLING_API_KEY_2: AIza****sgEQ
2026-01-13T18:22:20: scraper > Using SEARCHENGINE_ID_2: 055c81ad25228427a
2026-01-13T18:22:20: scraper > Google returned 8 results
2026-01-13T18:22:20: scraper > [0] BEST PART CHORDS by Daniel Caesar feat. H.E.R. @ Ultimate ... :: https://tabs.ultimate-guitar.com/tab/daniel-caesar/best-part-chords-2126075
2026-01-13T18:22:20: scraper > [1] ULTIMATE GUITAR TABS - 1M+ songs catalog with free Chords ... :: https://www.ultimate-guitar.com/
2026-01-13T18:22:20: scraper > [2] THE BEST CHORDS by Tina Turner @ Ultimate-Guitar.Com :: https://tabs.ultimate-guitar.com/tab/tina-turner/the-best-chords-152012
2026-01-13T18:22:20: scraper > [3] Best Lyric Apps for On Stage :: https://diymusician.cdbaby.com/music-career/best-lyric-apps/
2026-01-13T18:22:20: scraper > [4] Chords, Lyrics, and Sheet Music for Worship | SongSelect® :: https://songselect.ccli.com/
2026-01-13T18:22:20: scraper > [5] Creating Lyric and Chord Sheets - Transcribing 2 - JustinGuitar ... :: https://community.justinguitar.com/t/creating-lyric-and-chord-sheets/1842
2026-01-13T18:22:20: scraper > [6] ‎Chord ai - Play any song! App - App Store :: https://apps.apple.com/us/app/chord-ai-play-any-song/id1446177109
2026-01-13T18:22:20: scraper > [7] Ultimate Guitar: Chords & Tabs - Apps on Google Play :: https://play.google.com/store/apps/details?id=com.ultimateguitar.tabs
2026-01-13T18:22:20: scraper > Sorted by (lyrics/chords) score.
2026-01-13T18:22:20: scraper > Chosen URL: https://songselect.ccli.com/
2026-01-13T18:22:20: scraper > Chosen Title: Chords, Lyrics, and Sheet Music for Worship | SongSelect®
2026-01-13T18:22:20: 
2026-01-13T18:22:20: ──────── NAVIGATE ────────
2026-01-13T18:22:21: scraper > page.goto done. Final URL: https://songselect.ccli.com/
2026-01-13T18:22:21: scraper > HTTP status: 200
2026-01-13T18:22:25: scraper > Page title: Chords, Lyrics, and Sheet Music for Worship | SongSelect®
2026-01-13T18:22:25: scraper > HTML length: 239160
2026-01-13T18:22:25: 
2026-01-13T18:22:25: ──────── READABILITY ────────
2026-01-13T18:22:25: Error: Could not parse CSS stylesheet
2026-01-13T18:22:25:     at exports.createStylesheet (/home/ubuntu/Projects/oracle24hrs/node_modules/jsdom/lib/jsdom/living/helpers/stylesheets.js:37:21)
2026-01-13T18:22:25:     at HTMLStyleElementImpl._updateAStyleBlock (/home/ubuntu/Projects/oracle24hrs/node_modules/jsdom/lib/jsdom/living/nodes/HTMLStyleElement-impl.js:67:5)
2026-01-13T18:22:25:     at HTMLStyleElementImpl._poppedOffStackOfOpenElements (/home/ubuntu/Projects/oracle24hrs/node_modules/jsdom/lib/jsdom/living/nodes/HTMLStyleElement-impl.js:41:10)
2026-01-13T18:22:25:     at JSDOMParse5Adapter.onItemPop (/home/ubuntu/Projects/oracle24hrs/node_modules/jsdom/lib/jsdom/browser/parser/html.js:175:43)
2026-01-13T18:22:25:     at Parser.onItemPop (/home/ubuntu/Projects/oracle24hrs/node_modules/parse5/dist/cjs/parser/index.js:176:90)
2026-01-13T18:22:25:     at OpenElementStack.pop (/home/ubuntu/Projects/oracle24hrs/node_modules/parse5/dist/cjs/parser/open-element-stack.js:83:22)
2026-01-13T18:22:25:     at endTagInText (/home/ubuntu/Projects/oracle24hrs/node_modules/parse5/dist/cjs/parser/index.js:2353:20)
2026-01-13T18:22:25:     at Parser._endTagOutsideForeignContent (/home/ubuntu/Projects/oracle24hrs/node_modules/parse5/dist/cjs/parser/index.js:992:17)
2026-01-13T18:22:25:     at Parser.onEndTag (/home/ubuntu/Projects/oracle24hrs/node_modules/parse5/dist/cjs/parser/index.js:957:18)
2026-01-13T18:22:25: und-color:var(--fallback-bc,oklch(var(--bc)/var(--tw-bg-opacity)));height:1px;margin:.5rem 1rem;opacity:.1}.menu :where(li ul):before{bottom:.75rem;inset-inline-start:0;position:absolute;top:.75rem;width:1px;--tw-bg-opacity:1;background-color:var(--fallback-bc,oklch(var(--bc)/var(--tw-bg-opacity)));content:"";opacity:.1}.menu :where(li:not(.menu-title)>:not(ul,details,.menu-title,.btn)),.menu :where(li:not(.menu-title)>details>summary:not(.menu-title)){border-radius:var(--rounded-btn,.5rem);padding:.5rem 1rem;text-align:start;text-wrap:balance;transition-duration:.2s;transition-property:color,background-color,border-color,text-decoration-color,fill,stroke,opacity,box-shadow,transform,filter,backdrop-filter;transition-timing-function:cubic-bezier(.4,0,.2,1);transition-timing-function:cubic-bezier(0,0,.2,1)}:where(.menu li:not(.menu-title,.disabled)>:not(ul,details,.menu-title)):is(summary):not(.active,.btn):focus-visible,:where(.menu li:not(.menu-title,.disabled)>:not(ul,details,.menu-title)):not(summary,.active,.btn).focus,:where(.menu li:not(.menu-title,.disabled)>:not(ul,details,.menu-title)):not(summary,.active,.btn):focus,:where(.menu li:not(.menu-title,.disabled)>details>summary:not(.menu-title)):is(summary):not(.active,.btn):focus-visible,:where(.menu li:not(.menu-title,.disabled)>details>summary:not(.menu-title)):not(summary,.active,.btn).focus,:where(.menu li:not(.menu-title,.disabled)>details>summary:not(.menu-title)):not(summary,.active,.btn):focus{background-color:var(--fallback-bc,oklch(var(--bc)/.1));cursor:pointer;--tw-text-opacity:1;color:var(--fallback-bc,oklch(var(--bc)/var(--tw-text-opacity)));outline:2px solid transparent;outline-offset:2px}.menu li>:not(ul,.menu-title,details,.btn).active,.menu li>:not(ul,.menu-title,details,.btn):active,.menu li>details>summary:active{--tw-bg-opacity:1;background-color:var(--fallback-n,oklch(var(--n)/var(--tw-bg-opacity)));--tw-text-opacity:1;color:var(--fallback-nc,oklch(var(--nc)/var(--tw-text-opacity)))}.menu li>:not(ul,.menu-title,details,.btn).\!active{--tw-bg-opacity:1!important;background-color:var(--fallback-n,oklch(var(--n)/var(--tw-bg-opacity)))!important;--tw-text-opacity:1!important;color:var(--fallback-nc,oklch(var(--nc)/var(--tw-text-opacity)))!important}.menu :where(li>details>summary)::-webkit-details-marker{display:none}.menu :where(li>.menu-dropdown-toggle):after,.menu :where(li>details>summary):after{box-shadow:2px 2px;content:"";display:block;height:.5rem;justify-self:end;margin-top:-.5rem;pointer-events:none;transform:rotate(45deg);transform-origin:75% 75%;transition-duration:.3s;transition-property:transform,margin-top;transition-timing-function:cubic-bezier(.4,0,.2,1);width:.5rem}.menu :where(li>.menu-dropdown-toggle.menu-dropdown-show):after,.menu :where(li>details[open]>summary):after{margin-top:0;transform:rotate(225deg)}.mockup-phone .display{border-radius:40px;margin-top:-25px;overflow:hidden}.mockup-browser .mockup-browser-toolbar .input{display:block;height:1.75rem;margin-left:auto;margin-right:auto;overflow:hidden;position:relative;text-overflow:ellipsis;white-space:nowrap;width:24rem;--tw-bg-opacity:1;background-color:var(--fallback-b2,oklch(var(--b2)/var(--tw-bg-opacity)));direction:ltr;padding-left:2rem}.mockup-browser .mockup-browser-toolbar .input:before{aspect-ratio:1/1;height:.75rem;left:.5rem;--tw-translate-y:-50%;border-color:currentColor;border-radius:9999px;border-width:2px}.mockup-browser .mockup-browser-toolbar .input:after,.mockup-browser .mockup-browser-toolbar .input:before{content:"";opacity:.6;position:absolute;top:50%;transform:translate(var(--tw-translate-x),var(--tw-translate-y)) rotate(var(--tw-rotate)) skewX(var(--tw-skew-x)) skewY(var(--tw-skew-y)) scaleX(var(--tw-scale-x)) scaleY(var(--tw-scale-y))}.mockup-browser .mockup-browser-toolbar .input:after{height:.5rem;left:1.25rem;--tw-translate-y:25%;--tw-rotate:-45deg;border-color:currentColor;border-radius:9999px;border-width:1px}.modal::backdrop,.modal:not(dialog:not(.modal-open)){animation:modal-pop .2s ease-out;background-color:#0006}.\!modal::backdrop,.\!modal:not(dialog:not(.modal-open)){animation:modal-pop .2s ease-out!important;background-color:#0006!important}.modal-open .modal-box,.modal-toggle:checked+.modal .modal-box,.modal:target .modal-box,.modal[open] .modal-box{--tw-translate-y:0px;--tw-scale-x:1;--tw-scale-y:1;transform:translate(var(--tw-translate-x),var(--tw-translate-y)) rotate(var(--tw-rotate)) skewX(var(--tw-skew-x)) skewY(var(--tw-skew-y)) scaleX(var(--tw-scale-x)) scaleY(var(--tw-scale-y))}.\!modal:target .modal-box,.\!modal[open] .modal-box,.modal-toggle:checked+.\!modal .modal-box{--tw-translate-y:0px!important;--tw-scale-x:1!important;--tw-scale-y:1!important;transform:translate(var(--tw-translate-x),var(--tw-translate-y)) rotate(var(--tw-rotate)) skewX(var(--tw-skew-x)) skewY(var(--tw-skew-y)) scaleX(var(--tw-scale-x)) scaleY(var(--tw-scale-y))!important}@keyframes modal-pop{0%{opacity:0}}.progress::-moz-progress-bar{border-radius:var(--rounded-box,1rem);--tw-bg-opacity:1;background-color:var(--fallback-bc,oklch(var(--bc)/var(--tw-bg-opacity)))}.progress:indeterminate{--progress-color:var(--fallback-bc,oklch(var(--bc)/1));animation:progress-loading 5s ease-in-out infinite;background-image:repeating-linear-gradient(90deg,var(--progress-color) -1%,var(--progress-color) 10%,transparent 10%,transparent 90%);background-position-x:15%;background-size:200%}.progress::-webkit-progress-bar{background-color:transparent;border-radius:var(--rounded-box,1rem)}.progress::-webkit-progress-value{border-radius:var(--rounded-box,1rem);--tw-bg-opacity:1;background-color:var(--fallback-bc,oklch(var(--bc)/var(--tw-bg-opacity)))}.progress:indeterminate::-moz-progress-bar{animation:progress-loading 5s ease-in-out infinite;background-color:transparent;background-image:repeating-linear-gradient(90deg,var(--progress-color) -1%,var(--progress-color) 10%,transparent 10%,transparent 90%);background-position-x:15%;background-size:200%}@keyframes progress-loading{50%{background-position-x:-115%}}.radio:focus{box-shadow:none}.radio:focus-visible{outline-color:var(--fallback-bc,oklch(var(--bc)/1));outline-offset:2px;outline-style:solid;outline-width:2px}.radio:checked,.radio[aria-checked=true]{--tw-bg-opacity:1;animation:radiomark var(--animation-input,.2s) ease-out;background-color:var(--fallback-bc,oklch(var(--bc)/var(--tw-bg-opacity)));background-image:none;box-shadow:0 0 0 4px var(--fallback-b1,oklch(var(--b1)/1)) inset,0 0 0 4px var(--fallback-b1,oklch(var(--b1)/1)) inset}.radio:disabled{cursor:not-allowed;opacity:.2}@keyframes radiomark{0%{box-shadow:0 0 0 12px var(--fallback-b1,oklch(var(--b1)/1)) inset,0 0 0 12px var(--fallback-b1,oklch(var(--b1)/1)) inset}50%{box-shadow:0 0 0 3px var(--fallback-b1,oklch(var(--b1)/1)) inset,0 0 0 3px var(--fallback-b1,oklch(var(--b1)/1)) inset}to{box-shadow:0 0 0 4px var(--fallback-b1,oklch(var(--b1)/1)) inset,0 0 0 4px var(--fallback-b1,oklch(var(--b1)/1)) inset}}.range:focus-visible::-webkit-slider-thumb{--focus-shadow:0 0 0 6px var(--fallback-b1,oklch(var(--b1)/1)) inset,0 0 0 2rem var(--range-shdw) inset}.range:focus-visible::-moz-range-thumb{--focus-shadow:0 0 0 6px var(--fallback-b1,oklch(var(--b1)/1)) inset,0 0 0 2rem var(--range-shdw) inset}.range::-webkit-slider-runnable-track{background-color:var(--fallback-bc,oklch(var(--bc)/.1));border-radius:var(--rounded-box,1rem);height:.5rem;width:100%}.range::-moz-range-track{background-color:var(--fallback-bc,oklch(var(--bc)/.1));border-radius:var(--rounded-box,1rem);height:.5rem;width:100%}.range::-webkit-slider-thumb{border-radius:var(--rounded-box,1rem);border-style:none;height:1.5rem;position:relative;width:1.5rem;--tw-bg-opacity:1;appearance:none;-webkit-appearance:none;background-color:var(--fallback-b1,oklch(var(--b1)/var(--tw-bg-opacity)));color:var(--range-shdw);top:50%;transform:translateY(-50%);--filler-size:100rem;--filler-offset:0.6rem;box-shadow:0 0 0 3px var(--range-shdw) inset,var(--focus-shadow,0 0),calc(var(--filler-size)*-1 - var(--filler-offset)) 0 0 var(--filler-size)}.range::-moz-range-thumb{border-radius:var(--rounded-box,1rem);border-style:none;height:1.5rem;position:relative;width:1.5rem;--tw-bg-opacity:1;background-color:var(--fallback-b1,oklch(var(--b1)/var(--tw-bg-opacity)));color:var(--range-shdw);top:50%;--filler-size:100rem;--filler-offset:0.5rem;box-shadow:0 0 0 3px var(--range-shdw) inset,var(--focus-shadow,0 0),calc(var(--filler-size)*-1 - var(--filler-offset)) 0 0 var(--filler-size)}.range-primary{--range-shdw:var(--fallback-p,oklch(var(--p)/1))}@keyframes rating-pop{0%{transform:translateY(-.125em)}40%{transform:translateY(-.125em)}to{transform:translateY(0)}}.select:focus{border-color:var(--fallback-bc,oklch(var(--bc)/.2));box-shadow:none;outline-color:var(--fallback-bc,oklch(var(--bc)/.2));outline-offset:2px;outline-style:solid;outline-width:2px}.select-disabled,.select:disabled,.select[disabled]{cursor:not-allowed;--tw-border-opacity:1;border-color:var(--fallback-b2,oklch(var(--b2)/var(--tw-border-opacity)));--tw-bg-opacity:1;background-color:var(--fallback-b2,oklch(var(--b2)/var(--tw-bg-opacity)));color:var(--fallback-bc,oklch(var(--bc)/.4))}.select-disabled::-moz-placeholder,.select:disabled::-moz-placeholder,.select[disabled]::-moz-placeholder{color:var(--fallback-bc,oklch(var(--bc)/var(--tw-placeholder-opacity)));--tw-placeholder-opacity:0.2}.select-disabled::placeholder,.select:disabled::placeholder,.select[disabled]::placeholder{color:var(--fallback-bc,oklch(var(--bc)/var(--tw-placeholder-opacity)));--tw-placeholder-opacity:0.2}.select-multiple,.select[multiple],.select[size].select:not([size="1"]){background-image:none;padding-right:1rem}[dir=rtl] .select{background-position:12px calc(1px + 50%),16px calc(1px + 50%)}@keyframes skeleton{0%{background-position:150%}to{background-position:-50%}}.steps .step:before{color:var(--fallback-bc,oklch(var(--bc)/var(--tw-text-opacity)));content:"";height:.5rem;margin-inline-start:-100%;top:0;transform:translate(var(--tw-translate-x),var(--tw-translate-y)) rotate(var(--tw-rotate)) skewX(var(--tw-skew-x)) skewY(var(--tw-skew-y)) scaleX(var(--tw-scale-x)) scaleY(var(--tw-scale-y));width:100%}.steps .step:after,.steps .step:before{grid-column-start:1;grid-row-start:1;--tw-bg-opacity:1;background-color:var(--fallback-b3,oklch(var(--b3)/var(--tw-bg-opacity)));--tw-text-opacity:1}.steps .step:after{border-radius:9999px;color:var(--fallback-bc,oklch(var(--bc)/var(--tw-text-opacity)));content:counter(step);counter-increment:step;display:grid;height:2rem;place-items:center;place-self:center;position:relative;width:2rem;z-index:1}.steps .step:first-child:before{content:none}.steps .step[data-content]:after{content:attr(data-content)}.tabs-lifted>.tab:focus-visible{border-end-end-radius:0;border-end-start-radius:0}.tab:is(.tab-active,[aria-selected=true]):not(.tab-disabled):not([disabled]),.tab:is(input:checked){border-color:var(--fallback-bc,oklch(var(--bc)/var(--tw-border-opacity)));--tw-border-opacity:1;--tw-text-opacity:1}.tab:focus{outline:2px solid transparent;outline-offset:2px}.tab:focus-visible{outline:2px solid currentColor;outline-offset:-5px}.tab-disabled,.tab[disabled]{color:var(--fallback-bc,oklch(var(--bc)/var(--tw-text-opacity)));cursor:not-allowed;--tw-text-opacity:0.2}.tabs-bordered>.tab{border-color:var(--fallback-bc,oklch(var(--bc)/var(--tw-border-opacity)));--tw-border-opacity:0.2;border-bottom-width:calc(var(--tab-border,1px) + 1px);border-style:solid}.tabs-lifted>.tab{border:var(--tab-border,1px) solid transparent;border-bottom-color:var(--tab-border-color);border-start-end-radius:var(--tab-radius,.5rem);border-start-start-radius:var(--tab-radius,.5rem);border-width:0 0 var(--tab-border,1px) 0;padding-inline-end:var(--tab-padding,1rem);padding-inline-start:var(--tab-padding,1rem);padding-top:var(--tab-border,1px)}.tabs-lifted>.tab:is(.tab-active,[aria-selected=true]):not(.tab-disabled):not([disabled]),.tabs-lifted>.tab:is(input:checked){background-color:var(--tab-bg);border-inline-end-color:var(--tab-border-color);border-inline-start-color:var(--tab-border-color);border-top-color:var(--tab-border-color);border-width:var(--tab-border,1px) var(--tab-border,1px) 0 var(--tab-border,1px);padding-inline-end:calc(var(--tab-padding,1rem) - var(--tab-border,1px));padding-bottom:var(--tab-border,1px);padding-inline-start:calc(var(--tab-padding,1rem) - var(--tab-border,1px));padding-top:0}.tabs-lifted>.tab:is(.tab-active,[aria-selected=true]):not(.tab-disabled):not([disabled]):before,.tabs-lifted>.tab:is(input:checked):before{background-position:0 0,100% 0;background-repeat:no-repeat;background-size:var(--tab-radius,.5rem);bottom:0;content:"";display:block;height:var(--tab-radius,.5rem);position:absolute;width:calc(100% + var(--tab-radius,.5rem)*2);z-index:1;--tab-grad:calc(69% - var(--tab-border, 1px));--radius-start:radial-gradient(circle at top left,transparent var(--tab-grad),var(--tab-border-color) calc(var(--tab-grad) + 0.25px),var(--tab-border-color) calc(var(--tab-grad) + var(--tab-border, 1px)),var(--tab-bg) calc(var(--tab-grad) + var(--tab-border, 1px) + 0.25px));--radius-end:radial-gradient(circle at top right,transparent var(--tab-grad),var(--tab-border-color) calc(var(--tab-grad) + 0.25px),var(--tab-border-color) calc(var(--tab-grad) + var(--tab-border, 1px)),var(--tab-bg) calc(var(--tab-grad) + var(--tab-border, 1px) + 0.25px));background-image:var(--radius-start),var(--radius-end)}.tabs-lifted>.tab:is(.tab-active,[aria-selected=true]):not(.tab-disabled):not([disabled]):first-child:before,.tabs-lifted>.tab:is(input:checked):first-child:before{background-image:var(--radius-end);background-position:100% 0}[dir=rtl] .tabs-lifted>.tab:is(.tab-active,[aria-selected=true]):not(.tab-disabled):not([disabled]):first-child:before,[dir=rtl] .tabs-lifted>.tab:is(input:checked):first-child:before{background-image:var(--radius-start);background-position:0 0}.tabs-lifted>.tab:is(.tab-active,[aria-selected=true]):not(.tab-disabled):not([disabled]):last-child:before,.tabs-lifted>.tab:is(input:checked):last-child:before{background-image:var(--radius-start);background-position:0 0}[dir=rtl] .tabs-lifted>.tab:is(.tab-active,[aria-selected=true]):not(.tab-disabled):not([disabled]):last-child:before,[dir=rtl] .tabs-lifted>.tab:is(input:checked):last-child:before{background-image:var(--radius-end);background-position:100% 0}.tabs-lifted>.tab:is(input:checked)+.tabs-lifted .tab:is(input:checked):before,.tabs-lifted>:is(.tab-active,[aria-selected=true]):not(.tab-disabled):not([disabled])+.tabs-lifted :is(.tab-active,[aria-selected=true]):not(.tab-disabled):not([disabled]):before{background-image:var(--radius-end);background-position:100% 0}.tabs-boxed{--tw-bg-opacity:1;background-color:var(--fallback-b2,oklch(var(--b2)/var(--tw-bg-opacity)));padding:.25rem}.tabs-boxed,.tabs-boxed .tab{border-radius:var(--rounded-btn,.5rem)}.tabs-boxed :is(.tab-active,[aria-selected=true]):not(.tab-disabled):not([disabled]),.tabs-boxed :is(input:checked){--tw-bg-opacity:1;background-color:var(--fallback-p,oklch(var(--p)/var(--tw-bg-opacity)));--tw-text-opacity:1;color:var(--fallback-pc,oklch(var(--pc)/var(--tw-text-opacity)))}.table:where([dir=rtl],[dir=rtl] *){text-align:right}.table :where(th,td){padding:.75rem 1rem;vertical-align:middle}.table tr.active,.table tr.active:nth-child(2n),.table-zebra tbody tr:nth-child(2n){--tw-bg-opacity:1;background-color:var(--fallback-b2,oklch(var(--b2)/var(--tw-bg-opacity)))}.table tr.\!active,.table tr.\!active:nth-child(2n){--tw-bg-opacity:1!important;background-color:var(--fallback-b2,oklch(var(--b2)/var(--tw-bg-opacity)))!important}.table-zebra tr.active,.table-zebra tr.active:nth-child(2n),.table-zebra-zebra tbody tr:nth-child(2n){--tw-bg-opacity:1;background-color:var(--fallback-b3,oklch(var(--b3)/var(--tw-bg-opacity)))}.table-zebra tr.\!active,.table-zebra tr.\!active:nth-child(2n){--tw-bg-opacity:1!important;background-color:var(--fallback-b3,oklch(var(--b3)/var(--tw-bg-opacity)))!important}.table :where(thead tr,tbody tr:not(:last-child),tbody tr:first-child:last-child){border-bottom-width:1px;--tw-border-opacity:1;border-bottom-color:var(--fallback-b2,oklch(var(--b2)/var(--tw-border-opacity)))}.table :where(thead,tfoot){color:var(--fallback-bc,oklch(var(--bc)/.6));font-size:.75rem;font-weight:700;line-height:1rem;white-space:nowrap}.table :where(tfoot){border-top-width:1px;--tw-border-opacity:1;border-top-color:var(--fallback-b2,oklch(var(--b2)/var(--tw-border-opacity)))}.textarea:focus{border-color:var(--fallback-bc,oklch(var(--bc)/.2));box-shadow:none;outline-color:var(--fallback-bc,oklch(var(--bc)/.2));outline-offset:2px;outline-style:solid;outline-width:2px}.textarea-disabled,.textarea:disabled,.textarea[disabled]{cursor:not-allowed;--tw-border-opacity:1;border-color:var(--fallback-b2,oklch(var(--b2)/var(--tw-border-opacity)));--tw-bg-opacity:1;background-color:var(--fallback-b2,oklch(var(--b2)/var(--tw-bg-opacity)));color:var(--fallback-bc,oklch(var(--bc)/.4))}.textarea-disabled::-moz-placeholder,.textarea:disabled::-moz-placeholder,.textarea[disabled]::-moz-placeholder{color:var(--fallback-bc,oklch(var(--bc)/var(--tw-placeholder-opacity)));--tw-placeholder-opacity:0.2}.textarea-disabled::placeholder,.textarea:disabled::placeholder,.textarea[disabled]::placeholder{color:var(--fallback-bc,oklch(var(--bc)/var(--tw-placeholder-opacity)));--tw-placeholder-opacity:0.2}.toast>*{animation:toast-pop .25s ease-out}@keyframes toast-pop{0%{opacity:0;transform:scale(.9)}to{opacity:1;transform:scale(1)}}[dir=rtl] .toggle{--handleoffsetcalculator:calc(var(--handleoffset)*1)}.toggle:focus-visible{outline-color:var(--fallback-bc,oklch(var(--bc)/.2));outline-offset:2px;outline-style:solid;outline-width:2px}.toggle:hover{background-color:currentColor}.toggle:checked,.toggle[aria-checked=true]{background-image:none;--handleoffsetcalculator:var(--handleoffset);--tw-text-opacity:1;color:var(--fallback-bc,oklch(var(--bc)/var(--tw-text-opacity)))}[dir=rtl] .toggle:checked,[dir=rtl] .toggle[aria-checked=true]{--handleoffsetcalculator:calc(var(--handleoffset)*-1)}.toggle:indeterminate{--tw-text-opacity:1;box-shadow:calc(var(--handleoffset)/2) 0 0 2px var(--tglbg) inset,calc(var(--handleoffset)/-2) 0 0 2px var(--tglbg) inset,0 0 0 2px var(--tglbg) inset;color:var(--fallback-bc,oklch(var(--bc)/var(--tw-text-opacity)))}[dir=rtl] .toggle:indeterminate{box-shadow:calc(var(--handleoffset)/2) 0 0 2px var(--tglbg) inset,calc(var(--handleoffset)/-2) 0 0 2px var(--tglbg) inset,0 0 0 2px var(--tglbg) inset}.toggle:disabled{cursor:not-allowed;--tw-border-opacity:1;background-color:transparent;border-color:var(--fallback-bc,oklch(var(--bc)/var(--tw-border-opacity)));opacity:.3;--togglehandleborder:0 0 0 3px var(--fallback-bc,oklch(var(--bc)/1)) inset,var(--handleoffsetcalculator) 0 0 3px var(--fallback-bc,oklch(var(--bc)/1)) inset}:root .prose{--tw-prose-body:var(--fallback-bc,oklch(var(--bc)/0.8));--tw-prose-headings:var(--fallback-bc,oklch(var(--bc)/1));--tw-prose-lead:var(--fallback-bc,oklch(var(--bc)/1));--tw-prose-links:var(--fallback-bc,oklch(var(--bc)/1));--tw-prose-bold:var(--fallback-bc,oklch(var(--bc)/1));--tw-prose-counters:var(--fallback-bc,oklch(var(--bc)/1));--tw-prose-bullets:var(--fallback-bc,oklch(var(--bc)/0.5));--tw-prose-hr:var(--fallback-bc,oklch(var(--bc)/0.2));--tw-prose-quotes:var(--fallback-bc,oklch(var(--bc)/1));--tw-prose-quote-borders:var(--fallback-bc,oklch(var(--bc)/0.2));--tw-prose-captions:var(--fallback-bc,oklch(var(--bc)/0.5));--tw-prose-code:var(--fallback-bc,oklch(var(--bc)/1));--tw-prose-pre-code:var(--fallback-nc,oklch(var(--nc)/1));--tw-prose-pre-bg:var(--fallback-n,oklch(var(--n)/1));--tw-prose-th-borders:var(--fallback-bc,oklch(var(--bc)/0.5));--tw-prose-td-borders:var(--fallback-bc,oklch(var(--bc)/0.2))}.prose :where(code):not(:where([class~=not-prose] *,pre *)){background-color:var(--fallback-bc,oklch(var(--bc)/.1));border-radius:var(--rounded-badge);font-weight:400;padding:1px 8px}.prose :where(code):not(:where([class~=not-prose],[class~=not-prose] *)):after,.prose :where(code):not(:where([class~=not-prose],[class~=not-prose] *)):before{display:none}.prose pre code{border-radius:0;padding:0}.prose :where(tbody tr,thead):not(:where([class~=not-prose] *)){border-bottom-color:var(--fallback-bc,oklch(var(--bc)/.2))}.no-animation{--btn-focus-scale:1;--animation-btn:0;--animation-input:0}.artboard.phone{width:320px}.btm-nav-xs>:where(.\!active){border-top-width:1px!important}.btm-nav-xs>:where(.active){border-top-width:1px}.btm-nav-sm>:where(.\!active){border-top-width:2px!important}.btm-nav-sm>:where(.active){border-top-width:2px}.btm-nav-md>:where(.\!active){border-top-width:2px!important}.btm-nav-md>:where(.active){border-top-width:2px}.btm-nav-lg>:where(.\!active){border-top-width:4px!important}.btm-nav-lg>:where(.active){border-top-width:4px}.btn-sm{font-size:.875rem;height:2rem;min-height:2rem;padding-left:.75rem;padding-right:.75rem}.btn-block{width:100%}.btn-square:where(.btn-xs){height:1.5rem;padding:0;width:1.5rem}.btn-square:where(.btn-sm){height:2rem;padding:0;width:2rem}.btn-square:where(.btn-md){height:3rem;padding:0;width:3rem}.btn-square:where(.btn-lg){height:4rem;padding:0;width:4rem}.btn-circle:where(.btn-xs){border-radius:9999px;height:1.5rem;padding:0;width:1.5rem}.btn-circle:where(.btn-sm){border-radius:9999px;height:2rem;padding:0;width:2rem}.btn-circle:where(.btn-md){border-radius:9999px;height:3rem;padding:0;width:3rem}.btn-circle:where(.btn-lg){border-radius:9999px;height:4rem;padding:0;width:4rem}.join.join-vertical{flex-direction:column}.join.join-vertical .join-item:first-child:not(:last-child),.join.join-vertical :first-child:not(:last-child) .join-item{border-end-end-radius:0;border-end-start-radius:0;border-start-end-radius:inherit;border-start-start-radius:inherit}.join.join-vertical .join-item:last-child:not(:first-child),.join.join-vertical :last-child:not(:first-child) .join-item{border-end-end-radius:inherit;border-end-start-radius:inherit;border-start-end-radius:0;border-start-start-radius:0}.join.join-horizontal{flex-direction:row}.join.join-horizontal .join-item:first-child:not(:last-child),.join.join-horizontal :first-child:not(:last-child) .join-item{border-end-end-radius:0;border-end-start-radius:inherit;border-start-end-radius:0;border-start-start-radius:inherit}.join.join-horizontal .join-item:last-child:not(:first-child),.join.join-horizontal :last-child:not(:first-child) .join-item{border-end-end-radius:inherit;border-end-start-radius:0;border-start-end-radius:inherit;border-start-start-radius:0}.range-xs{height:1rem}.range-xs::-webkit-slider-runnable-track{height:.25rem}.range-xs::-moz-range-track{height:.25rem}.range-xs::-webkit-slider-thumb{height:1rem;width:1rem;--filler-offset:0.4rem}.range-xs::-moz-range-thumb{height:1rem;width:1rem;--filler-offset:0.4rem}.steps-horizontal .step{display:grid;grid-template-columns:repeat(1,minmax(0,1fr));grid-template-rows:repeat(2,minmax(0,1fr));place-items:center;text-align:center}.steps-vertical .step{display:grid;grid-template-columns:repeat(2,minmax(0,1fr));grid-template-rows:repeat(1,minmax(0,1fr))}.tabs-md :where(.tab){font-size:.875rem;height:2rem;line-height:1.25rem;line-height:2;--tab-padding:1rem}.tabs-lg :where(.tab){font-size:1.125rem;height:3rem;line-height:1.75rem;line-height:2;--tab-padding:1.25rem}.tabs-sm :where(.tab){font-size:.875rem;height:1.5rem;line-height:.75rem;--tab-padding:0.75rem}.tabs-xs :where(.tab){font-size:.75rem;height:1.25rem;line-height:.75rem;--tab-padding:0.5rem}:where(.toast){bottom:0;inset-inline-end:0;inset-inline-start:auto;top:auto;--tw-translate-x:0px;--tw-translate-y:0px;transform:translate(var(--tw-translate-x),var(--tw-translate-y)) rotate(var(--tw-rotate)) skewX(var(--tw-skew-x)) skewY(var(--tw-skew-y)) scaleX(var(--tw-scale-x)) scaleY(var(--tw-scale-y))}.toast:where(.toast-start){inset-inline-end:auto;inset-inline-start:0;--tw-translate-x:0px;transform:translate(var(--tw-translate-x),var(--tw-translate-y)) rotate(var(--tw-rotate)) skewX(var(--tw-skew-x)) skewY(var(--tw-skew-y)) scaleX(var(--tw-scale-x)) scaleY(var(--tw-scale-y))}.toast:where(.toast-center){inset-inline-end:50%;inset-inline-start:50%;--tw-translate-x:-50%;transform:translate(var(--tw-translate-x),var(--tw-translate-y)) rotate(var(--tw-rotate)) skewX(var(--tw-skew-x)) skewY(var(--tw-skew-y)) scaleX(var(--tw-scale-x)) scaleY(var(--tw-scale-y))}.toast:where(.toast-center):where([dir=rtl],[dir=rtl] *){--tw-translate-x:50%;transform:translate(var(--tw-translate-x),var(--tw-translate-y)) rotate(var(--tw-rotate)) skewX(var(--tw-skew-x)) skewY(var(--tw-skew-y)) scaleX(var(--tw-scale-x)) scaleY(var(--tw-scale-y))}.toast:where(.toast-end){inset-inline-end:0;inset-inline-start:auto;--tw-translate-x:0px;transform:translate(var(--tw-translate-x),var(--tw-translate-y)) rotate(var(--tw-rotate)) skewX(var(--tw-skew-x)) skewY(var(--tw-skew-y)) scaleX(var(--tw-scale-x)) scaleY(var(--tw-scale-y))}.toast:where(.toast-bottom){bottom:0;top:auto;--tw-translate-y:0px;transform:translate(var(--tw-translate-x),var(--tw-translate-y)) rotate(var(--tw-rotate)) skewX(var(--tw-skew-x)) skewY(var(--tw-skew-y)) scaleX(var(--tw-scale-x)) scaleY(var(--tw-scale-y))}.toast:where(.toast-middle){bottom:auto;top:50%;--tw-translate-y:-50%;transform:translate(var(--tw-translate-x),var(--tw-translate-y)) rotate(var(--tw-rotate)) skewX(var(--tw-skew-x)) skewY(var(--tw-skew-y)) scaleX(var(--tw-scale-x)) scaleY(var(--tw-scale-y))}.toast:where(.toast-top){bottom:auto;top:0;--tw-translate-y:0px;transform:translate(var(--tw-translate-x),var(--tw-translate-y)) rotate(var(--tw-rotate)) skewX(var(--tw-skew-x)) skewY(var(--tw-skew-y)) scaleX(var(--tw-scale-x)) scaleY(var(--tw-scale-y))}.tooltip{--tooltip-offset:calc(100% + 1px + var(--tooltip-tail, 0px))}.tooltip:before{content:var(--tw-content);pointer-events:none;position:absolute;z-index:1;--tw-content:attr(data-tip)}.tooltip-top:before,.tooltip:before{bottom:var(--tooltip-offset);left:50%;right:auto;top:auto;transform:translateX(-50%)}.avatar.online:before{background-color:var(--fallback-su,oklch(var(--su)/var(--tw-bg-opacity)))}.avatar.offline:before,.avatar.online:before{border-radius:9999px;content:"";display:block;position:absolute;z-index:10;--tw-bg-opacity:1;height:15%;outline-color:var(--fallback-b1,oklch(var(--b1)/1));outline-style:solid;outline-width:2px;right:7%;top:7%;width:15%}.avatar.offline:before{background-color:var(--fallback-b3,oklch(var(--b3)/var(--tw-bg-opacity)))}.card-compact .card-body{font-size:.875rem;line-height:1.25rem;padding:1rem}.card-normal .card-body{font-size:1rem;line-height:1.5rem;padding:var(--padding-card,2rem)}.join.join-vertical>:where(:not(:first-child)){margin-left:0;margin-right:0;margin-top:-1px}.join.join-vertical>:where(:not(:first-child)):is(.btn){margin-top:calc(var(--border-btn)*-1)}.join.join-horizontal>:where(:not(:first-child)){margin-bottom:0;margin-top:0;margin-inline-start:-1px}.join.join-horizontal>:where(:not(:first-child)):is(.btn){margin-inline-start:calc(var(--border-btn)*-1)}.modal-top :where(.modal-box){max-width:none;width:100%;--tw-translate-y:-2.5rem;--tw-scale-x:1;--tw-scale-y:1;border-bottom-left-radius:var(--rounded-box,1rem);border-bottom-right-radius:var(--rounded-box,1rem);border-top-left-radius:0;border-top-right-radius:0;transform:translate(var(--tw-translate-x),var(--tw-translate-y)) rotate(var(--tw-rotate)) skewX(var(--tw-skew-x)) skewY(var(--tw-skew-y)) scaleX(var(--tw-scale-x)) scaleY(var(--tw-scale-y))}.modal-middle :where(.modal-box){max-width:32rem;width:91.666667%;--tw-translate-y:0px;--tw-scale-x:.9;--tw-scale-y:.9;border-bottom-left-radius:var(--rounded-box,1rem);border-bottom-right-radius:var(--rounded-box,1rem);border-top-left-radius:var(--rounded-box,1rem);border-top-right-radius:var(--rounded-box,1rem);transform:translate(var(--tw-translate-x),var(--tw-translate-y)) rotate(var(--tw-rotate)) skewX(var(--tw-skew-x)) skewY(var(--tw-skew-y)) scaleX(var(--tw-scale-x)) scaleY(var(--tw-scale-y))}.modal-bottom :where(.modal-box){max-width:none;width:100%;--tw-translate-y:2.5rem;--tw-scale-x:1;--tw-scale-y:1;border-bottom-left-radius:0;border-bottom-right-radius:0;border-top-left-radius:var(--rounded-box,1rem);border-top-right-radius:var(--rounded-box,1rem);transform:translate(var(--tw-translate-x),var(--tw-translate-y)) rotate(var(--tw-rotate)) skewX(var(--tw-skew-x)) skewY(var(--tw-skew-y)) scaleX(var(--tw-scale-x)) scaleY(var(--tw-scale-y))}.steps-horizontal .step{grid-template-columns:auto;grid-template-rows:40px 1fr;min-width:4rem}.steps-horizontal .step:before{height:.5rem;width:100%;--tw-translate-x:0px;--tw-translate-y:0px;content:"";margin-inline-start:-100%;transform:translate(var(--tw-translate-x),var(--tw-translate-y)) rotate(var(--tw-rotate)) skewX(var(--tw-skew-x)) skewY(var(--tw-skew-y)) scaleX(var(--tw-scale-x)) scaleY(var(--tw-scale-y))}.steps-horizontal .step:where([dir=rtl],[dir=rtl] *):before{--tw-translate-x:0px;transform:translate(var(--tw-translate-x),var(--tw-translate-y)) rotate(var(--tw-rotate)) skewX(var(--tw-skew-x)) skewY(var(--tw-skew-y)) scaleX(var(--tw-scale-x)) scaleY(var(--tw-scale-y))}.steps-vertical .step{gap:.5rem;grid-template-columns:40px 1fr;grid-template-rows:auto;justify-items:start;min-height:4rem}.steps-vertical .step:before{height:100%;width:.5rem;--tw-translate-x:-50%;--tw-translate-y:-50%;margin-inline-start:50%;transform:translate(var(--tw-translate-x),var(--tw-translate-y)) rotate(var(--tw-rotate)) skewX(var(--tw-skew-x)) skewY(var(--tw-skew-y)) scaleX(var(--tw-scale-x)) scaleY(var(--tw-scale-y))}.steps-vertical .step:where([dir=rtl],[dir=rtl] *):before{--tw-translate-x:50%;transform:translate(var(--tw-translate-x),var(--tw-translate-y)) rotate(var(--tw-rotate)) skewX(var(--tw-skew-x)) skewY(var(--tw-skew-y)) scaleX(var(--tw-scale-x)) scaleY(var(--tw-scale-y))}.tooltip{display:inline-block;position:relative;text-align:center;--tooltip-tail:0.1875rem;--tooltip-color:var(--fallback-n,oklch(var(--n)/1));--tooltip-text-color:var(--fallback-nc,oklch(var(--nc)/1));--tooltip-tail-offset:calc(100% + 0.0625rem - var(--tooltip-tail))}.tooltip:after,.tooltip:before{opacity:0;transition-delay:.1s;transition-duration:.2s;transition-property:color,background-color,border-color,text-decoration-color,fill,stroke,opacity,box-shadow,transform,filter,backdrop-filter;transition-timing-function:cubic-bezier(.4,0,.2,1)}.tooltip:after{border-style:solid;border-width:var(--tooltip-tail,0);content:"";display:block;height:0;position:absolute;width:0}.tooltip:before{background-color:var(--tooltip-color);border-radius:.25rem;color:var(--tooltip-text-color);font-size:.875rem;line-height:1.25rem;max-width:20rem;padding:.25rem .5rem;white-space:normal;width:-moz-max-content;width:max-content}.tooltip.tooltip-open:after,.tooltip.tooltip-open:before,.tooltip:hover:after,.tooltip:hover:before{opacity:1;transition-delay:75ms}.tooltip:has(:focus-visible):after,.tooltip:has(:focus-visible):before{opacity:1;transition-delay:75ms}.tooltip:not([data-tip]):hover:after,.tooltip:not([data-tip]):hover:before{opacity:0;visibility:hidden}.tooltip-top:after,.tooltip:after{border-color:var(--tooltip-color) transparent transparent transparent;bottom:var(--tooltip-tail-offset);left:50%;right:auto;top:auto;transform:translateX(-50%)}.sr-only{height:1px;margin:-1px;overflow:hidden;padding:0;position:absolute;width:1px;clip:rect(0,0,0,0);border-width:0;white-space:nowrap}.pointer-events-none{pointer-events:none}.pointer-events-auto{pointer-events:auto}.visible{visibility:visible}.collapse{visibility:collapse}.fixed{position:fixed}.absolute{position:absolute}.relative{position:relative}.sticky{position:sticky}.-bottom-1{bottom:-.25rem}.-bottom-4{bottom:-1rem}.-right-1{right:-.25rem}.-right-12{right:-3rem}.-right-2{right:-.5rem}.-top-1{top:-.25rem}.-top-3{top:-.75rem}.-top-5{top:-1.25rem}.bottom-0{bottom:0}.bottom-1{bottom:.25rem}.bottom-2{bottom:.5rem}.bottom-3{bottom:.75rem}.bottom-5{bottom:1.25rem}.bottom-\[100\%\],.bottom-full{bottom:100%}.left-0{left:0}.left-2{left:.5rem}.left-3{left:.75rem}.left-4{left:1rem}.left-5{left:1.25rem}.left-\[unset\]{left:unset}.right-0{right:0}.right-1{right:.25rem}.right-12{right:3rem}.right-2{right:.5rem}.right-4{right:1rem}.right-5{right:1.25rem}.top-0{top:0}.top-1{top:.25rem}.top-1\/2{top:50%}.top-2{top:.5rem}.top-20{top:5rem}.top-5{top:1.25rem}.top-\[50\%\]{top:50%}.top-full{top:100%}.-z-10{z-index:-10}.z-0{z-index:0}.z-10{z-index:10}.z-20{z-index:20}.z-30{z-index:30}.z-40{z-index:40}.z-50{z-index:50}.z-\[1000\]{z-index:1000}.z-\[10\]{z-index:10}.z-\[1\]{z-index:1}.z-\[28\]{z-index:28}.z-\[29\]{z-index:29}.z-\[2\]{z-index:2}.z-\[3\]{z-index:3}.z-\[500000\]{z-index:500000}.order-1{order:1}.order-2{order:2}.order-first{order:-9999}.order-last{order:9999}.col-span-2{grid-column:span 2/span 2}.col-span-3{grid-column:span 3/span 3}.col-span-7{grid-column:span 7/span 7}.m-0{margin:0}.m-8{margin:2rem}.-my-1{margin-bottom:-.25rem;margin-top:-.25rem}.-my-1\.5{margin-bottom:-.375rem;margin-top:-.375rem}.mx-2{margin-left:.5rem;margin-right:.5rem}.mx-3{margin-left:.75rem;margin-right:.75rem}.mx-4{margin-left:1rem;margin-right:1rem}.mx-auto{margin-left:auto;margin-right:auto}.my-0{margin-bottom:0;margin-top:0}.my-1{margin-bottom:.25rem;margin-top:.25rem}.my-2{margin-bottom:.5rem;margin-top:.5rem}.my-24{margin-bottom:6rem;margin-top:6rem}.my-3{margin-bottom:.75rem;margin-top:.75rem}.my-4{margin-bottom:1rem;margin-top:1rem}.my-5{margin-bottom:1.25rem;margin-top:1.25rem}.my-6{margin-bottom:1.5rem;margin-top:1.5rem}.my-8{margin-bottom:2rem;margin-top:2rem}.-mb-2{margin-bottom:-.5rem}.-mb-4{margin-bottom:-1rem}.-mb-5{margin-bottom:-1.25rem}.-ml-2{margin-left:-.5rem}.-mt-1{margin-top:-.25rem}.-mt-3{margin-top:-.75rem}.mb-0{margin-bottom:0}.mb-1{margin-bottom:.25rem}.mb-2{margin-bottom:.5rem}.mb-3{margin-bottom:.75rem}.mb-4{margin-bottom:1rem}.mb-5{margin-bottom:1.25rem}.mb-8{margin-bottom:2rem}.me-1{margin-inline-end:.25rem}.me-2{margin-inline-end:.5rem}.me-3{margin-inline-end:.75rem}.me-4{margin-inline-end:1rem}.ml-0{margin-left:0}.ml-1{margin-left:.25rem}.ml-2{margin-left:.5rem}.ml-3{margin-left:.75rem}.ml-7{margin-left:1.75rem}.ml-\[1px\]{margin-left:1px}.ml-auto{margin-left:auto}.mr-0{margin-right:0}.mr-1{margin-right:.25rem}.mr-2{margin-right:.5rem}.mr-3{margin-right:.75rem}.mr-4{margin-right:1rem}.mr-\[-5\%\]{margin-right:-5%}.mr-\[246px\]{margin-right:246px}.ms-0{margin-inline-start:0}.ms-1{margin-inline-start:.25rem}.ms-2{margin-inline-start:.5rem}.ms-3{margin-inline-start:.75rem}.ms-auto{margin-inline-start:auto}.mt-0{margin-top:0}.mt-1{margin-top:.25rem}.mt-12{margin-top:3rem}.mt-2{margin-top:.5rem}.mt-3{margin-top:.75rem}.mt-4{margin-top:1rem}.mt-5{margin-top:1.25rem}.mt-6{margin-top:1.5rem}.mt-8{margin-top:2rem}.mt-auto{margin-top:auto}.box-content{box-sizing:content-box}.line-clamp-1{-webkit-line-clamp:1}.line-clamp-1,.line-clamp-2{display:-webkit-box;overflow:hidden;-webkit-box-orient:vertical}.line-clamp-2{-webkit-line-clamp:2}.line-clamp-3{display:-webkit-box;overflow:hidden;-webkit-box-orient:vertical;-webkit-line-clamp:3}.block{display:block}.\!inline-block{display:inline-block!important}.inline-block{display:inline-block}.inline{display:inline}.\!flex{display:flex!important}.flex{display:flex}.inline-flex{display:inline-flex}.table{display:table}.table-row{display:table-row}.grid{display:grid}.contents{display:contents}.hidden{display:none}.aspect-auto{aspect-ratio:auto}.aspect-square{aspect-ratio:1/1}.aspect-video{aspect-ratio:16/9}.\!h-9{height:2.25rem!important}.h-0{height:0}.h-1{height:.25rem}.h-10{height:2.5rem}.h-11{height:2.75rem}.h-12{height:3rem}.h-16{height:4rem}.h-2{height:.5rem}.h-20{height:5rem}.h-24{height:6rem}.h-32{height:8rem}.h-4{height:1rem}.h-48{height:12rem}.h-5{height:1.25rem}.h-6{height:1.5rem}.h-60{height:15rem}.h-7{height:1.75rem}.h-8{height:2rem}.h-9{height:2.25rem}.h-\[1\.75rem\]{height:1.75rem}.h-\[10rem\]{height:10rem}.h-\[156px\]{height:156px}.h-\[200px\]{height:200px}.h-\[20px\]{height:20px}.h-\[240px\]{height:240px}.h-\[24px\]{height:24px}.h-\[260px\]{height:260px}.h-\[2rem\]{height:2rem}.h-\[300px\]{height:300px}.h-\[30px\]{height:30px}.h-\[32px\]{height:32px}.h-\[350px\]{height:350px}.h-\[36px\]{height:36px}.h-\[3px\]{height:3px}.h-\[48px\]{height:48px}.h-\[56px\]{height:56px}.h-\[5px\]{height:5px}.h-\[64px\]{height:64px}.h-\[78px\]{height:78px}.h-\[unset\]{height:unset}.h-auto{height:auto}.h-full{height:100%}.max-h-\[100vh\]{max-height:100vh}.max-h-\[300px\]{max-height:300px}.max-h-\[470px\]{max-height:470px}.max-h-\[500px\]{max-height:500px}.max-h-\[unset\]{max-height:unset}.max-h-screen{max-height:100vh}.min-h-20{min-height:5rem}.min-h-24{min-height:6rem}.min-h-\[1\.75rem\]{min-height:1.75rem}.min-h-\[2\.5rem\]{min-height:2.5rem}.min-h-\[44px\]{min-height:44px}.min-h-\[unset\]{min-height:unset}.min-h-fit{min-height:-moz-fit-content;min-height:fit-content}.min-h-screen{min-height:100vh}.\!w-9{width:2.25rem!important}.w-0{width:0}.w-10{width:2.5rem}.w-11{width:2.75rem}.w-12{width:3rem}.w-16{width:4rem}.w-2{width:.5rem}.w-24{width:6rem}.w-32{width:8rem}.w-4{width:1rem}.w-48{width:12rem}.w-52{width:13rem}.w-6{width:1.5rem}.w-64{width:16rem}.w-7{width:1.75rem}.w-8{width:2rem}.w-9{width:2.25rem}.w-\[1\.75rem\]{width:1.75rem}.w-\[100px\]{width:100px}.w-\[10rem\]{width:10rem}.w-\[125px\]{width:125px}.w-\[127px\]{width:127px}.w-\[150px\]{width:150px}.w-\[156px\]{width:156px}.w-\[17\.5px\]{width:17.5px}.w-\[170px\]{width:170px}.w-\[175px\]{width:175px}.w-\[200px\]{width:200px}.w-\[250px\]{width:250px}.w-\[275px\]{width:275px}.w-\[28px\]{width:28px}.w-\[300px\]{width:300px}.w-\[32px\]{width:32px}.w-\[36px\]{width:36px}.w-\[38px\]{width:38px}.w-\[41px\]{width:41px}.w-\[46px\]{width:46px}.w-\[48px\]{width:48px}.w-\[500px\]{width:500px}.w-\[50px\]{width:50px}.w-\[75px\]{width:75px}.w-\[80px\]{width:80px}.w-\[90px\]{width:90px}.w-\[95px\]{width:95px}.w-auto{width:auto}.w-full{width:100%}.min-w-\[225px\]{min-width:225px}.max-w-2xl{max-width:42rem}.max-w-3xl{max-width:48rem}.max-w-4xl{max-width:56rem}.max-w-5xl{max-width:64rem}.max-w-6xl{max-width:72rem}.max-w-7xl{max-width:80rem}.max-w-\[100px\]{max-width:100px}.max-w-\[105px\]{max-width:105px}.max-w-\[150px\]{max-width:150px}.max-w-\[1536px\]{max-width:1536px}.max-w-\[200px\]{max-width:200px}.max-w-\[250px\]{max-width:250px}.max-w-\[350px\]{max-width:350px}.max-w-\[360px\]{max-width:360px}.max-w-\[450px\]{max-width:450px}.max-w-\[500px\]{max-width:500px}.max-w-\[534px\]{max-width:534px}.max-w-\[750px\]{max-width:750px}.max-w-\[75px\]{max-width:75px}.max-w-full{max-width:100%}.max-w-lg{max-width:32rem}.max-w-md{max-width:28rem}.max-w-sm{max-width:24rem}.max-w-xl{max-width:36rem}.max-w-xs{max-width:20rem}.flex-1{flex:1 1 0%}.flex-shrink-0{flex-shrink:0}.shrink{flex-shrink:1}.shrink-0{flex-shrink:0}.flex-grow{flex-grow:1}.flex-grow-0{flex-grow:0}.grow{flex-grow:1}.grow-0{flex-grow:0}.origin-left{transform-origin:left}.-translate-y-0\.5{--tw-translate-y:-0.125rem}.-translate-y-0\.5,.-translate-y-1{transform:translate(var(--tw-translate-x),var(--tw-translate-y)) rotate(var(--tw-rotate)) skewX(var(--tw-skew-x)) skewY(var(--tw-skew-y)) scaleX(var(--tw-scale-x)) scaleY(var(--tw-scale-y))}.-translate-y-1{--tw-translate-y:-0.25rem}.-translate-y-2{--tw-translate-y:-0.5rem}.-translate-y-2,.-translate-y-3{transform:translate(var(--tw-translate-x),var(--tw-translate-y)) rotate(var(--tw-rotate)) skewX(var(--tw-skew-x)) skewY(var(--tw-skew-y)) scaleX(var(--tw-scale-x)) scaleY(var(--tw-scale-y))}.-translate-y-3{--tw-translate-y:-0.75rem}.translate-x-2{--tw-translate-x:0.5rem}.translate-x-2,.translate-y-2{transform:translate(var(--tw-translate-x),var(--tw-translate-y)) rotate(var(--tw-rotate)) skewX(var(--tw-skew-x)) skewY(var(--tw-skew-y)) scaleX(var(--tw-scale-x)) scaleY(var(--tw-scale-y))}.translate-y-2{--tw-translate-y:0.5rem}.-rotate-90{--tw-rotate:-90deg}.-rotate-90,.rotate-180{transform:translate(var(--tw-translate-x),var(--tw-translate-y)) rotate(var(--tw-rotate)) skewX(var(--tw-skew-x)) skewY(var(--tw-skew-y)) scaleX(var(--tw-scale-x)) scaleY(var(--tw-scale-y))}.rotate-180{--tw-rotate:180deg}.rotate-45{--tw-rotate:45deg}.rotate-45,.scale-100{transform:translate(var(--tw-translate-x),var(--tw-translate-y)) rotate(var(--tw-rotate)) skewX(var(--tw-skew-x)) skewY(var(--tw-skew-y)) scaleX(var(--tw-scale-x)) scaleY(var(--tw-scale-y))}.scale-100{--tw-scale-x:1;--tw-scale-y:1}.scale-110{--tw-scale-x:1.1;--tw-scale-y:1.1}.scale-110,.scale-125{transform:translate(var(--tw-translate-x),var(--tw-translate-y)) rotate(var(--tw-rotate)) skewX(var(--tw-skew-x)) skewY(var(--tw-skew-y)) scaleX(var(--tw-scale-x)) scaleY(var(--tw-scale-y))}.scale-125{--tw-scale-x:1.25;--tw-scale-y:1.25}.scale-150{--tw-scale-x:1.5;--tw-scale-y:1.5}.scale-150,.scale-75{transform:translate(var(--tw-translate-x),var(--tw-translate-y)) rotate(var(--tw-rotate)) skewX(var(--tw-skew-x)) skewY(var(--tw-skew-y)) scaleX(var(--tw-scale-x)) scaleY(var(--tw-scale-y))}.scale-75{--tw-scale-x:.75;--tw-scale-y:.75}.scale-\[200\%\]{--tw-scale-x:200%;--tw-scale-y:200%}.scale-\[200\%\],.scale-\[400\%\]{transform:translate(var(--tw-translate-x),var(--tw-translate-y)) rotate(var(--tw-rotate)) skewX(var(--tw-skew-x)) skewY(var(--tw-skew-y)) scaleX(var(--tw-scale-x)) scaleY(var(--tw-scale-y))}.scale-\[400\%\]{--tw-scale-x:400%;--tw-scale-y:400%}.transform{transform:translate(var(--tw-translate-x),var(--tw-translate-y)) rotate(var(--tw-rotate)) skewX(var(--tw-skew-x)) skewY(var(--tw-skew-y)) scaleX(var(--tw-scale-x)) scaleY(var(--tw-scale-y))}.cursor-auto{cursor:auto}.cursor-default{cursor:default}.cursor-grabbing{cursor:grabbing}.cursor-none{cursor:none}.cursor-not-allowed{cursor:not-allowed}.cursor-pointer{cursor:pointer}.select-none{-webkit-user-select:none;-moz-user-select:none;user-select:none}.resize{resize:both}.snap-x{scroll-snap-type:x var(--tw-scroll-snap-strictness)}.list-decimal{list-style-type:decimal}.list-disc{list-style-type:disc}.list-none{list-style-type:none}.break-inside-avoid{-moz-column-break-inside:avoid;break-inside:avoid}.grid-cols-2{grid-template-columns:repeat(2,minmax(0,1fr))}.grid-cols-3{grid-template-columns:repeat(3,minmax(0,1fr))}.grid-cols-4{grid-template-columns:repeat(4,minmax(0,1fr))}.grid-cols-5{grid-template-columns:repeat(5,minmax(0,1fr))}.grid-cols-6{grid-template-columns:repeat(6,minmax(0,1fr))}.grid-cols-7{grid-template-columns:repeat(7,minmax(0,1fr))}.\!flex-row{flex-direction:row!important}.flex-row{flex-direction:row}.flex-col{flex-direction:column}.flex-wrap{flex-wrap:wrap}.flex-nowrap{flex-wrap:nowrap}.items-start{align-items:flex-start}.items-end{align-items:flex-end}.items-center{align-items:center}.items-stretch{align-items:stretch}.justify-start{justify-content:flex-start}.justify-end{justify-content:flex-end}.justify-center{justify-content:center}.justify-between{justify-content:space-between}.gap-0{gap:0}.gap-1{gap:.25rem}.gap-10{gap:2.5rem}.gap-12{gap:3rem}.gap-2{gap:.5rem}.gap-20{gap:5rem}.gap-3{gap:.75rem}.gap-4{gap:1rem}.gap-5{gap:1.25rem}.gap-6{gap:1.5rem}.gap-8{gap:2rem}.gap-\[2px\]{gap:2px}.gap-x-0{-moz-column-gap:0;column-gap:0}.gap-x-24{-moz-column-gap:6rem;column-gap:6rem}.gap-x-4{-moz-column-gap:1rem;column-gap:1rem}.gap-x-5{-moz-column-gap:1.25rem;column-gap:1.25rem}.gap-x-6{-moz-column-gap:1.5rem;column-gap:1.5rem}.gap-x-8{-moz-column-gap:2rem;column-gap:2rem}.gap-y-1{row-gap:.25rem}.gap-y-2{row-gap:.5rem}.gap-y-3{row-gap:.75rem}.gap-y-4{row-gap:1rem}.gap-y-6{row-gap:1.5rem}.gap-y-8{row-gap:2rem}.space-x-3>:not([hidden])~:not([hidden]){--tw-space-x-reverse:0;margin-left:calc(.75rem*(1 - var(--tw-space-x-reverse)));margin-right:calc(.75rem*var(--tw-space-x-reverse))}.overflow-auto{overflow:auto}.overflow-hidden{overflow:hidden}.overflow-x-auto{overflow-x:auto}.overflow-y-auto{overflow-y:auto}.overflow-y-hidden{overflow-y:hidden}.overflow-y-visible{overflow-y:visible}.overflow-ellipsis{text-overflow:ellipsis}.whitespace-normal{white-space:normal}.whitespace-nowrap{white-space:nowrap}.\!whitespace-break-spaces{white-space:break-spaces!important}.text-nowrap{text-wrap:nowrap}.rounded{border-radius:6px}.rounded-2xl{border-radius:1rem}.rounded-box{border-radius:var(--rounded-box,1rem)}.rounded-full{border-radius:9999px}.rounded-lg{border-radius:.5rem}.rounded-md{border-radius:.375rem}.rounded-none{border-radius:0}.rounded-sm{border-radius:.125rem}.rounded-xl{border-radius:.75rem}.rounded-b-xl{border-bottom-left-radius:.75rem;border-bottom-right-radius:.75rem}.rounded-t{border-top-left-radius:6px;border-top-right-radius:6px}.rounded-t-none{border-top-left-radius:0;border-top-right-radius:0}.rounded-t-xl{border-top-left-radius:.75rem;border-top-right-radius:.75rem}.rounded-br-none{border-bottom-right-radius:0}.border{border-width:1px}.border-0{border-width:0}.border-2{border-width:2px}.border-4{border-width:4px}.border-\[7px\]{border-width:7px}.border-y{border-top-width:1px}.border-b,.border-y{border-bottom-width:1px}.border-l-2{border-left-width:2px}.border-r{border-right-width:1px}.border-t{border-top-width:1px}.border-solid{border-style:solid}.border-dashed{border-style:dashed}.border-none{border-style:none}.border-base-100{--tw-border-opacity:1;border-color:var(--fallback-b1,oklch(var(--b1)/var(--tw-border-opacity)))}.border-base-300{--tw-border-opacity:1;border-color:var(--fallback-b3,oklch(var(--b3)/var(--tw-border-opacity)))}.border-ccli-light-orange{--tw-border-opacity:1;border-color:rgb(255 235 192/var(--tw-border-opacity))}.border-ccli-orange3{--tw-border-opacity:1;border-color:rgb(226 124 0/var(--tw-border-opacity))}.border-gray-100{--tw-border-opacity:1;border-color:hsl(217 8% 90%/var(--tw-border-opacity))}.border-gray-300{--tw-border-opacity:1;border-color:hsl(217 8% 70%/var(--tw-border-opacity))}.border-gray-750{--tw-border-opacity:1;border-color:hsl(217 8% 25%/var(--tw-border-opacity))}.border-gray-800{--tw-border-opacity:1;border-color:hsl(217 8% 20%/var(--tw-border-opacity))}.border-light-100{--tw-border-opacity:1;border-color:hsl(200 20% 99%/var(--tw-border-opacity))}.border-light-500{--tw-border-opacity:1;border-color:hsl(200 20% 95%/var(--tw-border-opacity))}.border-light-700{--tw-border-opacity:1;border-color:hsl(200 20% 93%/var(--tw-border-opacity))}.border-transparent{border-color:transparent}.border-white{--tw-border-opacity:1;border-color:hsl(200 20% 99%/var(--tw-border-opacity))}.border-white\/50{border-color:rgba(252,253,253,.5)}.border-x-transparent{border-left-color:transparent;border-right-color:transparent}.border-b-base-200{--tw-border-opacity:1;border-bottom-color:var(--fallback-b2,oklch(var(--b2)/var(--tw-border-opacity)))}.border-b-gray-100{--tw-border-opacity:1;border-bottom-color:hsl(217 8% 90%/var(--tw-border-opacity))}.border-b-light-700{--tw-border-opacity:1;border-bottom-color:hsl(200 20% 93%/var(--tw-border-opacity))}.border-l-primary{--tw-border-opacity:1;border-left-color:var(--fallback-p,oklch(var(--p)/var(--tw-border-opacity)))}.border-r-light-700{--tw-border-opacity:1;border-right-color:hsl(200 20% 93%/var(--tw-border-opacity))}.border-t-gray-700{--tw-border-opacity:1;border-top-color:hsl(217 8% 30%/var(--tw-border-opacity))}.\!bg-base-300{--tw-bg-opacity:1!important;background-color:var(--fallback-b3,oklch(var(--b3)/var(--tw-bg-opacity)))!important}.bg-\[\#000000\]{--tw-bg-opacity:1;background-color:rgb(0 0 0/var(--tw-bg-opacity))}.bg-\[\#000\]\/100{background-color:#000}.bg-\[\#000\]\/85{background-color:rgba(0,0,0,.85)}.bg-base-100{--tw-bg-opacity:1;background-color:var(--fallback-b1,oklch(var(--b1)/var(--tw-bg-opacity)))}.bg-base-100\/50{background-color:var(--fallback-b1,oklch(var(--b1)/.5))}.bg-base-200{--tw-bg-opacity:1;background-color:var(--fallback-b2,oklch(var(--b2)/var(--tw-bg-opacity)))}.bg-base-300{--tw-bg-opacity:1;background-color:var(--fallback-b3,oklch(var(--b3)/var(--tw-bg-opacity)))}.bg-black{--tw-bg-opacity:1;background-color:rgb(44 42 41/var(--tw-bg-opacity))}.bg-black\/15{background-color:rgba(44,42,41,.15)}.bg-black\/25{background-color:rgba(44,42,41,.25)}.bg-black\/5{background-color:rgba(44,42,41,.05)}.bg-black\/50{background-color:rgba(44,42,41,.5)}.bg-blue-100{--tw-bg-opacity:1;background-color:hsl(196 100% 90%/var(--tw-bg-opacity))}.bg-blue-850{--tw-bg-opacity:1;background-color:hsl(196 100% 15%/var(--tw-bg-opacity))}.bg-ccli-blue{--tw-bg-opacity:1;background-color:rgb(0 163 224/var(--tw-bg-opacity))}.bg-ccli-blue2{--tw-bg-opacity:1;background-color:rgb(0 75 135/var(--tw-bg-opacity))}.bg-ccli-blue3{--tw-bg-opacity:1;background-color:rgb(0 59 92/var(--tw-bg-opacity))}.bg-ccli-light-blue{--tw-bg-opacity:1;background-color:rgb(197 232 246/var(--tw-bg-opacity))}.bg-ccli-light-orange{--tw-bg-opacity:1;background-color:rgb(255 235 192/var(--tw-bg-opacity))}.bg-ccli-orange2{--tw-bg-opacity:1;background-color:rgb(255 163 0/var(--tw-bg-opacity))}.bg-ccli-orange3{--tw-bg-opacity:1;background-color:rgb(226 124 0/var(--tw-bg-opacity))}.bg-ccli-red{--tw-bg-opacity:1;background-color:rgb(206 0 55/var(--tw-bg-opacity))}.bg-gray-100{--tw-bg-opacity:1;background-color:hsl(217 8% 90%/var(--tw-bg-opacity))}.bg-gray-500{--tw-bg-opacity:1;background-color:hsl(217 8% 50%/var(--tw-bg-opacity))}.bg-gray-500\/0{background-color:hsla(217,8%,50%,0)}.bg-gray-500\/25{background-color:hsla(217,8%,50%,.25)}.bg-gray-800{--tw-bg-opacity:1;background-color:hsl(217 8% 20%/var(--tw-bg-opacity))}.bg-gray-825{--tw-bg-opacity:1;background-color:hsl(217 8% 17.5%/var(--tw-bg-opacity))}.bg-gray-850{--tw-bg-opacity:1;background-color:hsl(217 8% 15%/var(--tw-bg-opacity))}.bg-light-100{--tw-bg-opacity:1;background-color:hsl(200 20% 99%/var(--tw-bg-opacity))}.bg-light-300{--tw-bg-opacity:1;background-color:hsl(200 20% 97%/var(--tw-bg-opacity))}.bg-light-500{--tw-bg-opacity:1;background-color:hsl(200 20% 95%/var(--tw-bg-opacity))}.bg-light-700{--tw-bg-opacity:1;background-color:hsl(200 20% 93%/var(--tw-bg-opacity))}.bg-primary{--tw-bg-opacity:1;background-color:var(--fallback-p,oklch(var(--p)/var(--tw-bg-opacity)))}.bg-secondary{--tw-bg-opacity:1;background-color:var(--fallback-s,oklch(var(--s)/var(--tw-bg-opacity)))}.bg-transparent{background-color:transparent}.bg-warning{--tw-bg-opacity:1;background-color:var(--fallback-wa,oklch(var(--wa)/var(--tw-bg-opacity)))}.bg-white{--tw-bg-opacity:1;background-color:hsl(200 20% 99%/var(--tw-bg-opacity))}.bg-white\/10{background-color:rgba(252,253,253,.1)}.bg-white\/25{background-color:rgba(252,253,253,.25)}.bg-white\/50{background-color:rgba(252,253,253,.5)}.bg-opacity-15{--tw-bg-opacity:0.15}.bg-opacity-25{--tw-bg-opacity:0.25}.bg-opacity-5{--tw-bg-opacity:0.05}.bg-opacity-50{--tw-bg-opacity:0.5}.bg-opacity-80{--tw-bg-opacity:0.8}.bg-contain{background-size:contain}.bg-cover{background-size:cover}.bg-center{background-position:50%}.fill-black{fill:#2c2a29}.object-contain{-o-object-fit:contain;object-fit:contain}.object-cover{-o-object-fit:cover;object-fit:cover}.p-0{padding:0}.p-1{padding:.25rem}.p-2{padding:.5rem}.p-3{padding:.75rem}.p-4{padding:1rem}.p-5{padding:1.25rem}.p-8{padding:2rem}.p-\[1px\]{padding:1px}.px-0{padding-left:0;padding-right:0}.px-1{padding-left:.25rem;padding-right:.25rem}.px-10{padding-left:2.5rem;padding-right:2.5rem}.px-12{padding-left:3rem;padding-right:3rem}.px-2{padding-left:.5rem;padding-right:.5rem}.px-20{padding-left:5rem;padding-right:5rem}.px-3{padding-left:.75rem;padding-right:.75rem}.px-4{padding-left:1rem;padding-right:1rem}.px-5{padding-left:1.25rem;padding-right:1.25rem}.px-6{padding-left:1.5rem;padding-right:1.5rem}.px-7{padding-left:1.75rem;padding-right:1.75rem}.px-8{padding-left:2rem;padding-right:2rem}.py-0{padding-bottom:0;padding-top:0}.py-1{padding-bottom:.25rem;padding-top:.25rem}.py-1\.5{padding-bottom:.375rem;padding-top:.375rem}.py-2{padding-bottom:.5rem;padding-top:.5rem}.py-20{padding-bottom:5rem;padding-top:5rem}.py-24{padding-bottom:6rem;padding-top:6rem}.py-3{padding-bottom:.75rem;padding-top:.75rem}.py-36{padding-bottom:9rem;padding-top:9rem}.py-4{padding-bottom:1rem;padding-top:1rem}.py-5{padding-bottom:1.25rem;padding-top:1.25rem}.py-6{padding-bottom:1.5rem;padding-top:1.5rem}.py-8{padding-bottom:2rem;padding-top:2rem}.pb-2{padding-bottom:.5rem}.pb-4{padding-bottom:1rem}.pb-5{padding-bottom:1.25rem}.pl-10{padding-left:2.5rem}.pl-2{padding-left:.5rem}.pl-3{padding-left:.75rem}.pl-4{padding-left:1rem}.pl-5{padding-left:1.25rem}.pl-6{padding-left:1.5rem}.pl-7{padding-left:1.75rem}.pl-8{padding-left:2rem}.pr-0{padding-right:0}.pr-2{padding-right:.5rem}.pr-3{padding-right:.75rem}.pt-12{padding-top:3rem}.pt-2{padding-top:.5rem}.pt-3{padding-top:.75rem}.pt-5{padding-top:1.25rem}.pt-8{padding-top:2rem}.text-left{text-align:left}.text-center{text-align:center}.text-right{text-align:right}.text-start{text-align:start}.text-end{text-align:end}.align-middle{vertical-align:middle}.font-display,.font-sans{font-family:InterVariable,Arial,sans-serif}.text-2xl{font-size:1.5rem;line-height:2rem}.text-3xl{font-size:1.875rem;line-height:2.25rem}.text-4xl{font-size:2.25rem;line-height:2.5rem}.text-5xl{font-size:3rem;line-height:1}.text-6xl{font-size:3.75rem;line-height:1}.text-7xl{font-size:4.5rem;line-height:1}.text-8xl{font-size:6rem;line-height:1}.text-\[13px\]{font-size:13px}.text-\[15px\]{font-size:15px}.text-base{font-size:1rem;line-height:1.5rem}.text-lg{font-size:1.125rem;line-height:1.75rem}.text-sm{font-size:.875rem;line-height:1.25rem}.text-xl{font-size:1.25rem;line-height:1.75rem}.text-xs{font-size:.75rem;line-height:1rem}.font-black{font-weight:900}.font-bold{font-weight:700}.font-extrabold{font-weight:800}.font-medium{font-weight:500}.font-normal{font-weight:400}.font-semibold{font-weight:600}.uppercase{text-transform:uppercase}.lowercase{text-transform:lowercase}.\!normal-case{text-transform:none!important}.italic{font-style:italic}.leading-4{line-height:1rem}.leading-5{line-height:1.25rem}.leading-\[120\%\]{line-height:120%}.leading-none{line-height:1}.tracking-normal{letter-spacing:0}.tracking-wide{letter-spacing:.025em}.tracking-wider{letter-spacing:.05em}.\!text-white\/25{color:rgba(252,253,253,.25)!important}.text-base-content{--tw-text-opacity:1;color:var(--fallback-bc,oklch(var(--bc)/var(--tw-text-opacity)))}.text-base-content\/75{color:var(--fallback-bc,oklch(var(--bc)/.75))}.text-ccli-blue{--tw-text-opacity:1;color:rgb(0 163 224/var(--tw-text-opacity))}.text-ccli-blue2{--tw-text-opacity:1;color:rgb(0 75 135/var(--tw-text-opacity))}.text-ccli-blue3{--tw-text-opacity:1;color:rgb(0 59 92/var(--tw-text-opacity))}.text-ccli-orange{--tw-text-opacity:1;color:rgb(255 191 63/var(--tw-text-opacity))}.text-error{--tw-text-opacity:1;color:var(--fallback-er,oklch(var(--er)/var(--tw-text-opacity)))}.text-gray-200{--tw-text-opacity:1;color:hsl(217 8% 80%/var(--tw-text-opacity))}.text-gray-300{--tw-text-opacity:1;color:hsl(217 8% 70%/var(--tw-text-opacity))}.text-gray-400{--tw-text-opacity:1;color:hsl(217 8% 60%/var(--tw-text-opacity))}.text-gray-500{--tw-text-opacity:1;color:hsl(217 8% 50%/var(--tw-text-opacity))}.text-gray-600{--tw-text-opacity:1;color:hsl(217 8% 40%/var(--tw-text-opacity))}.text-gray-700{--tw-text-opacity:1;color:hsl(217 8% 30%/var(--tw-text-opacity))}.text-gray-800{--tw-text-opacity:1;color:hsl(217 8% 20%/var(--tw-text-opacity))}.text-light-100{--tw-text-opacity:1;color:hsl(200 20% 99%/var(--tw-text-opacity))}.text-loop-green{--tw-text-opacity:1;color:rgb(26 189 200/var(--tw-text-opacity))}.text-primary{--tw-text-opacity:1;color:var(--fallback-p,oklch(var(--p)/var(--tw-text-opacity)))}.text-secondary{--tw-text-opacity:1;color:var(--fallback-s,oklch(var(--s)/var(--tw-text-opacity)))}.text-success{--tw-text-opacity:1;color:var(--fallback-su,oklch(var(--su)/var(--tw-text-opacity)))}.text-white{--tw-text-opacity:1;color:hsl(200 20% 99%/var(--tw-text-opacity))}.text-white\/75{color:rgba(252,253,253,.75)}.underline{text-decoration-line:underline}.no-underline{text-decoration-line:none}.\!opacity-0{opacity:0!important}.opacity-0{opacity:0}.opacity-100{opacity:1}.opacity-25{opacity:.25}.opacity-50{opacity:.5}.opacity-75{opacity:.75}.opacity-\[0\.01\]{opacity:.01}.opacity-\[85\%\]{opacity:85%}.mix-blend-color{mix-blend-mode:color}.shadow{--tw-shadow:0 1px 3px 0 rgba(0,0,0,.1),0 1px 2px -1px rgba(0,0,0,.1);--tw-shadow-colored:0 1px 3px 0 var(--tw-shadow-color),0 1px 2px -1px var(--tw-shadow-color)}.shadow,.shadow-2xl{box-shadow:var(--tw-ring-offset-shadow,0 0 #0000),var(--tw-ring-shadow,0 0 #0000),var(--tw-shadow)}.shadow-2xl{--tw-shadow:0 25px 50px -12px rgba(0,0,0,.25);--tw-shadow-colored:0 25px 50px -12px var(--tw-shadow-color)}.shadow-lg{--tw-shadow:0 10px 15px -3px rgba(0,0,0,.1),0 4px 6px -4px rgba(0,0,0,.1);--tw-shadow-colored:0 10px 15px -3px var(--tw-shadow-color),0 4px 6px -4px var(--tw-shadow-color)}.shadow-lg,.shadow-none{box-shadow:var(--tw-ring-offset-shadow,0 0 #0000),var(--tw-ring-shadow,0 0 #0000),var(--tw-shadow)}.shadow-none{--tw-shadow:0 0 #0000;--tw-shadow-colored:0 0 #0000}.shadow-xl{--tw-shadow:0 20px 25px -5px rgba(0,0,0,.1),0 8px 10px -6px rgba(0,0,0,.1);--tw-shadow-colored:0 20px 25px -5px var(--tw-shadow-color),0 8px 10px -6px var(--tw-shadow-color);box-shadow:var(--tw-ring-offset-shadow,0 0 #0000),var(--tw-ring-shadow,0 0 #0000),var(--tw-shadow)}.shadow-white\/25{--tw-shadow-color:rgba(252,253,253,.25);--tw-shadow:var(--tw-shadow-colored)}.outline{outline-style:solid}.outline-1{outline-width:1px}.outline-2{outline-width:2px}.outline-4{outline-width:4px}.-outline-offset-1{outline-offset:-1px}.-outline-offset-2{outline-offset:-2px}.outline-offset-2{outline-offset:2px}.outline-offset-8{outline-offset:8px}.outline-primary{outline-color:var(--fallback-p,oklch(var(--p)/1))}.outline-transparent{outline-color:transparent}.ring{--tw-ring-offset-shadow:var(--tw-ring-inset) 0 0 0 var(--tw-ring-offset-width) var(--tw-ring-offset-color);--tw-ring-shadow:var(--tw-ring-inset) 0 0 0 calc(3px + var(--tw-ring-offset-width)) var(--tw-ring-color);box-shadow:var(--tw-ring-offset-shadow),var(--tw-ring-shadow),var(--tw-shadow,0 0 #0000)}.blur{--tw-blur:blur(8px)}.blur,.blur-2xl{filter:var(--tw-blur) var(--tw-brightness) var(--tw-contrast) var(--tw-grayscale) var(--tw-hue-rotate) var(--tw-invert) var(--tw-saturate) var(--tw-sepia) var(--tw-drop-shadow)}.blur-2xl{--tw-blur:blur(40px)}.blur-xl{--tw-blur:blur(24px)}.blur-xl,.brightness-75{filter:var(--tw-blur) var(--tw-brightness) var(--tw-contrast) var(--tw-grayscale) var(--tw-hue-rotate) var(--tw-invert) var(--tw-saturate) var(--tw-sepia) var(--tw-drop-shadow)}.brightness-75{--tw-brightness:brightness(.75)}.brightness-\[0\.8\]{--tw-brightness:brightness(0.8)}.brightness-\[0\.8\],.brightness-\[100000000\%\]{filter:var(--tw-blur) var(--tw-brightness) var(--tw-contrast) var(--tw-grayscale) var(--tw-hue-rotate) var(--tw-invert) var(--tw-saturate) var(--tw-sepia) var(--tw-drop-shadow)}.brightness-\[100000000\%\]{--tw-brightness:brightness(100000000%)}.brightness-\[65\%\]{--tw-brightness:brightness(65%)}.brightness-\[65\%\],.grayscale{filter:var(--tw-blur) var(--tw-brightness) var(--tw-contrast) var(--tw-grayscale) var(--tw-hue-rotate) var(--tw-invert) var(--tw-saturate) var(--tw-sepia) var(--tw-drop-shadow)}.grayscale{--tw-grayscale:grayscale(100%)}.invert{--tw-invert:invert(100%)}.filter,.invert{filter:var(--tw-blur) var(--tw-brightness) var(--tw-contrast) var(--tw-grayscale) var(--tw-hue-rotate) var(--tw-invert) var(--tw-saturate) var(--tw-sepia) var(--tw-drop-shadow)}.backdrop-blur{--tw-backdrop-blur:blur(8px)}.backdrop-blur,.backdrop-blur-0{backdrop-filter:var(--tw-backdrop-blur) var(--tw-backdrop-brightness) var(--tw-backdrop-contrast) var(--tw-backdrop-grayscale) var(--tw-backdrop-hue-rotate) var(--tw-backdrop-invert) var(--tw-backdrop-opacity) var(--tw-backdrop-saturate) var(--tw-backdrop-sepia)}.backdrop-blur-0{--tw-backdrop-blur:blur(0)}.transition{transition-duration:.15s;transition-property:color,background-color,border-color,text-decoration-color,fill,stroke,opacity,box-shadow,transform,filter,backdrop-filter;transition-timing-function:cubic-bezier(.4,0,.2,1)}.transition-all{transition-duration:.15s;transition-property:all;transition-timing-function:cubic-bezier(.4,0,.2,1)}.ease-in-out{transition-timing-function:cubic-bezier(.4,0,.2,1)}.content-\[\'\'\]{--tw-content:"";content:var(--tw-content)}:root{--nav-width:275px;--max-nav-width:calc(100vw - 39px);--header-height:70px;--mobile-nav-width:300px}@supports not (color:oklch(0 0 0)){:root{color-scheme:light;--fallback-p:#00a3e0;--fallback-pc:#d4dbff;--fallback-s:#9197a1;--fallback-sc:#fff9fc;--fallback-a:#00cfbd;--fallback-ac:#00100d;--fallback-n:#2b3440;--fallback-nc:#d7dde4;--fallback-b1:#fcfdfd;--fallback-b2:#f6f8f9;--fallback-b3:#eaeef1;--fallback-bc:#464b53;--fallback-in:#fcfdfd;--fallback-inc:#000;--fallback-su:#6bcaba;--fallback-suc:#000;--fallback-wa:#e27c00;--fallback-wac:#000;--fallback-er:#ce0037;--fallback-erc:#000}@media screen{html.dark :root{color-scheme:dark;--fallback-p:#00a3e0;--fallback-pc:#050617;--fallback-s:#757d8a;--fallback-sc:#190211;--fallback-a:#00c7b5;--fallback-ac:#000e0c;--fallback-n:#2a323c;--fallback-nc:#a6adbb;--fallback-b1:#17191c;--fallback-b2:#232629;--fallback-b3:#2f3237;--fallback-bc:#c8cbd0;--fallback-in:#2c2a29;--fallback-inc:#fcfdfd;--fallback-su:#6bcaba;--fallback-suc:#000;--fallback-wa:#e27c00;--fallback-wac:#000;--fallback-er:#ce0037;--fallback-erc:#000}}}:root{font-family:InterVariable,Arial,ui-sans-serif,system-ui,sans-serif;--font-sans:"InterVariable",Arial,ui-sans-serif,system-ui,sans-serif}h1,h2,h3,h4,h5,h6,p,span{font-family:var(--font-sans)}h1,h2,h3,h4,h5,h6{font-family:InterVariable,Arial,sans-serif;font-size:1.25rem;line-height:1.75rem}.link{text-underline-offset:3px;text-underline-position:below}.label-text{--tw-text-opacity:1;color:hsl(217 8% 30%/var(--tw-text-opacity))}.input,.select,.textarea{border-radius:6px;border-style:none;display:block;width:100%;--tw-bg-opacity:1;background-color:hsl(200 20% 93%/var(--tw-bg-opacity))}.input:focus,.select:focus,.textarea:focus{border-radius:6px;--tw-border-opacity:1;border-color:var(--fallback-p,oklch(var(--p)/var(--tw-border-opacity)));--tw-bg-opacity:1;background-color:var(--fallback-b1,oklch(var(--b1)/var(--tw-bg-opacity)));--tw-shadow:0 10px 15px -3px rgba(0,0,0,.1),0 4px 6px -4px rgba(0,0,0,.1);--tw-shadow-colored:0 10px 15px -3px var(--tw-shadow-color),0 4px 6px -4px var(--tw-shadow-color);box-shadow:var(--tw-ring-offset-shadow,0 0 #0000),var(--tw-ring-shadow,0 0 #0000),var(--tw-shadow);outline-color:#33c9ff;outline-offset:0;outline-width:4px}.input,.select,input[type=password],input[type=text]{height:44px;min-height:44px}@media (hover:hover){input:checked:hover{--tw-border-opacity:1;border-color:var(--fallback-p,oklch(var(--p)/var(--tw-border-opacity)))}}input:checked{--chkbg:var(--fallback-p,oklch(var(--p)/1));--chkfg:var(--fallback-pc,oklch(var(--pc)/1));--tw-border-opacity:1;border-color:var(--fallback-p,oklch(var(--p)/var(--tw-border-opacity)))}input:checked:focus-visible{outline-color:var(--fallback-p,oklch(var(--p)/1))}input:checked:checked,input:checked[aria-checked=true]{--tw-border-opacity:1;border-color:var(--fallback-p,oklch(var(--p)/var(--tw-border-opacity)));--tw-bg-opacity:1;background-color:var(--fallback-p,oklch(var(--p)/var(--tw-bg-opacity)));--tw-text-opacity:1;color:var(--fallback-pc,oklch(var(--pc)/var(--tw-text-opacity)))}.checkbox{border-radius:6px}input[type=range]{-webkit-appearance:none!important;border-radius:9999px;height:.5rem;--tw-bg-opacity:1;background-color:hsl(217 8% 90%/var(--tw-bg-opacity))}input[type=range]:focus-visible{outline:2px solid transparent;outline-color:var(--fallback-bc,oklch(var(--bc)/1));outline-offset:2px;outline-width:2px}input[type=range]:focus-visible::-webkit-slider-thumb{--focus-shadow:0 0 0 6px #fcfdfd inset,0 0 0 2rem var(--range-shdw) inset}input[type=range]::-webkit-slider-thumb{-webkit-appearance:none!important;border-radius:9999px;height:1rem;width:1rem;--tw-bg-opacity:1;background-color:var(--fallback-p,oklch(var(--p)/var(--tw-bg-opacity)))}input[type=range]::-webkit-slider-runnable-track{--tw-bg-opacity:1;background-color:hsl(217 8% 50%/var(--tw-bg-opacity))}.alert,.btn{border-radius:6px}.btn{font-size:16px;font-weight:700;height:44px;min-height:44px}.fade-enter-active,.fade-leave-active{transition:opacity .45s ease}.fade-enter-from,.fade-leave-to{opacity:0}.fa-spin{animation-duration:.5s}html.dark .light-mode-only,html:not(.dark) .dark-mode-only{display:none}@media (min-width:1024px){@media (hover:hover){.lg\:table tr.hover:hover,.lg\:table tr.hover:nth-child(2n):hover{--tw-bg-opacity:1;background-color:var(--fallback-b2,oklch(var(--b2)/var(--tw-bg-opacity)))}}.lg\:table{border-radius:var(--rounded-box,1rem);font-size:.875rem;line-height:1.25rem;position:relative;text-align:left;width:100%}.lg\:table :where(.table-pin-rows thead tr){position:sticky;top:0;z-index:1;--tw-bg-opacity:1;background-color:var(--fallback-b1,oklch(var(--b1)/var(--tw-bg-opacity)))}.lg\:table :where(.table-pin-rows tfoot tr){bottom:0;position:sticky;z-index:1;--tw-bg-opacity:1;background-color:var(--fallback-b1,oklch(var(--b1)/var(--tw-bg-opacity)))}.lg\:table :where(.table-pin-cols tr th){left:0;position:sticky;right:0;--tw-bg-opacity:1;background-color:var(--fallback-b1,oklch(var(--b1)/var(--tw-bg-opacity)))}.lg\:table:where([dir=rtl],[dir=rtl] *){text-align:right}.lg\:table :where(th,td){padding:.75rem 1rem;vertical-align:middle}.lg\:table tr.active,.lg\:table tr.active:nth-child(2n){--tw-bg-opacity:1;background-color:var(--fallback-b2,oklch(var(--b2)/var(--tw-bg-
2026-01-13T18:22:25: opacity)))}.lg\:table :where(thead tr,tbody tr:not(:last-child),tbody tr:first-child:last-child){border-bottom-width:1px;--tw-border-opacity:1;border-bottom-color:var(--fallback-b2,oklch(var(--b2)/var(--tw-border-opacity)))}.lg\:table :where(thead,tfoot){color:var(--fallback-bc,oklch(var(--bc)/.6));font-size:.75rem;font-weight:700;line-height:1rem;white-space:nowrap}.lg\:table :where(tfoot){border-top-width:1px;--tw-border-opacity:1;border-top-color:var(--fallback-b2,oklch(var(--b2)/var(--tw-border-opacity)))}}.hover\:bg-ccli-light-blue:hover{--tw-bg-opacity:1;background-color:rgb(197 232 246/var(--tw-bg-opacity))}.hover\:underline:hover{text-decoration-line:underline}.hover\:opacity-100:hover{opacity:1}.hover\:brightness-90:hover{--tw-brightness:brightness(.9);filter:var(--tw-blur) var(--tw-brightness) var(--tw-contrast) var(--tw-grayscale) var(--tw-hue-rotate) var(--tw-invert) var(--tw-saturate) var(--tw-sepia) var(--tw-drop-shadow)}.focus\:opacity-100:focus{opacity:1}.focus-visible\:outline-white:focus-visible{outline-color:#fcfdfd}.dark\:bg-white\/15:is(.dark *){background-color:rgba(252,253,253,.15)}@media (min-width:375px){.xs\:flex{display:flex}.xs\:w-\[300px\]{width:300px}.xs\:grid-cols-2{grid-template-columns:repeat(2,minmax(0,1fr))}.xs\:gap-2{gap:.5rem}}@media (max-width:374.9999999px){.max-xs\:hidden{display:none}}@media (min-width:640px){.sm\:ms-8{margin-inline-start:2rem}.sm\:block{display:block}.sm\:inline{display:inline}.sm\:flex{display:flex}.sm\:hidden{display:none}.sm\:h-16{height:4rem}.sm\:h-20{height:5rem}.sm\:min-h-0{min-height:0}.sm\:w-\[300px\]{width:300px}.sm\:w-\[400px\]{width:400px}.sm\:grid-cols-2{grid-template-columns:repeat(2,minmax(0,1fr))}.sm\:flex-row{flex-direction:row}.sm\:items-center{align-items:center}.sm\:gap-5{gap:1.25rem}.sm\:px-6{padding-left:1.5rem;padding-right:1.5rem}.sm\:pb-3{padding-bottom:.75rem}.sm\:pt-5{padding-top:1.25rem}}@media (max-width:639.9999999px){.max-sm\:hidden{display:none}}@media (min-width:768px){.md\:visible{visibility:visible}.md\:order-1{order:1}.md\:order-2{order:2}.md\:col-span-2{grid-column:span 2/span 2}.md\:-mb-4{margin-bottom:-1rem}.md\:block{display:block}.md\:inline{display:inline}.md\:flex{display:flex}.md\:hidden{display:none}.md\:h-\[250px\]{height:250px}.md\:min-h-0{min-height:0}.md\:w-\[110px\]{width:110px}.md\:w-\[129px\]{width:129px}.md\:w-\[145px\]{width:145px}.md\:w-\[154px\]{width:154px}.md\:w-\[250px\]{width:250px}.md\:w-\[94px\]{width:94px}.md\:max-w-\[300px\]{max-width:300px}.md\:grid-cols-2{grid-template-columns:repeat(2,minmax(0,1fr))}.md\:grid-cols-3{grid-template-columns:repeat(3,minmax(0,1fr))}.md\:flex-row{flex-direction:row}.md\:items-center{align-items:center}.md\:gap-4{gap:1rem}.md\:gap-5{gap:1.25rem}.md\:gap-8{gap:2rem}.md\:border-l{border-left-width:1px}.md\:p-8{padding:2rem}.md\:px-5{padding-left:1.25rem;padding-right:1.25rem}.md\:px-8{padding-left:2rem;padding-right:2rem}.md\:text-left{text-align:left}.md\:text-3xl{font-size:1.875rem;line-height:2.25rem}.md\:text-4xl{font-size:2.25rem;line-height:2.5rem}.md\:text-5xl{font-size:3rem;line-height:1}}@media (max-width:767.9999999px){.max-md\:mb-1{margin-bottom:.25rem}.max-md\:mt-2{margin-top:.5rem}.max-md\:block{display:block}.max-md\:hidden{display:none}.max-md\:flex-wrap{flex-wrap:wrap}.max-md\:border-t{border-top-width:1px}}@media (min-width:1024px){.lg\:order-first{order:-9999}.lg\:order-last{order:9999}.lg\:my-36{margin-bottom:9rem;margin-top:9rem}.lg\:mr-\[-2\%\]{margin-right:-2%}.lg\:block{display:block}.lg\:flex{display:flex}.lg\:inline-flex{display:inline-flex}.lg\:table{display:table}.lg\:hidden{display:none}.lg\:\!h-10{height:2.5rem!important}.lg\:h-20{height:5rem}.lg\:w-\[300px\]{width:300px}.lg\:max-w-\[400px\]{max-width:400px}.lg\:max-w-\[550px\]{max-width:550px}.lg\:scale-\[500\%\]{--tw-scale-x:500%;--tw-scale-y:500%;transform:translate(var(--tw-translate-x),var(--tw-translate-y)) rotate(var(--tw-rotate)) skewX(var(--tw-skew-x)) skewY(var(--tw-skew-y)) scaleX(var(--tw-scale-x)) scaleY(var(--tw-scale-y))}.lg\:grid-cols-2{grid-template-columns:repeat(2,minmax(0,1fr))}.lg\:grid-cols-5{grid-template-columns:repeat(5,minmax(0,1fr))}.lg\:items-center{align-items:center}.lg\:gap-1{gap:.25rem}.lg\:gap-16{gap:4rem}.lg\:gap-2{gap:.5rem}.lg\:gap-5{gap:1.25rem}.lg\:text-4xl{font-size:2.25rem;line-height:2.5rem}}@media (max-width:1023.9999999px){.max-lg\:hidden{display:none}}@media (min-width:1280px){.xl\:col-span-2{grid-column:span 2/span 2}.xl\:col-span-3{grid-column:span 3/span 3}.xl\:col-span-4{grid-column:span 4/span 4}.xl\:mb-0{margin-bottom:0}.xl\:block{display:block}.xl\:inline{display:inline}.xl\:flex{display:flex}.xl\:grid{display:grid}.xl\:hidden{display:none}.xl\:w-\[100px\]{width:100px}.xl\:w-\[350px\]{width:350px}.xl\:w-\[500px\]{width:500px}.xl\:grid-cols-2{grid-template-columns:repeat(2,minmax(0,1fr))}.xl\:grid-cols-3{grid-template-columns:repeat(3,minmax(0,1fr))}.xl\:grid-cols-5{grid-template-columns:repeat(5,minmax(0,1fr))}.xl\:grid-cols-6{grid-template-columns:repeat(6,minmax(0,1fr))}.xl\:gap-12{gap:3rem}.xl\:gap-16{gap:4rem}.xl\:gap-4{gap:1rem}.xl\:gap-5{gap:1.25rem}.xl\:px-6{padding-left:1.5rem;padding-right:1.5rem}}@media (max-width:1279.9999999px){.max-xl\:hidden{display:none}}@media (min-width:1536px){.\32xl\:hidden{display:none}.\32xl\:max-w-\[420px\]{max-width:420px}}@media (max-width:1535.9999999px){.max-2xl\:hidden{display:none}}
2026-01-13T18:22:25: scraper > isProbablyReaderable: false
2026-01-13T18:22:26: scraper > Readability parse OK. content length: 5326
2026-01-13T18:22:26: scraper > Lines from Readability: 44
2026-01-13T18:22:26: 
2026-01-13T18:22:26: ──────── FALLBACK #1 (DENSE BLOCK) ────────
2026-01-13T18:22:26: 
2026-01-13T18:22:26: ──────── FALLBACK #2 (SITE-AWARE) ────────
2026-01-13T18:22:26: 
2026-01-13T18:22:26: ──────── RESULT ────────
2026-01-13T18:22:26: scraper > Used Readability: true Useful: true
2026-01-13T18:22:26: scraper > Final URL: https://songselect.ccli.com/
2026-01-13T18:22:26: scraper > Total lines: 44
2026-01-13T18:22:26: scraper > Preview: CCLI Top 100®Canada - Week of 5 Jan 2026 |  | 1 |  | 1 |  | Holy Forever |  | Brian Johnson, Chris Tomlin, Jason Ingram, Jenn Johnson, Phil Wickham |  | 2 |  | 1 |  | Goodness Of God |  | Ben Fielding, Brian Johnson, Ed Cash, Jason Ingram, Jenn Johnson |  | 3 |  | 1 |  | Build My Life |  | Brett You…
2026-01-13T18:22:26: scraper > Browser context closed.
2026-01-13T18:22:38: 
2026-01-13T18:22:38: ──────── REQUEST ────────
2026-01-13T18:22:38: scraper > songName: tu mera hain
2026-01-13T18:22:38: scraper > linkIndex (raw): 0
2026-01-13T18:22:38: 
2026-01-13T18:22:38: ──────── GOOGLE SEARCH ────────
2026-01-13T18:22:38: scraper > Searching Google for: tu mera hain
2026-01-13T18:22:38: scraper > Using API Key: AIza****3tvo
2026-01-13T18:22:38: scraper > Final query sent: "tu mera hain lyrics and chords"
2026-01-13T18:22:38: scraper > Using GOOGLE_NOBILLING_API_KEY_2: AIza****sgEQ
2026-01-13T18:22:38: scraper > Using SEARCHENGINE_ID_2: 055c81ad25228427a
2026-01-13T18:22:39: scraper > Google returned 8 results
2026-01-13T18:22:39: scraper > [0] Tu Mera Bal Hai Prabhu | PDF :: https://www.scribd.com/document/829659336/Tu-Mera-bal-Hai-Prabhu
2026-01-13T18:22:39: scraper > [1] Tu Mera Bal (तू मेरा बल) Lyrics & Chords :: https://songsofpraise.in/song.php?title=tu-mera-bal
2026-01-13T18:22:39: scraper > [2] DOST HAI TU MERA LIVE CHORDS by Amit Kamble @ Ultimate ... :: https://tabs.ultimate-guitar.com/tab/amit-kamble/dost-hai-tu-mera-chords-2642508
2026-01-13T18:22:39: scraper > [3] Tu Mera Janu Hai, Tu Mera Dilbar :: https://www.pinterest.com/pin/tu-mera-janu-hai-tu-mera-dilbar--990510511772127350/
2026-01-13T18:22:39: scraper > [4] EK VILLAIN - HUMDARD CHORDS (ver 2) by Misc Soundtrack ... :: https://tabs.ultimate-guitar.com/tab/misc-soundtrack/ek-villain-humdard-chords-1985843
2026-01-13T18:22:39: scraper > [5] Tu Mera Hain - Rohit Thapa: Song Lyrics, Music Videos & Concerts :: https://www.shazam.com/en-gb/song/1707499260/tu-mera-hain
2026-01-13T18:22:39: scraper > [6] Chord ai - learn any song - Apps on Google Play :: https://play.google.com/store/apps/details?id=com.chordai
2026-01-13T18:22:39: scraper > [7] All Hymns - GeetKiKitab :: https://geetkikitab.com/a-z-all-hymns/
2026-01-13T18:22:39: scraper > Sorted by (lyrics/chords) score.
2026-01-13T18:22:39: scraper > Chosen URL: https://songsofpraise.in/song.php?title=tu-mera-bal
2026-01-13T18:22:39: scraper > Chosen Title: Tu Mera Bal (तू मेरा बल) Lyrics & Chords
2026-01-13T18:22:39: 
2026-01-13T18:22:39: ──────── NAVIGATE ────────
2026-01-13T18:22:41: scraper > page.goto done. Final URL: https://songsofpraise.in/song.php?title=tu-mera-bal
2026-01-13T18:22:41: scraper > HTTP status: 200
2026-01-13T18:22:53: scraper > networkidle wait skipped/timeout
2026-01-13T18:22:53: scraper > Page title: Tu Mera Bal (तू मेरा बल) Lyrics & Chords
2026-01-13T18:22:53: scraper > HTML length: 119182
2026-01-13T18:22:53: 
2026-01-13T18:22:53: ──────── READABILITY ────────
2026-01-13T18:22:53: Error: Could not parse CSS stylesheet
2026-01-13T18:22:53:     at exports.createStylesheet (/home/ubuntu/Projects/oracle24hrs/node_modules/jsdom/lib/jsdom/living/helpers/stylesheets.js:37:21)
2026-01-13T18:22:53:     at HTMLStyleElementImpl._updateAStyleBlock (/home/ubuntu/Projects/oracle24hrs/node_modules/jsdom/lib/jsdom/living/nodes/HTMLStyleElement-impl.js:67:5)
2026-01-13T18:22:53:     at HTMLStyleElementImpl._poppedOffStackOfOpenElements (/home/ubuntu/Projects/oracle24hrs/node_modules/jsdom/lib/jsdom/living/nodes/HTMLStyleElement-impl.js:41:10)
2026-01-13T18:22:53:     at JSDOMParse5Adapter.onItemPop (/home/ubuntu/Projects/oracle24hrs/node_modules/jsdom/lib/jsdom/browser/parser/html.js:175:43)
2026-01-13T18:22:53:     at Parser.onItemPop (/home/ubuntu/Projects/oracle24hrs/node_modules/parse5/dist/cjs/parser/index.js:176:90)
2026-01-13T18:22:53:     at OpenElementStack.pop (/home/ubuntu/Projects/oracle24hrs/node_modules/parse5/dist/cjs/parser/open-element-stack.js:83:22)
2026-01-13T18:22:53:     at endTagInText (/home/ubuntu/Projects/oracle24hrs/node_modules/parse5/dist/cjs/parser/index.js:2353:20)
2026-01-13T18:22:53:     at Parser._endTagOutsideForeignContent (/home/ubuntu/Projects/oracle24hrs/node_modules/parse5/dist/cjs/parser/index.js:992:17)
2026-01-13T18:22:53:     at Parser.onEndTag (/home/ubuntu/Projects/oracle24hrs/node_modules/parse5/dist/cjs/parser/index.js:957:18)
2026-01-13T18:22:53:     at Tokenizer.emitCurrentTagToken (/home/ubuntu/Projects/oracle24hrs/node_modules/parse5/dist/cjs/tokenizer/index.js:385:26) #st-2 {
2026-01-13T18:22:53:   font-family: "Helvetica Neue", Verdana, Helvetica, Arial, sans-serif;;
2026-01-13T18:22:53:   -moz-transition: all 0.2s ease-in; -ms-transition: all 0.2s ease-in; -o-transition: all 0.2s ease-in; -webkit-transition: all 0.2s ease-in; transition: all 0.2s ease-in;
2026-01-13T18:22:53:   backface-visibility: hidden;
2026-01-13T18:22:53:   display: block;
2026-01-13T18:22:53:   position: fixed;
2026-01-13T18:22:53:   opacity: 1;
2026-01-13T18:22:53:   text-align: left;
2026-01-13T18:22:53:   top: 160px;
2026-01-13T18:22:53:   z-index: 94034;
2026-01-13T18:22:53: }
2026-01-13T18:22:53: #st-2.st-right {
2026-01-13T18:22:53:   right: 0px;
2026-01-13T18:22:53: }
2026-01-13T18:22:53: #st-2.st-hidden.st-right {
2026-01-13T18:22:53:   right: -48px;
2026-01-13T18:22:53: }
2026-01-13T18:22:53: #st-2.st-hidden {
2026-01-13T18:22:53:   width: 96px;
2026-01-13T18:22:53: }
2026-01-13T18:22:53: #st-2.st-preview {
2026-01-13T18:22:53:   display: none!important;
2026-01-13T18:22:53:   opacity: 0!important;
2026-01-13T18:22:53: }
2026-01-13T18:22:53: #st-2 > div {
2026-01-13T18:22:53:   clear: right;
2026-01-13T18:22:53:   float: right;
2026-01-13T18:22:53: }
2026-01-13T18:22:53: #st-2 .st-btn {
2026-01-13T18:22:53:   -moz-box-sizing: border-box;
2026-01-13T18:22:53: -webkit-box-sizing: border-box;
2026-01-13T18:22:53: box-sizing: border-box;
2026-01-13T18:22:53:   -moz-transition: all 0.2s ease-in; -ms-transition: all 0.2s ease-in; -o-transition: all 0.2s ease-in; -webkit-transition: all 0.2s ease-in; transition: all 0.2s ease-in;
2026-01-13T18:22:53:   border: none;
2026-01-13T18:22:53:   cursor: pointer;
2026-01-13T18:22:53:   display: inline-block;
2026-01-13T18:22:53:   font-size: 16px;
2026-01-13T18:22:53:   height: 48px;
2026-01-13T18:22:53:   line-height: 24px;
2026-01-13T18:22:53:   margin-bottom: 0;
2026-01-13T18:22:53:   opacity: 1;
2026-01-13T18:22:53:   overflow: hidden;
2026-01-13T18:22:53:   padding: 12px;
2026-01-13T18:22:53:   position: relative;
2026-01-13T18:22:53:   text-align: left;
2026-01-13T18:22:53:   top: 0;
2026-01-13T18:22:53:   vertical-align: top;
2026-01-13T18:22:53:   white-space: nowrap;
2026-01-13T18:22:53:   width: 48px;
2026-01-13T18:22:53: }
2026-01-13T18:22:53: #st-2 .st-btn.st-first {
2026-01-13T18:22:53:   border-top: none;
2026-01-13T18:22:53:   border-top-left-radius: 4px;
2026-01-13T18:22:53: }
2026-01-13T18:22:53: #st-2 .st-btn.st-last {
2026-01-13T18:22:53:   border-bottom: none;
2026-01-13T18:22:53:   border-bottom-left-radius: 4px;
2026-01-13T18:22:53: }
2026-01-13T18:22:53: #st-2 .st-btn > svg {
2026-01-13T18:22:53:   -moz-transition: all 0.2s ease-in; -ms-transition: all 0.2s ease-in; -o-transition: all 0.2s ease-in; -webkit-transition: all 0.2s ease-in; transition: all 0.2s ease-in;
2026-01-13T18:22:53:   height: 24px;
2026-01-13T18:22:53:   margin-left: 0;
2026-01-13T18:22:53:   vertical-align: top;
2026-01-13T18:22:53:   width: 24px;
2026-01-13T18:22:53: }
2026-01-13T18:22:53: #st-2 .st-btn > img {
2026-01-13T18:22:53:   -moz-transition: all 0.2s ease-in; -ms-transition: all 0.2s ease-in; -o-transition: all 0.2s ease-in; -webkit-transition: all 0.2s ease-in; transition: all 0.2s ease-in;
2026-01-13T18:22:53:   height: 24px;
2026-01-13T18:22:53:   margin-left: 0;
2026-01-13T18:22:53:   vertical-align: top;
2026-01-13T18:22:53:   width: 24px;
2026-01-13T18:22:53: }
2026-01-13T18:22:53: #st-2 .st-btn > span {
2026-01-13T18:22:53:   -moz-transition: all 0.2s ease-in; -ms-transition: all 0.2s ease-in; -o-transition: all 0.2s ease-in; -webkit-transition: all 0.2s ease-in; transition: all 0.2s ease-in;
2026-01-13T18:22:53:   color: #fff;
2026-01-13T18:22:53:   display: inline-block;
2026-01-13T18:22:53:   font-weight: 500;
2026-01-13T18:22:53:   left: -35px;
2026-01-13T18:22:53:   letter-spacing: 0.5px;
2026-01-13T18:22:53:   opacity: 0;
2026-01-13T18:22:53:   padding: 0 6px;
2026-01-13T18:22:53:   position: relative;
2026-01-13T18:22:53:   vertical-align: top;
2026-01-13T18:22:53:   filter: alpha(opacity=0);
2026-01-13T18:22:53: }
2026-01-13T18:22:53: #st-2 .st-btn.st-hide-label > span {
2026-01-13T18:22:53:   display: none !important;
2026-01-13T18:22:53: }
2026-01-13T18:22:53: #st-2 .st-total {
2026-01-13T18:22:53:   -moz-transition: all 0.2s ease-in; -ms-transition: all 0.2s ease-in; -o-transition: all 0.2s ease-in; -webkit-transition: all 0.2s ease-in; transition: all 0.2s ease-in;
2026-01-13T18:22:53:   background: #fff;
2026-01-13T18:22:53:   color: #555;
2026-01-13T18:22:53:   display: inline-block;
2026-01-13T18:22:53:   font-weight: 500;
2026-01-13T18:22:53:   line-height: 18px;
2026-01-13T18:22:53:   margin-right: 0;
2026-01-13T18:22:53:   min-height: 34px;
2026-01-13T18:22:53:   max-width: 80px;
2026-01-13T18:22:53:   opacity: 1;
2026-01-13T18:22:53:   padding: 4px 0;
2026-01-13T18:22:53:   text-align: center;
2026-01-13T18:22:53:   width: 48px;
2026-01-13T18:22:53: }
2026-01-13T18:22:53: #st-2 .st-total.st-hidden {
2026-01-13T18:22:53:   display: none;
2026-01-13T18:22:53: }
2026-01-13T18:22:53: #st-2 .st-total > span {
2026-01-13T18:22:53:   display: block;
2026-01-13T18:22:53:   font-size: 18px;
2026-01-13T18:22:53:   line-height: 21px;
2026-01-13T18:22:53:   padding: 0;
2026-01-13T18:22:53: }
2026-01-13T18:22:53: #st-2 .st-total > span.st-shares {
2026-01-13T18:22:53:   font-size: 11px;
2026-01-13T18:22:53:   line-height: 11px;
2026-01-13T18:22:53: }
2026-01-13T18:22:53: #st-2 .st-toggle {
2026-01-13T18:22:53:   right: -48px;
2026-01-13T18:22:53:   -moz-transition: all 0.2s ease-in; -ms-transition: all 0.2s ease-in; -o-transition: all 0.2s ease-in; -webkit-transition: all 0.2s ease-in; transition: all 0.2s ease-in;
2026-01-13T18:22:53:   background: #ccc;
2026-01-13T18:22:53:   border-bottom-left-radius: 4px;
2026-01-13T18:22:53:   color: white;
2026-01-13T18:22:53:   cursor: pointer;
2026-01-13T18:22:53:   font-size: 24px;
2026-01-13T18:22:53:   line-height: 24px;
2026-01-13T18:22:53:   position: relative;
2026-01-13T18:22:53:   text-align: center;
2026-01-13T18:22:53:   width: 48px;
2026-01-13T18:22:53: }
2026-01-13T18:22:53: #st-2.st-hidden .st-toggle {
2026-01-13T18:22:53:   border-top-left-radius: 4px;
2026-01-13T18:22:53: }
2026-01-13T18:22:53: #st-2.st-right .st-toggle .st-right {
2026-01-13T18:22:53:   display: inline-block;
2026-01-13T18:22:53: }
2026-01-13T18:22:53: #st-2.st-right.st-hidden .st-toggle .st-right {
2026-01-13T18:22:53:   display: none;
2026-01-13T18:22:53: }
2026-01-13T18:22:53: #st-2.st-right .st-toggle .st-left {
2026-01-13T18:22:53:   display: none;
2026-01-13T18:22:53: }
2026-01-13T18:22:53: #st-2.st-right.st-hidden .st-toggle .st-left {
2026-01-13T18:22:53:   display: inline-block;
2026-01-13T18:22:53: }#st-2:hover .st-toggle {
2026-01-13T18:22:53:   right: 0;
2026-01-13T18:22:53: }
2026-01-13T18:22:53: #st-2.st-hidden:hover .st-toggle {
2026-01-13T18:22:53:   right: 48px;
2026-01-13T18:22:53: }
2026-01-13T18:22:53: #st-2.st-toggleable:hover .st-btn.st-last {
2026-01-13T18:22:53:   border-bottom-left-radius: 0;
2026-01-13T18:22:53: }
2026-01-13T18:22:53: #st-2.st-toggleable:hover .st-btn.st-last:hover {
2026-01-13T18:22:53:   border-bottom-left-radius: 4px;
2026-01-13T18:22:53: }
2026-01-13T18:22:53: #st-2 .st-btn:hover {
2026-01-13T18:22:53:   border-bottom-left-radius: 4px;
2026-01-13T18:22:53:   border-top-left-radius: 4px;
2026-01-13T18:22:53: }
2026-01-13T18:22:53: #st-2.st-has-labels .st-btn:hover {
2026-01-13T18:22:53:   width: 120px;
2026-01-13T18:22:53: }
2026-01-13T18:22:53: #st-2:not(.st-has-labels) .st-btn:hover {
2026-01-13T18:22:53:   width: 62px;
2026-01-13T18:22:53: }
2026-01-13T18:22:53: #st-2 .st-btn.st-hide-label:hover {
2026-01-13T18:22:53:   width: 62px;
2026-01-13T18:22:53: }
2026-01-13T18:22:53: #st-2 .st-btn:hover > svg {
2026-01-13T18:22:53:   margin-left: 5px;
2026-01-13T18:22:53: }
2026-01-13T18:22:53: #st-2 .st-btn:hover > img {
2026-01-13T18:22:53:   margin-left: 5px;
2026-01-13T18:22:53: }
2026-01-13T18:22:53: #st-2 .st-btn:hover > span {
2026-01-13T18:22:53:   opacity: 1;
2026-01-13T18:22:53:   display: inline-block;
2026-01-13T18:22:53:   left: 0;
2026-01-13T18:22:53:   filter: alpha(opacity=100);
2026-01-13T18:22:53: }
2026-01-13T18:22:53: @media (max-width: 1024px) {
2026-01-13T18:22:53:   #st-2 .st-btn:hover > svg {
2026-01-13T18:22:53:     margin-left: 0;
2026-01-13T18:22:53:   }
2026-01-13T18:22:53:   #st-2 .st-btn:hover > span {
2026-01-13T18:22:53:     display: none;
2026-01-13T18:22:53:   }
2026-01-13T18:22:53: }@media (max-width: 1024px) {
2026-01-13T18:22:53:   #st-2 {
2026-01-13T18:22:53:   bottom: 0;
2026-01-13T18:22:53:   display: none;
2026-01-13T18:22:53:   left: 0;
2026-01-13T18:22:53:   right: 0;
2026-01-13T18:22:53:   top: auto;
2026-01-13T18:22:53:   width: 100%;
2026-01-13T18:22:53: }
2026-01-13T18:22:53: #st-2.st-hidden {
2026-01-13T18:22:53:   bottom: -48px;
2026-01-13T18:22:53:   width: 100%;
2026-01-13T18:22:53: }
2026-01-13T18:22:53: #st-2.st-hidden.st-left {
2026-01-13T18:22:53:   left: 0;
2026-01-13T18:22:53: }
2026-01-13T18:22:53: #st-2.st-hidden.st-right {
2026-01-13T18:22:53:   right: 0;
2026-01-13T18:22:53: }
2026-01-13T18:22:53: #st-2 > div {
2026-01-13T18:22:53:   -moz-flex: 1;
2026-01-13T18:22:53:   -ms-flex: 1;
2026-01-13T18:22:53:   -webkit-flex: 1;
2026-01-13T18:22:53:   clear: none;
2026-01-13T18:22:53:   flex: 1;
2026-01-13T18:22:53:   float: none;
2026-01-13T18:22:53: }
2026-01-13T18:22:53: #st-2 .st-total {
2026-01-13T18:22:53:   background: #fff;
2026-01-13T18:22:53:   padding: 6px 8px;
2026-01-13T18:22:53: }
2026-01-13T18:22:53: #st-2 .st-btn {
2026-01-13T18:22:53:   -moz-border-radius: 0 !important;
2026-01-13T18:22:53: -webkit-border-radius: 0 !important;
2026-01-13T18:22:53: border-radius: 0 !important;
2026-01-13T18:22:53:   text-align: center;
2026-01-13T18:22:53:   width: auto;
2026-01-13T18:22:53: }
2026-01-13T18:22:53: #st-2 .st-btn > span {
2026-01-13T18:22:53:   display: none;
2026-01-13T18:22:53: }
2026-01-13T18:22:53: #st-2 .st-toggle {
2026-01-13T18:22:53:   display: none;
2026-01-13T18:22:53: }
2026-01-13T18:22:53: }#st-2 .st-btn[data-network='facebook'] {
2026-01-13T18:22:53:   background-color: #4267B2
2026-01-13T18:22:53: }
2026-01-13T18:22:53: #st-2 .st-btn[data-network='facebook'] img {
2026-01-13T18:22:53:   filter: 
2026-01-13T18:22:53: }
2026-01-13T18:22:53: #st-2 .st-btn[data-network='facebook'] > span {
2026-01-13T18:22:53:   color: #fff
2026-01-13T18:22:53: }
2026-01-13T18:22:53: #st-2 .st-btn[data-network='twitter'] {
2026-01-13T18:22:53:   background-color: #000000
2026-01-13T18:22:53: }
2026-01-13T18:22:53: #st-2 .st-btn[data-network='twitter'] img {
2026-01-13T18:22:53:   filter: 
2026-01-13T18:22:53: }
2026-01-13T18:22:53: #st-2 .st-btn[data-network='twitter'] > span {
2026-01-13T18:22:53:   color: #fff
2026-01-13T18:22:53: }
2026-01-13T18:22:53: #st-2 .st-btn[data-network='whatsapp'] {
2026-01-13T18:22:53:   background-color: #25d366
2026-01-13T18:22:53: }
2026-01-13T18:22:53: #st-2 .st-btn[data-network='whatsapp'] img {
2026-01-13T18:22:53:   filter: 
2026-01-13T18:22:53: }
2026-01-13T18:22:53: #st-2 .st-btn[data-network='whatsapp'] > span {
2026-01-13T18:22:53:   color: #fff
2026-01-13T18:22:53: }
2026-01-13T18:22:53: #st-2 .st-btn[data-network='email'] {
2026-01-13T18:22:53:   background-color: #7d7d7d
2026-01-13T18:22:53: }
2026-01-13T18:22:53: #st-2 .st-btn[data-network='email'] img {
2026-01-13T18:22:53:   filter: 
2026-01-13T18:22:53: }
2026-01-13T18:22:53: #st-2 .st-btn[data-network='email'] > span {
2026-01-13T18:22:53:   color: #fff
2026-01-13T18:22:53: }
2026-01-13T18:22:53: #st-2 .st-btn[data-network='sharethis'] {
2026-01-13T18:22:53:   background-color: #95D03A
2026-01-13T18:22:53: }
2026-01-13T18:22:53: #st-2 .st-btn[data-network='sharethis'] img {
2026-01-13T18:22:53:   filter: 
2026-01-13T18:22:53: }
2026-01-13T18:22:53: #st-2 .st-btn[data-network='sharethis'] > span {
2026-01-13T18:22:53:   color: #fff
2026-01-13T18:22:53: }#st-2 .st-btn[data-network='snapchat'] > span {
2026-01-13T18:22:53:   color: #333};
2026-01-13T18:22:53: }#st-2 .st-btn[data-network='copy']:hover {
2026-01-13T18:22:53:   width: max-content;
2026-01-13T18:22:53: }
2026-01-13T18:22:53: scraper > isProbablyReaderable: true
2026-01-13T18:22:53: scraper > Readability parse OK. content length: 2266
2026-01-13T18:22:53: scraper > Lines from Readability: 112
2026-01-13T18:22:53: 
2026-01-13T18:22:53: ──────── FALLBACK #1 (DENSE BLOCK) ────────
2026-01-13T18:22:53: 
2026-01-13T18:22:53: ──────── FALLBACK #2 (SITE-AWARE) ────────
2026-01-13T18:22:53: 
2026-01-13T18:22:53: ──────── RESULT ────────
2026-01-13T18:22:53: scraper > Used Readability: true Useful: true
2026-01-13T18:22:53: scraper > Final URL: https://songsofpraise.in/song.php?title=tu-mera-bal
2026-01-13T18:22:53: scraper > Total lines: 112
2026-01-13T18:22:53: scraper > Preview: Eb                  Fm |  | Tu mera bal hain prabhu |  | Ab                  Eb |  | Tu mera bal hain prabhu |  | Fm |  | Tu mera bal hain prabhu |  | Ab      Bb          Eb |  | Tu sarv bal hain prabhu |  | Eb |  | Uthathi lehron mein |  | Ab |  | Doobthi naiyya mein |  | Bb                 Eb |  |…
2026-01-13T18:22:53: scraper > Browser context closed.
2026-01-13T19:36:30: Browser will restart every 24 hours
2026-01-13T19:36:31: API up 3001
2026-01-13T19:36:31: Browser started successfully
2026-01-13T19:50:48: Browser will restart every 24 hours
2026-01-13T19:50:48: API up 3001
2026-01-13T19:50:48: Browser started successfully
2026-01-13T19:51:03: 
2026-01-13T19:51:03: ──────── REQUEST ────────
2026-01-13T19:51:03: scraper > songName: test
2026-01-13T19:51:03: scraper > linkIndex (raw): 0
2026-01-13T19:51:03: 
2026-01-13T19:51:03: ──────── GOOGLE SEARCH ────────
2026-01-13T19:51:03: scraper > Searching Google for: test
2026-01-13T19:51:03: scraper > Using API Key: AIza****3tvo
2026-01-13T19:51:03: scraper > Final query sent: "test lyrics and chords"
2026-01-13T19:51:03: scraper > Using GOOGLE_NOBILLING_API_KEY_2: AIza****sgEQ
2026-01-13T19:51:03: scraper > Using SEARCHENGINE_ID_2: 055c81ad25228427a
2026-01-13T19:51:03: scraper > Google returned 8 results
2026-01-13T19:51:03: scraper > [0] ALABAMA HIGH-TEST CHORDS by Old Crow Medicine Show ... :: https://tabs.ultimate-guitar.com/tab/old-crow-medicine-show/alabama-high-test-chords-777501
2026-01-13T19:51:03: scraper > [1] Online Guitar Tuner — Tune Fast, No Sign Up Required! :: https://guitartuna.com/online-guitar-tuner
2026-01-13T19:51:03: scraper > [2] ITS ONLY A TEST CHORDS by Bishop Larry D. Trotter @ Ultimate ... :: https://tabs.ultimate-guitar.com/tab/bishop-larry-d-trotter/its-only-a-test-chords-5201175
2026-01-13T19:51:03: scraper > [3] Fight Test - Guitar Chords/Lyrics | zZounds :: https://www.zzounds.com/item--HLS151200
2026-01-13T19:51:03: scraper > [4] Superman's Song Crash Test Dummies Chords and Lyrics for Guitar :: https://www.chordie.com/chord.pere/www.guitaretab.com/c/crash-test-dummies/4298.html
2026-01-13T19:51:03: scraper > [5] Rest On Us - UPPERROOM Lyrics and Chords | Worship Together :: https://www.worshiptogether.com/songs/rest-on-us-upperroom/
2026-01-13T19:51:03: scraper > [6] Alabama High-Test Old Crow Medicine Show Chords and Lyrics for ... :: https://www.chordie.com/chord.pere/www.allcountrytabs.com/tabs/old-crow-medicine-show/alabama-high-test-17367.html
2026-01-13T19:51:03: scraper > [7] Songwriter Personality Test — Brave Worship :: https://www.braveworship.com/blog/songwriter-personality-test
2026-01-13T19:51:03: scraper > Sorted by (lyrics/chords) score.
2026-01-13T19:51:03: scraper > Chosen URL: https://www.zzounds.com/item--HLS151200
2026-01-13T19:51:03: scraper > Chosen Title: Fight Test - Guitar Chords/Lyrics | zZounds
2026-01-13T19:51:03: 
2026-01-13T19:51:03: ──────── NAVIGATE ────────
2026-01-13T19:51:04: scraper > page.goto done. Final URL: https://www.zzounds.com/item--HLS151200
2026-01-13T19:51:04: scraper > HTTP status: 200
2026-01-13T19:51:16: scraper > networkidle wait skipped/timeout
2026-01-13T19:51:16: scraper > Page title: Fight Test - Guitar Chords/Lyrics | zZounds
2026-01-13T19:51:16: scraper > HTML length: 248648
2026-01-13T19:51:16: 
2026-01-13T19:51:16: ──────── READABILITY ────────
2026-01-13T19:51:17: scraper > isProbablyReaderable: false
2026-01-13T19:51:17: scraper > Readability parse OK. content length: 3907
2026-01-13T19:51:17: scraper > Lines from Readability: 37
2026-01-13T19:51:17: 
2026-01-13T19:51:17: ──────── FALLBACK #1 (DENSE BLOCK) ────────
2026-01-13T19:51:17: 
2026-01-13T19:51:17: ──────── FALLBACK #2 (SITE-AWARE) ────────
2026-01-13T19:51:17: 
2026-01-13T19:51:17: ──────── RESULT ────────
2026-01-13T19:51:17: scraper > Used Readability: true Useful: true
2026-01-13T19:51:17: scraper > Final URL: https://www.zzounds.com/item--HLS151200
2026-01-13T19:51:17: scraper > Total lines: 37
2026-01-13T19:51:17: scraper > Preview: This is a carousel with one large image and a track of thumbnails on the left side. Select any of the
2026-01-13T19:51:17:             thumbnail buttons to change the main image. You may also use the left and right arrow keys to navigate
2026-01-13T19:51:17:             between images. |  | zZounds Gear Experts Say... |  | Downloadable Shee…
2026-01-13T19:51:17: scraper > Browser context closed.
